,Source,ObjectID,Title,Year,Medium,Artist,ArtistOrder,ConstituentID,Nationality,Gender,BeginDate,EndDate,Wiki QID,ULAN,MaterialOrder
0,MoMA,1091,Prisma Tumblers,1967.0,Glass,Kaj Franck,8,1968,Finnish,male,1911,1989,Q909809,500103402.0,1
1,MoMA,1184,Tea Strainer,1955.0,Metal,Bertel Gardberg,10,7381,Finnish,male,1916,2007,,,5
2,MoMA,1185,Triennale Flatware,1957.0,Metal,Bertel Gardberg,10,7381,Finnish,male,1916,2007,,,5
3,MoMA,1572,Kilta Storage Container,1948.0,Ceramics,Kaj Franck,8,1968,Finnish,male,1911,1989,Q909809,500103402.0,2
4,MoMA,1583,Kilta Storage Container,1948.0,Ceramics,Kaj Franck,8,1968,Finnish,male,1911,1989,Q909809,500103402.0,2
5,MoMA,1594,Pitcher 1621-100cl,1953.0,Glass,Kaj Franck,8,1968,Finnish,male,1911,1989,Q909809,500103402.0,1
6,MoMA,1673,Block Lamp,1996.0,Glass,Harri Koskinen,18,8417,Finnish,male,1970,0,,,1
7,MoMA,1866,Dish,1930.0,Glass,Alvar Aalto,2,34,Finnish,male,1898,1976,Q82840,500002617.0,1
8,MoMA,1881,Stacking Stools (model 60),1932.0,Wood,Alvar Aalto,2,34,Finnish,male,1898,1976,Q82840,500002617.0,4
9,MoMA,1882,Stacking Stools (model 60),1932.0,Wood,Alvar Aalto,2,34,Finnish,male,1898,1976,Q82840,500002617.0,4
10,MoMA,1883,Stacking Stools (model 60),1932.0,Wood,Alvar Aalto,2,34,Finnish,male,1898,1976,Q82840,500002617.0,4
11,MoMA,1980,Casserole,1959.0,Metal,Timo Sarpaneva,29,5168,Finnish,male,1926,2006,Q2703990,500102782.0,5
12,MoMA,2047,Fish,1969.0,Other,Dora Jung,16,2953,Finnish,female,1906,1980,Q11856286,,6
13,MoMA,2150,Bowl,1930.0,Glass,Göran Hongell,13,2720,Finnish,male,1902,1973,,,1
14,MoMA,2191,Woodnotes Textile,1987.0,Paper,Ritva Puotila,26,7510,Finnish,female,1935,0,,,3
15,MoMA,2200,Pitcher,1954.0,Glass,Kaj Franck,8,1968,Finnish,male,1911,1989,Q909809,500103402.0,1
16,MoMA,2205,Tumblers,1954.0,Glass,Kaj Franck,8,1968,Finnish,male,1911,1989,Q909809,500103402.0,1
17,MoMA,2243,Vase,1955.0,Glass,Kaj Franck,8,1968,Finnish,male,1911,1989,Q909809,500103402.0,1
18,MoMA,2256,Jäkälä Vase,1950.0,Glass,Tapio Wirkkala,35,6409,Finnish,male,1915,1985,Q550411,500097462.0,1
19,MoMA,2369,Sauna Stool,1952.0,Wood,Antti Nurmesniemi,23,6613,Finnish,male,1927,2003,Q4777425,500003545.0,4
20,MoMA,2478,Stools (model Y61),1946.0,Wood,Alvar Aalto,2,34,Finnish,male,1898,1976,Q82840,500002617.0,4
21,MoMA,2490,Gyro Chair,1968.0,Glass,Eero Aarnio,3,36,Finnish,male,1932,0,Q707025,500270610.0,1
22,MoMA,2540,Kilta Tableware,1948.0,Ceramics,Kaj Franck,8,1968,Finnish,male,1911,1989,Q909809,500103402.0,2
23,MoMA,2541,Kilta Tableware,1948.0,Ceramics,Kaj Franck,8,1968,Finnish,male,1911,1989,Q909809,500103402.0,2
24,MoMA,2542,Kilta Tableware,1948.0,Ceramics,Kaj Franck,8,1968,Finnish,male,1911,1989,Q909809,500103402.0,2
25,MoMA,2543,Kilta Tableware,1948.0,Ceramics,Kaj Franck,8,1968,Finnish,male,1911,1989,Q909809,500103402.0,2
26,MoMA,2544,Kilta Tableware,1948.0,Ceramics,Kaj Franck,8,1968,Finnish,male,1911,1989,Q909809,500103402.0,2
27,MoMA,2549,Convertible Sofa,1930.0,Metal,Alvar Aalto,2,34,Finnish,male,1898,1976,Q82840,500002617.0,5
28,MoMA,2553,Stacking Stool (model 60),1932.0,Wood,Alvar Aalto,2,34,Finnish,male,1898,1976,Q82840,500002617.0,4
29,MoMA,2556,Stool (model X600),1954.0,Wood,Alvar Aalto,2,34,Finnish,male,1898,1976,Q82840,500002617.0,4
30,MoMA,2729,Tea Trolley (model 98),1936.0,Wood,Alvar Aalto,2,34,Finnish,male,1898,1976,Q82840,500002617.0,4
31,MoMA,2747,Dinner Plates,1954.0,Ceramics,Friedl Holzer-Kjellberg,12,2715,Finnish,male,1905,1993,,,2
32,MoMA,2827,Pitcher,1954.0,Glass,Kaj Franck,8,1968,Finnish,male,1911,1989,Q909809,500103402.0,1
33,MoMA,2837,Tumblers,1953.0,Glass,Kaj Franck,8,1968,Finnish,male,1911,1989,Q909809,500103402.0,1
34,MoMA,2843,Munankuori Bowl (model 3303),1947.0,Glass,Gunnel Nyman,24,4352,Finnish,male,1909,1948,Q4970605,500279544.0,1
35,MoMA,2883,Aarne Glasses,1948.0,Glass,Göran Hongell,13,2720,Finnish,male,1902,1973,,,1
36,MoMA,2893,Triennale Cocktail Glass,1956.0,Glass,Timo Sarpaneva,29,5168,Finnish,male,1926,2006,Q2703990,500102782.0,1
37,MoMA,2926,Kilta Creamer,1953.0,Ceramics,Kaj Franck,8,1968,Finnish,male,1911,1989,Q909809,500103402.0,2
38,MoMA,2936,Kilta Egg Cups,1953.0,Ceramics,Kaj Franck,8,1968,Finnish,male,1911,1989,Q909809,500103402.0,2
39,MoMA,2952,Carafe,1978.0,Glass,Olli Aninbaum,4,5796,Finnish,male,1945,2019,,,1
40,MoMA,2986,Platter,1951.0,Wood,Tapio Wirkkala,35,6409,Finnish,male,1915,1985,Q550411,500097462.0,4
41,MoMA,2990,Salt and Pepper Shakers,1947.0,Ceramics,Kaj Franck,8,1968,Finnish,male,1911,1989,Q909809,500103402.0,2
42,MoMA,2996,Bowl,1957.0,Wood,Tapio Wirkkala,35,6409,Finnish,male,1915,1985,Q550411,500097462.0,4
43,MoMA,3011,Bowl,1957.0,Wood,Tapio Wirkkala,35,6409,Finnish,male,1915,1985,Q550411,500097462.0,4
44,MoMA,3058,Vase,1956.0,Ceramics,Tapio Wirkkala,35,6409,Finnish,male,1915,1985,Q550411,500097462.0,2
45,MoMA,3065,Bowl,1950.0,Glass,Tapio Wirkkala,35,6409,Finnish,male,1915,1985,Q550411,500097462.0,1
46,MoMA,3069,Platter,1956.0,Glass,Timo Sarpaneva,29,5168,Finnish,male,1926,2006,Q2703990,500102782.0,1
47,MoMA,3095,Incandescent Bulb (model 85),1959.0,Glass,Tapio Wirkkala,35,6409,Finnish,male,1915,1985,Q550411,500097462.0,1
48,MoMA,3098,Container,1954.0,Glass,Saara Hopea,14,2724,Finnish,female,1925,1984,,,1
49,MoMA,3100,Incandescent Bulb (model WIR105),1959.0,Glass,Tapio Wirkkala,35,6409,Finnish,male,1915,1985,Q550411,500097462.0,1
50,MoMA,3116,Platter,1949.0,Glass,Nanny Still,31,5666,Finnish,female,1926,2009,,,1
51,MoMA,3120,Tumblers,1953.0,Glass,Kaj Franck,8,1968,Finnish,male,1911,1989,Q909809,500103402.0,1
53,MoMA,3122,Platter,1950.0,Wood,Nanny Still,31,5666,Finnish,female,1926,2009,,,4
54,MoMA,3166,Vase,1957.0,Glass,Kaj Franck,8,1968,Finnish,male,1911,1989,Q909809,500103402.0,1
55,MoMA,3168,Stacking Armchair,1929.0,Wood,Alvar Aalto,2,34,Finnish,male,1898,1976,Q82840,500002617.0,4
56,MoMA,3169,Carafe,1956.0,Glass,Timo Sarpaneva,29,5168,Finnish,male,1926,2006,Q2703990,500102782.0,1
57,MoMA,3171,Cantilevered Stacking Side Chair,1930.0,Wood,Alvar Aalto,2,34,Finnish,male,1898,1976,Q82840,500002617.0,4
58,MoMA,3173,Side Chair,1932.0,Wood,Alvar Aalto,2,34,Finnish,male,1898,1976,Q82840,500002617.0,4
59,MoMA,3175,Cantilevered Armchair (model 406),1970.0,Wood,Alvar Aalto,2,34,Finnish,male,1898,1976,Q82840,500002617.0,4
60,MoMA,3190,Tumblers and Schnapps Glass,1951.0,Glass,Saara Hopea,14,2724,Finnish,female,1925,1984,,,1
61,MoMA,3250,Scissors,1967.0,Metal,Olof Backstrom,7,271,Finnish,male,1922,1998,,,5
62,MoMA,3332,Vase (model 3580),1955.0,Glass,Tapio Wirkkala,35,6409,Finnish,male,1915,1985,Q550411,500097462.0,1
63,MoMA,3349,Puukko Knife and Sheath,1961.0,Metal,Tapio Wirkkala,35,6409,Finnish,male,1915,1985,Q550411,500097462.0,5
64,MoMA,3451,Platter,1987.0,Wood,Kari Virtanen,34,7242,Finnish,male,1948,0,,,4
65,MoMA,3551,Vase,1963.0,Ceramics,Tapio Wirkkala,35,6409,Finnish,male,1915,1985,Q550411,500097462.0,2
67,MoMA,3573,Tumbler,1932.0,Glass,Aino Aalto,1,35,Finnish,female,1894,1949,Q273511,500024110.0,1
68,MoMA,3577,Armchair (model 400) (Cantilevered armchair),1936.0,Wood,Alvar Aalto,2,34,Finnish,male,1898,1976,Q82840,500002617.0,4
69,MoMA,3608,Tumblers (model 2064),1956.0,Glass,Tapio Wirkkala,35,6409,Finnish,male,1915,1985,Q550411,500097462.0,1
70,MoMA,3651,Pitcher,1951.0,Glass,Saara Hopea,14,2724,Finnish,female,1925,1984,,,1
71,MoMA,3737,Fruit Bowl,1950.0,Glass,Kaj Franck,8,1968,Finnish,male,1911,1989,Q909809,500103402.0,1
72,MoMA,3806,Stacking Glasses,1951.0,Glass,Saara Hopea,14,2724,Finnish,female,1925,1984,,,1
73,MoMA,3918,Bowl,1951.0,Glass,Tapio Wirkkala,35,6409,Finnish,male,1915,1985,Q550411,500097462.0,1
74,MoMA,3935,Plate,1960.0,Glass,Timo Sarpaneva,29,5168,Finnish,male,1926,2006,Q2703990,500102782.0,1
75,MoMA,4087,Stool (no. V63),1946.0,Wood,Alvar Aalto,2,34,Finnish,male,1898,1976,Q82840,500002617.0,4
76,MoMA,4155,Otso Drinking Glasses,1978.0,Glass,Valto Kokko,17,3196,Finnish,male,1933,2017,,,1
77,MoMA,4202,Kilta Covered Containers,1948.0,Ceramics,Kaj Franck,8,1968,Finnish,male,1911,1989,Q909809,500103402.0,2
78,MoMA,4218,Dish,1946.0,Glass,Kaj Franck,8,1968,Finnish,male,1911,1989,Q909809,500103402.0,1
79,MoMA,4220,Hors d'Oeuvre Dish,1957.0,Ceramics,Kaj Franck,8,1968,Finnish,male,1911,1989,Q909809,500103402.0,2
80,MoMA,4222,Marja Cocktail Glass,1956.0,Glass,Saara Hopea,14,2724,Finnish,female,1925,1984,,,1
81,MoMA,4227,Devil's Churn Object,1951.0,Glass,Timo Sarpaneva,29,5168,Finnish,male,1926,2006,Q2703990,500102782.0,1
82,MoMA,4228,Ball Glasses,1955.0,Glass,Timo Sarpaneva,29,5168,Finnish,male,1926,2006,Q2703990,500102782.0,1
83,MoMA,4229,Carafe,1957.0,Glass,Timo Sarpaneva,29,5168,Finnish,male,1926,2006,Q2703990,500102782.0,1
84,MoMA,4263,Coffeepots,1957.0,Metal,Antti Nurmesniemi,23,6613,Finnish,male,1927,2003,Q4777425,500003545.0,5
85,MoMA,4352,Ovalis Vase,1958.0,Glass,Tapio Wirkkala,35,6409,Finnish,male,1915,1985,Q550411,500097462.0,1
86,MoMA,4385,Paimio Lounge Chair (model 41),1931.0,Wood,Alvar Aalto,2,34,Finnish,male,1898,1976,Q82840,500002617.0,4
87,MoMA,4387,Savoy Vase,1936.0,Glass,Alvar Aalto,2,34,Finnish,male,1898,1976,Q82840,500002617.0,1
88,MoMA,4396,Candle Holder,1949.0,Glass,Nanny Still,31,5666,Finnish,female,1926,2009,,,1
89,MoMA,4403,Vase (model 2789/24/1517),1963.0,Ceramics,Tapio Wirkkala,35,6409,Finnish,male,1915,1985,Q550411,500097462.0,2
90,MoMA,4406,Side Table,1931.0,Wood,Alvar Aalto,2,34,Finnish,male,1898,1976,Q82840,500002617.0,4
91,MoMA,4407,Armchair,1932.0,Wood,Alvar Aalto,2,34,Finnish,male,1898,1976,Q82840,500002617.0,4
92,MoMA,4408,Tea Trolley (model 98),1936.0,Wood,Alvar Aalto,2,34,Finnish,male,1898,1976,Q82840,500002617.0,4
93,MoMA,4416,Shot Glasses,1953.0,Glass,Kaj Franck,8,1968,Finnish,male,1911,1989,Q909809,500103402.0,1
94,MoMA,4437,Tumbler (model i-103),1956.0,Glass,Timo Sarpaneva,29,5168,Finnish,male,1926,2006,Q2703990,500102782.0,1
95,MoMA,4460,Stacking Armchair (model 403),1931.0,Wood,Alvar Aalto,2,34,Finnish,male,1898,1976,Q82840,500002617.0,4
96,MoMA,4601,Pisaranrengas Glasses,1963.0,Glass,Timo Sarpaneva,29,5168,Finnish,male,1926,2006,Q2703990,500102782.0,1
97,MoMA,4658,Vase,1936.0,Glass,Alvar Aalto,2,34,Finnish,male,1898,1976,Q82840,500002617.0,1
98,MoMA,4663,Tumbler (2746),1954.0,Glass,Kaj Franck,8,1968,Finnish,male,1911,1989,Q909809,500103402.0,1
99,MoMA,4666,Aarne Shot Glasses,1948.0,Glass,Göran Hongell,13,2720,Finnish,male,1902,1973,,,1
100,MoMA,4706,Composition Cutlery,1963.0,Metal,Tapio Wirkkala,35,6409,Finnish,male,1915,1985,Q550411,500097462.0,5
101,MoMA,4726,Bowl,1957.0,Wood,Tapio Wirkkala,35,6409,Finnish,male,1915,1985,Q550411,500097462.0,4
102,MoMA,4754,Stool,1964.0,Metal,Antti Nurmesniemi,23,6613,Finnish,male,1927,2003,Q4777425,500003545.0,5
103,MoMA,5950,Poster for Bil Aktiebolaget (Car Company Inc.),1907.0,Paper,Akseli Gallen-Kallela,9,2059,Finnish,male,1865,1931,Q170068,500015305.0,3
104,MoMA,7348,UNICEF poster,1969.0,Paper,Jukka Veistola,33,6123,Finnish,male,1946,0,,,3
105,MoMA,8834,Karhula-Iitala,1955.0,Paper,Timo Sarpaneva,29,5168,Finnish,male,1926,2006,Q2703990,500102782.0,3
106,MoMA,8881,Finland,1960.0,Paper,Per-Olof Nyström,25,23348,Finnish,male,1925,1996,,,3
108,MoMA,82729,Lansetti I,1952.0,Glass,Timo Sarpaneva,29,5168,Finnish,male,1926,2006,Q2703990,500102782.0,1
109,MoMA,82730,Orchid Bud Vase,1953.0,Glass,Timo Sarpaneva,29,5168,Finnish,male,1926,2006,Q2703990,500102782.0,1
110,MoMA,84130,Vase (3031),1936.0,Glass,Alvar Aalto,2,34,Finnish,male,1898,1976,Q82840,500002617.0,1
111,MoMA,89289,Vase (3031),1936.0,Glass,Alvar Aalto,2,34,Finnish,male,1898,1976,Q82840,500002617.0,1
112,MoMA,91414,Stacking Glasses,1951.0,Glass,Saara Hopea,14,2724,Finnish,female,1925,1984,,,1
113,MoMA,91791,Tumbler,1954.0,Glass,Kaj Franck,8,1968,Finnish,male,1911,1989,Q909809,500103402.0,1
114,MoMA,91792,Tumbler,1954.0,Glass,Kaj Franck,8,1968,Finnish,male,1911,1989,Q909809,500103402.0,1
115,MoMA,91793,Tumbler,1954.0,Glass,Kaj Franck,8,1968,Finnish,male,1911,1989,Q909809,500103402.0,1
116,MoMA,91794,Tumbler,1954.0,Glass,Kaj Franck,8,1968,Finnish,male,1911,1989,Q909809,500103402.0,1
117,MoMA,91795,Tumbler,1954.0,Glass,Kaj Franck,8,1968,Finnish,male,1911,1989,Q909809,500103402.0,1
118,MoMA,91796,Tumbler,1954.0,Glass,Kaj Franck,8,1968,Finnish,male,1911,1989,Q909809,500103402.0,1
119,MoMA,93103,Stacking Stools (model 60),1932.0,Wood,Alvar Aalto,2,34,Finnish,male,1898,1976,Q82840,500002617.0,4
120,MoMA,99011,"""Lehti"" Tray",2001.0,Metal,Maria Jauhiainen,15,29260,Finnish,female,1971,0,,,5
121,MoMA,100389,Side Chair,1930.0,Wood,Alvar Aalto,2,34,Finnish,male,1898,1976,Q82840,500002617.0,4
122,MoMA,105847,Stacking Glasses,1951.0,Glass,Saara Hopea,14,2724,Finnish,female,1925,1984,,,1
123,MoMA,105848,Stacking Glasses,1951.0,Glass,Saara Hopea,14,2724,Finnish,female,1925,1984,,,1
124,MoMA,105849,Stacking Glasses,1951.0,Glass,Saara Hopea,14,2724,Finnish,female,1925,1984,,,1
126,MoMA,196072,Snake,1997.0,Other,Taneli Armanto,5,134524,Finnish,male,0,0,,,6
127,MoMA,289373,Untitled,1911.0,Paper,Eliel Saarinen,27,64766,Finnish,male,1873,1950,,,3
129,MoMA,396736,Tracing\Piece 2,2015.0,Ceramics,Caroline Slotte,30,131528,Finnish,female,1975,0,,,2
130,MoMA,396737,Damaged Goods\Piece 1,2009.0,Ceramics,Caroline Slotte,30,131528,Finnish,female,1975,0,,,2
132,MoMA,396739,Under Blue Skies,2015.0,Ceramics,Caroline Slotte,30,131528,Finnish,female,1975,0,,,2
133,Finna,lappeenrannanmuseot.0188C337-B8BA-4027-B85E-AE78D062092A,Stand; Wall rack,1930.0,Wood,Alvar Aalto,2,34,Finnish,male,1898,1976,Q82840,500002617.0,4
134,Finna,lappeenrannanmuseot.3db2044e-1b19-4514-903d-5d834aad43c4,Chair,1930.0,Wood,Alvar Aalto,2,34,Finnish,male,1898,1976,Q82840,500002617.0,4
135,Finna,lappeenrannanmuseot.48FD4DBA-A6F7-4184-AB74-77C387824866,A small chair with a backrest,1930.0,Wood,Alvar Aalto,2,34,Finnish,male,1898,1976,Q82840,500002617.0,4
136,Finna,lappeenrannanmuseot.6219dd3c-87f5-470e-bd59-046e0cb60579,Chair,1930.0,Wood,Alvar Aalto,2,34,Finnish,male,1898,1976,Q82840,500002617.0,4
137,Finna,lappeenrannanmuseot.67B47DF2-AA24-4415-A480-309EC184921F,Stand; Wall rack,1930.0,Other,Alvar Aalto,2,34,Finnish,male,1898,1976,Q82840,500002617.0,6
139,Finna,museovirasto.DF5293E56DBC4B60C6F947A3D2CB9CEA,Armchair,1930.0,Wood,Alvar Aalto,2,34,Finnish,male,1898,1976,Q82840,500002617.0,4
140,Finna,husmuseo.hus-4142,Chair; Artek 69,1935.0,Wood,Alvar Aalto,2,34,Finnish,male,1898,1976,Q82840,500002617.0,4
141,Finna,kymenlaaksonmuseot.KarhE926:1,Cup; 9745,1935.0,Glass,Alvar Aalto,2,34,Finnish,male,1898,1976,Q82840,500002617.0,1
142,Finna,kymenlaaksonmuseot.KarhE928:3,Vase; 9750; Savoy vase,1935.0,Glass,Alvar Aalto,2,34,Finnish,male,1898,1976,Q82840,500002617.0,1
143,Finna,kymenlaaksonmuseot.KarhE928:5,Vase; Savoy vase; 9750,1935.0,Glass,Alvar Aalto,2,34,Finnish,male,1898,1976,Q82840,500002617.0,1
144,Finna,kymenlaaksonmuseot.KarhE923:2,Cup; 9747,1936.0,Ceramics,Alvar Aalto,2,34,Finnish,male,1898,1976,Q82840,500002617.0,2
145,Finna,kymenlaaksonmuseot.KarhE923:4,Cup; 9747,1936.0,Other,Alvar Aalto,2,34,Finnish,male,1898,1976,Q82840,500002617.0,6
146,Finna,kymenlaaksonmuseot.KarhE923:6,Cup; 9747,1936.0,Glass,Alvar Aalto,2,34,Finnish,male,1898,1976,Q82840,500002617.0,1
147,Finna,kymenlaaksonmuseot.KarhE924:1,Cup; 9746,1936.0,Glass,Alvar Aalto,2,34,Finnish,male,1898,1976,Q82840,500002617.0,1
148,Finna,kymenlaaksonmuseot.KarhE925:2,Cup; 9748,1936.0,Other,Alvar Aalto,2,34,Finnish,male,1898,1976,Q82840,500002617.0,6
149,Finna,kymenlaaksonmuseot.KarhE925:3,Cup; 9748,1936.0,Glass,Alvar Aalto,2,34,Finnish,male,1898,1976,Q82840,500002617.0,1
150,Finna,kymenlaaksonmuseot.KarhE927:1,Vase; Savoy vase,1936.0,Other,Alvar Aalto,2,34,Finnish,male,1898,1976,Q82840,500002617.0,6
151,Finna,kymenlaaksonmuseot.YLEE2019002:1,Door; The front door of the apartment,1936.0,Wood,Alvar Aalto,2,34,Finnish,male,1898,1976,Q82840,500002617.0,4
152,Finna,kymenlaaksonmuseot.KarhE924:2,Cup; 9746,1937.0,Glass,Alvar Aalto,2,34,Finnish,male,1898,1976,Q82840,500002617.0,1
153,Finna,kymenlaaksonmuseot.KarhE930:1,Vase; 9744; Savoy,1937.0,Glass,Alvar Aalto,2,34,Finnish,male,1898,1976,Q82840,500002617.0,1
154,Finna,kymenlaaksonmuseot.KarhE936:1,Plate; 9770,1939.0,Glass,Alvar Aalto,2,34,Finnish,male,1898,1976,Q82840,500002617.0,1
155,Finna,postimuseo.62bc3a94-d938-4242-b6e5-f0c378011a87,Sorting shelf and table,1939.0,Wood,Alvar Aalto,2,34,Finnish,male,1898,1976,Q82840,500002617.0,4
156,Finna,postimuseo.e197978e-b983-4b88-b3fc-39066e1ca3bb,Table; Desk,1939.0,Wood,Alvar Aalto,2,34,Finnish,male,1898,1976,Q82840,500002617.0,4
157,Finna,postimuseo.f621e056-29a9-4a01-a202-8feca7d013f5,Chair; Stool,1939.0,Wood,Alvar Aalto,2,34,Finnish,male,1898,1976,Q82840,500002617.0,4
158,Finna,hkm.5BFD3803-F9A7-46E7-84C4-08A3AA80F055,Chair; Small chair; Chair 69,1942.0,Wood,Alvar Aalto,2,34,Finnish,male,1898,1976,Q82840,500002617.0,4
160,Finna,hkm.CD00DA53-0A9D-468B-AEA3-8A061A8DE2D5,Chair; Armchair; Armchair no 45,1947.0,Other,Alvar Aalto,2,34,Finnish,male,1898,1976,Q82840,500002617.0,6
161,Finna,lappeenrannanmuseot.819A287A-F8AB-413A-81B2-E77876396363,"Wall drawer shelf; Artek wall drawer 114b, 2 pcs",1947.0,Wood,Alvar Aalto,2,34,Finnish,male,1898,1976,Q82840,500002617.0,4
162,Finna,heinolanmuseo.hkm-92816,Chair; Artek 65,1950.0,Ceramics,Alvar Aalto,2,34,Finnish,male,1898,1976,Q82840,500002617.0,2
163,Finna,hkm.19BC1608-70F9-4078-8F2E-D22DA1FAB8D9,Table; 81 b,1950.0,Other,Alvar Aalto,2,34,Finnish,male,1898,1976,Q82840,500002617.0,6
164,Finna,hkm.8E7173B9-8DC2-4561-85BE-A53915633CA7,Table; Coffee table; Table 90a,1950.0,Wood,Alvar Aalto,2,34,Finnish,male,1898,1976,Q82840,500002617.0,4
165,Finna,husmuseo.hus-3654,Armchair; Artek 403; Polyclinic waiting room chair,1950.0,Wood,Alvar Aalto,2,34,Finnish,male,1898,1976,Q82840,500002617.0,4
166,Finna,hkm.5FB7ABD5-2FD7-48BD-BC2A-4EB962CEEEF5,Table; Small table; Table 90,1953.0,Wood,Alvar Aalto,2,34,Finnish,male,1898,1976,Q82840,500002617.0,4
167,Finna,hkm.CB8889C3-F23A-4701-A9A0-84AC2793075C,Lamp; Ceiling lamp; A622,1953.0,Ceramics,Alvar Aalto,2,34,Finnish,male,1898,1976,Q82840,500002617.0,2
168,Finna,kymenlaaksonmuseot.KarhE928:1,Vase; 3030-140; Savoy vase,1954.0,Ceramics,Alvar Aalto,2,34,Finnish,male,1898,1976,Q82840,500002617.0,2
169,Finna,kymenlaaksonmuseot.KarhE928:2,Vase; Savoy vase; 3030-140,1955.0,Glass,Alvar Aalto,2,34,Finnish,male,1898,1976,Q82840,500002617.0,1
170,Finna,hkm.16A6E80A-ACF7-4C11-A33E-22ACF69395F4,Lamp; Ceiling lamp; Gold watch; A330s,1956.0,Ceramics,Alvar Aalto,2,34,Finnish,male,1898,1976,Q82840,500002617.0,2
171,Finna,ekm.173342566813300,Chair; Armchair artek 401,1960.0,Other,Alvar Aalto,2,34,Finnish,male,1898,1976,Q82840,500002617.0,6
172,Finna,hkm.14F538D2-F6A2-442C-AC78-1205D25451E7,Table; Dining table; Fan foot; X800,1970.0,Wood,Alvar Aalto,2,34,Finnish,male,1898,1976,Q82840,500002617.0,4
173,Finna,hkm.BB836BA7-0524-4CAE-A231-CB9795E0BC24,Table; Coffee table; Fan foot; X700,1970.0,Wood,Alvar Aalto,2,34,Finnish,male,1898,1976,Q82840,500002617.0,4
174,Finna,hkm.DBB765B0-0408-4554-A5EB-4408EA4F9F3C,Stool; X600,1970.0,Wood,Alvar Aalto,2,34,Finnish,male,1898,1976,Q82840,500002617.0,4
175,Finna,forssanmuseo.pju-107480,Hanging sample; Laura,1987.0,Paper,Alvar Aalto,2,34,Finnish,male,1898,1976,Q82840,500002617.0,3
176,Finna,kymenlaaksonmuseot.KarhE928:4,Vase; Savoy vase; 3030-140,1990.0,Glass,Alvar Aalto,2,34,Finnish,male,1898,1976,Q82840,500002617.0,1
177,Finna,lusto.knp-15182,"Aalto vase; Aalto vase in sales packaging, store enso business gift; Wave, fiery red, 95 mm",1990.0,Other,Alvar Aalto,2,34,Finnish,male,1898,1976,Q82840,500002617.0,6
178,Finna,heinolanmuseo.hkm-100198,"Vase; Corrugated vase; Savoy, 3030-160 mm; Commonly used name",1936.0,Glass,Alvar Aalto,2,34,Finnish,male,1898,1976,Q82840,500002617.0,1
179,Finna,hkm.19CC56FF-15FE-46FC-BC75-B8377D1E6DFB,Chair; Chair 65,1936.0,Ceramics,Alvar Aalto,2,34,Finnish,male,1898,1976,Q82840,500002617.0,2
180,Finna,hkm.6986FA79-F04A-488B-BE9F-F3F15C7D7051,Chair; Chair 65,1936.0,Ceramics,Alvar Aalto,2,34,Finnish,male,1898,1976,Q82840,500002617.0,2
181,Finna,kymenlaaksonmuseot.KarhE935:1,Plate; 9752,1936.0,Glass,Alvar Aalto,2,34,Finnish,male,1898,1976,Q82840,500002617.0,1
182,Finna,lastentarhamuseo.ltm-823,Children's chair; N65,1936.0,Wood,Alvar Aalto,2,34,Finnish,male,1898,1976,Q82840,500002617.0,4
183,Finna,loviisakm.3e44c22e-4f96-433b-94fc-74f56abad0ac,Plastic cocktail tray,1936.0,Ceramics,Alvar Aalto,2,34,Finnish,male,1898,1976,Q82840,500002617.0,2
184,Finna,postimuseo.270FC0A3-9AE2-4E91-A502-F9F7B2ADC939,Stamp; Stamp sheet; Technical college 100 years,1936.0,Paper,Alvar Aalto,2,34,Finnish,male,1898,1976,Q82840,500002617.0,3
185,Finna,varkaudenmuseot.pju-72711,"Lamp; Foot lamp, floor lamp",1936.0,Wood,Alvar Aalto,2,34,Finnish,male,1898,1976,Q82840,500002617.0,4
186,Finna,alvaraalto.aam-118612,Children's table,1929.0,Other,Aino Aalto,1,35,Finnish,female,1894,1949,Q273511,500024110.0,6
187,Finna,alvaraalto.aam-118613,Children's table,1929.0,Other,Aino Aalto,1,35,Finnish,female,1894,1949,Q273511,500024110.0,6
188,Finna,alvaraalto.aam-118614,"Toy shelf, children's room cabinet, toy cabinet shelf",1929.0,Other,Aino Aalto,1,35,Finnish,female,1894,1949,Q273511,500024110.0,6
189,Finna,alvaraalto.aam-118615,Toy shelf,1929.0,Other,Aino Aalto,1,35,Finnish,female,1894,1949,Q273511,500024110.0,6
190,Finna,alvaraalto.aam-118617,Toy cabinet,1929.0,Other,Aino Aalto,1,35,Finnish,female,1894,1949,Q273511,500024110.0,6
191,Finna,hkm.B2881B8A-EAF4-4A7D-B0A1-B60EEEEA4597,Jug,1930.0,Glass,Aino Aalto,1,35,Finnish,female,1894,1949,Q273511,500024110.0,1
192,Finna,leikki.167905394978400,Drinking glass; Toy; Toy,1930.0,Glass,Aino Aalto,1,35,Finnish,female,1894,1949,Q273511,500024110.0,1
193,Finna,ekm.173342204091600,"Jug; Jug, riihimäki glass, model 5181",1932.0,Glass,Aino Aalto,1,35,Finnish,female,1894,1949,Q273511,500024110.0,1
194,Finna,kymenlaaksonmuseot.KarhE461:1,Plate; Region view; 4191; Wave,1932.0,Other,Aino Aalto,1,35,Finnish,female,1894,1949,Q273511,500024110.0,6
195,Finna,kymenlaaksonmuseot.KarhE461:13,Drinking glass; 4052; Region view; Wave,1932.0,Glass,Aino Aalto,1,35,Finnish,female,1894,1949,Q273511,500024110.0,1
196,Finna,kymenlaaksonmuseot.KarhE461:14,Drinking glass; Region view; Wave,1932.0,Glass,Aino Aalto,1,35,Finnish,female,1894,1949,Q273511,500024110.0,1
197,Finna,kymenlaaksonmuseot.KarhE461:16,Drinking glass; Region view; Wave,1932.0,Glass,Aino Aalto,1,35,Finnish,female,1894,1949,Q273511,500024110.0,1
198,Finna,kymenlaaksonmuseot.KarhE461:18,Bowl; 4384c; Region view; Wave,1932.0,Ceramics,Aino Aalto,1,35,Finnish,female,1894,1949,Q273511,500024110.0,2
199,Finna,kymenlaaksonmuseot.KarhE461:1b,Plate; 4191; Region view; Wave,1932.0,Glass,Aino Aalto,1,35,Finnish,female,1894,1949,Q273511,500024110.0,1
200,Finna,kymenlaaksonmuseot.KarhE461:20,Bowl; Region view; 4384c; Wave,1932.0,Ceramics,Aino Aalto,1,35,Finnish,female,1894,1949,Q273511,500024110.0,2
201,Finna,kymenlaaksonmuseot.KarhE461:23,Jug; 4644; Region view; Wave,1932.0,Glass,Aino Aalto,1,35,Finnish,female,1894,1949,Q273511,500024110.0,1
202,Finna,kymenlaaksonmuseot.KarhE461:26,Plate; 4191; Region view; Wave,1932.0,Ceramics,Aino Aalto,1,35,Finnish,female,1894,1949,Q273511,500024110.0,2
203,Finna,kymenlaaksonmuseot.KarhE461:27,Plate; 4191; Region view; Wave,1932.0,Other,Aino Aalto,1,35,Finnish,female,1894,1949,Q273511,500024110.0,6
204,Finna,kymenlaaksonmuseot.KarhE461:29,Plate; 4191; Region view; Wave,1932.0,Glass,Aino Aalto,1,35,Finnish,female,1894,1949,Q273511,500024110.0,1
205,Finna,kymenlaaksonmuseot.KarhE461:3,Jug; Region view; 4644; Wave,1932.0,Glass,Aino Aalto,1,35,Finnish,female,1894,1949,Q273511,500024110.0,1
206,Finna,kymenlaaksonmuseot.KarhE461:31,Plate; Region view; 4191; Wave,1932.0,Ceramics,Aino Aalto,1,35,Finnish,female,1894,1949,Q273511,500024110.0,2
207,Finna,kymenlaaksonmuseot.KarhE461:32,Plate; 4190; Region view; Wave,1932.0,Glass,Aino Aalto,1,35,Finnish,female,1894,1949,Q273511,500024110.0,1
208,Finna,kymenlaaksonmuseot.KarhE461:33,Drinking glass; 4056; Region view; Wave,1932.0,Glass,Aino Aalto,1,35,Finnish,female,1894,1949,Q273511,500024110.0,1
209,Finna,kymenlaaksonmuseot.KarhE461:35,Plate; Region view; 4190; Wave,1932.0,Glass,Aino Aalto,1,35,Finnish,female,1894,1949,Q273511,500024110.0,1
210,Finna,kymenlaaksonmuseot.KarhE461:25,Vase; 4928; Wave,1934.0,Glass,Aino Aalto,1,35,Finnish,female,1894,1949,Q273511,500024110.0,1
211,Finna,kymenlaaksonmuseot.KarhE461:4,Vase; 4928; Wave,1934.0,Glass,Aino Aalto,1,35,Finnish,female,1894,1949,Q273511,500024110.0,1
212,Finna,kymenlaaksonmuseot.KarhE461:7,A glass of mustard,1934.0,Glass,Aino Aalto,1,35,Finnish,female,1894,1949,Q273511,500024110.0,1
213,Finna,kymenlaaksonmuseot.KarhE461:8,Drinking glass; Region view; 4056; Wave,1934.0,Glass,Aino Aalto,1,35,Finnish,female,1894,1949,Q273511,500024110.0,1
214,Finna,kymenlaaksonmuseot.KarhE461:9,Drinking glass; Region view; 4056; Wave,1934.0,Glass,Aino Aalto,1,35,Finnish,female,1894,1949,Q273511,500024110.0,1
215,Finna,hkm.13D61365-E80D-44BC-ABEB-9DDC72D7C965,Jug; Jug,1935.0,Ceramics,Aino Aalto,1,35,Finnish,female,1894,1949,Q273511,500024110.0,2
216,Finna,kymenlaaksonmuseot.KarhE466:1,Plate; 4146,1935.0,Other,Aino Aalto,1,35,Finnish,female,1894,1949,Q273511,500024110.0,6
217,Finna,kymenlaaksonmuseot.KarhE466:11,Plate; 4147,1935.0,Glass,Aino Aalto,1,35,Finnish,female,1894,1949,Q273511,500024110.0,1
218,Finna,kymenlaaksonmuseot.KarhE466:12,Plate; 4147,1935.0,Ceramics,Aino Aalto,1,35,Finnish,female,1894,1949,Q273511,500024110.0,2
219,Finna,kymenlaaksonmuseot.KarhE466:3,Drinking glass; 4059,1935.0,Glass,Aino Aalto,1,35,Finnish,female,1894,1949,Q273511,500024110.0,1
220,Finna,kymenlaaksonmuseot.KarhE466:4,Bowl; 4328,1935.0,Ceramics,Aino Aalto,1,35,Finnish,female,1894,1949,Q273511,500024110.0,2
221,Finna,kymenlaaksonmuseot.KarhE466:5,Bowl; 4328,1935.0,Ceramics,Aino Aalto,1,35,Finnish,female,1894,1949,Q273511,500024110.0,2
222,Finna,kymenlaaksonmuseot.KarhE466:6,Plate; 4146,1935.0,Ceramics,Aino Aalto,1,35,Finnish,female,1894,1949,Q273511,500024110.0,2
223,Finna,kymenlaaksonmuseot.KarhE466:7,Plate; 4146,1935.0,Ceramics,Aino Aalto,1,35,Finnish,female,1894,1949,Q273511,500024110.0,2
224,Finna,kymenlaaksonmuseot.KarhE466:8,Plate; 4146,1935.0,Ceramics,Aino Aalto,1,35,Finnish,female,1894,1949,Q273511,500024110.0,2
225,Finna,kymenlaaksonmuseot.KarhE466:9,Plate; 4146,1935.0,Other,Aino Aalto,1,35,Finnish,female,1894,1949,Q273511,500024110.0,6
226,Finna,kymenlaaksonmuseot.KarhE461:12,Drinking glass; 4056; Region view; Wave,1945.0,Glass,Aino Aalto,1,35,Finnish,female,1894,1949,Q273511,500024110.0,1
227,Finna,kymenlaaksonmuseot.KarhE461:22,Jug; 4644; Region view; Wave,1945.0,Glass,Aino Aalto,1,35,Finnish,female,1894,1949,Q273511,500024110.0,1
228,Finna,alvaraalto.aam-118566,"Ceiling lamp, hanging lamp",2006.0,Other,Aino Aalto,1,35,Finnish,female,1894,1949,Q273511,500024110.0,6
229,Finna,alvaraalto.aam-116704,Armchair,1932.0,Wood,Aino Aalto,1,35,Finnish,female,1894,1949,Q273511,500024110.0,4
230,Finna,alvaraalto.aam-116723,"Dining table chair, small chair",1932.0,Wood,Aino Aalto,1,35,Finnish,female,1894,1949,Q273511,500024110.0,4
231,Finna,alvaraalto.aam-116804,Children's bed,1932.0,Wood,Aino Aalto,1,35,Finnish,female,1894,1949,Q273511,500024110.0,4
232,Finna,alvaraalto.aam-116945,"Cutlet tray ""maija""",1932.0,Glass,Aino Aalto,1,35,Finnish,female,1894,1949,Q273511,500024110.0,1
234,Finna,alvaraalto.aam-117590,Every man's desk,1932.0,Wood,Aino Aalto,1,35,Finnish,female,1894,1949,Q273511,500024110.0,4
235,Finna,alvaraalto.aam-117648,Chair,1932.0,Wood,Aino Aalto,1,35,Finnish,female,1894,1949,Q273511,500024110.0,4
236,Finna,alvaraalto.aam-117652,Armchair,1932.0,Wood,Aino Aalto,1,35,Finnish,female,1894,1949,Q273511,500024110.0,4
237,Finna,heinolanmuseo.hkm-100203,Goblet; Region view,1932.0,Glass,Aino Aalto,1,35,Finnish,female,1894,1949,Q273511,500024110.0,1
238,Finna,heinolanmuseo.hkm-100204,Plate; Region view,1932.0,Glass,Aino Aalto,1,35,Finnish,female,1894,1949,Q273511,500024110.0,1
239,Finna,heinolanmuseo.hkm-93527,Drinking glass; Region view,1932.0,Ceramics,Aino Aalto,1,35,Finnish,female,1894,1949,Q273511,500024110.0,2
240,Finna,lahdenmuseo.lkm-92424,Chair stool; Stool,1960.0,Other,Eero Aarnio,3,36,Finnish,male,1932,0,Q707025,500270610.0,6
241,Finna,lahdenmuseo.lkm-56551,"Bertil chair; Public space chair; Bertil no. 2115, no. 08004",1965.0,Other,Eero Aarnio,3,36,Finnish,male,1932,0,Q707025,500270610.0,6
242,Finna,urheilumuseo.167079314595700,Medal; Award medal,1965.0,Metal,Eero Aarnio,3,36,Finnish,male,1932,0,Q707025,500270610.0,5
243,Finna,urheilumuseo.167079315016600,Award medal; Medal,1965.0,Ceramics,Eero Aarnio,3,36,Finnish,male,1932,0,Q707025,500270610.0,2
245,Finna,hkm.DA20F1DB-6F1E-4C18-8A4E-7B69A967DEC5,Chair; Polaris,1966.0,Other,Eero Aarnio,3,36,Finnish,male,1932,0,Q707025,500270610.0,6
246,Finna,hkm.DCD3D5FE-950D-4DB4-8F73-3D3420BD2E0E,Chair; Ball chair no. 08702,1966.0,Other,Eero Aarnio,3,36,Finnish,male,1932,0,Q707025,500270610.0,6
247,Finna,werstas.we-1215116,Chair; Polaris chair,1966.0,Other,Eero Aarnio,3,36,Finnish,male,1932,0,Q707025,500270610.0,6
248,Finna,werstas.we-1215124,Chair; Polaris chair,1966.0,Other,Eero Aarnio,3,36,Finnish,male,1932,0,Q707025,500270610.0,6
249,Finna,lahdenmuseo.lkm-825,"Chair cognac chair, v.s.o.p.; Cognac chair, v.s.o.p., no. 08037",1967.0,Glass,Eero Aarnio,3,36,Finnish,male,1932,0,Q707025,500270610.0,1
250,Finna,lahdenmuseo.lkm-752,Dining table chanterelle; Chanterelle no. 14036,1968.0,Ceramics,Eero Aarnio,3,36,Finnish,male,1932,0,Q707025,500270610.0,2
251,Finna,lahdenmuseo.lkm-83450,Ball chair; Ball chair no. 08702,1968.0,Other,Eero Aarnio,3,36,Finnish,male,1932,0,Q707025,500270610.0,6
253,Finna,lahdenmuseo.lkm-32649,Polaris chair; Cup chair; Polaris no. 08059,1970.0,Other,Eero Aarnio,3,36,Finnish,male,1932,0,Q707025,500270610.0,6
254,Finna,lahdenmuseo.lkm-821,Chair captain's chair; No. 04055,1970.0,Other,Eero Aarnio,3,36,Finnish,male,1932,0,Q707025,500270610.0,6
255,Finna,lahdenmuseo.lkm-863,"Chair bing-bong; Bubble chair, bing-bong no. 04088",1970.0,Glass,Eero Aarnio,3,36,Finnish,male,1932,0,Q707025,500270610.0,1
256,Finna,lahdenmuseo.lkm-864,Chair flamingo; No. 01041,1970.0,Other,Eero Aarnio,3,36,Finnish,male,1932,0,Q707025,500270610.0,6
257,Finna,nurmijarvi_mui.mui-71651,Chair; Polaris chair; Eero aarnio,1970.0,Ceramics,Eero Aarnio,3,36,Finnish,male,1932,0,Q707025,500270610.0,2
258,Finna,nurmijarvi_mui.mui-71664,Chair; Polaris chair; Eero aarnio,1970.0,Ceramics,Eero Aarnio,3,36,Finnish,male,1932,0,Q707025,500270610.0,2
259,Finna,lahdenmuseo.lkm-460762,Bed abacus; Double bed; No. 33030,1971.0,Metal,Eero Aarnio,3,36,Finnish,male,1932,0,Q707025,500270610.0,5
260,Finna,lahdenmuseo.lkm-83457,Chair orion; Public space chair; Orion no. 08086,1971.0,Other,Eero Aarnio,3,36,Finnish,male,1932,0,Q707025,500270610.0,6
261,Finna,lahdenmuseo.lkm-754,Chair tomato; Tomato no. 04309,1972.0,Other,Eero Aarnio,3,36,Finnish,male,1932,0,Q707025,500270610.0,6
262,Finna,lahdenmuseo.lkm-31768,Chair pop-polaris; Pop-polaris no. 08093,1973.0,Other,Eero Aarnio,3,36,Finnish,male,1932,0,Q707025,500270610.0,6
263,Finna,lahdenmuseo.lkm-31770,Chair pop-polaris; Pop-polaris no. 08093,1973.0,Other,Eero Aarnio,3,36,Finnish,male,1932,0,Q707025,500270610.0,6
264,Finna,lahdenmuseo.lkm-858,Chair mustang; Mustang no. 04319,1973.0,Other,Eero Aarnio,3,36,Finnish,male,1932,0,Q707025,500270610.0,6
265,Finna,lahdenmuseo.lkm-84478,Chair upo 23; Upo chair,1976.0,Other,Eero Aarnio,3,36,Finnish,male,1932,0,Q707025,500270610.0,6
266,Finna,lahdenmuseo.lkm-83933,Chair upo 23; Upo chair,1986.0,Other,Eero Aarnio,3,36,Finnish,male,1932,0,Q707025,500270610.0,6
267,Finna,lahdenmuseo.lkm-1387,Chair upo 23; Sinker 23; U-023,1987.0,Other,Eero Aarnio,3,36,Finnish,male,1932,0,Q707025,500270610.0,6
268,Finna,lahdenmuseo.lkm-94565,Chair savoy i; Public space chair; Savoy i no. 242a,1995.0,Ceramics,Eero Aarnio,3,36,Finnish,male,1932,0,Q707025,500270610.0,2
269,Finna,leikki.167905716209800,Dinosaur; Dino; Toy; Toy,2000.0,Other,Eero Aarnio,3,36,Finnish,male,1932,0,Q707025,500270610.0,6
270,Finna,leikki.167905716721300,Toy; Doggy building blocks; Toy; Building blocks,2009.0,Paper,Eero Aarnio,3,36,Finnish,male,1932,0,Q707025,500270610.0,3
271,Finna,leikki.167905717404200,Dog; Woof; Toy; Toy,2011.0,Other,Eero Aarnio,3,36,Finnish,male,1932,0,Q707025,500270610.0,6
272,Finna,leikki.167905717987900,Ponies; Mini pony; Toy; Toy; Pony,2011.0,Ceramics,Eero Aarnio,3,36,Finnish,male,1932,0,Q707025,500270610.0,2
273,Finna,leikki.167905734104500,Toto doll; Toy; Toy; Doll; Wooden doll,1940.0,Ceramics,Kaj Franck,8,1968,Finnish,male,1911,1989,Q909809,500103402.0,2
274,Finna,leikki.176129097191900,Toto doll; Doll; Toy,1945.0,Wood,Kaj Franck,8,1968,Finnish,male,1911,1989,Q909809,500103402.0,4
275,Finna,tmk.161027538383700,Bowl; Glass bowl; Ashtray,1947.0,Glass,Kaj Franck,8,1968,Finnish,male,1911,1989,Q909809,500103402.0,1
276,Finna,ksm.163006153460900,Arabia guild cauldron; Jug; Jug,1948.0,Ceramics,Kaj Franck,8,1968,Finnish,male,1911,1989,Q909809,500103402.0,2
277,Finna,hkm.4B1A5EA4-152F-40FD-8AFE-1B53C42EB7AB,A pair of cups; Coffee cup and saucer; Chord,1949.0,Ceramics,Kaj Franck,8,1968,Finnish,male,1911,1989,Q909809,500103402.0,2
278,Finna,kuhmu.166E7A5D3F2306AA6CA839EDA1EE4DFB,A pair of cups,1949.0,Ceramics,Kaj Franck,8,1968,Finnish,male,1911,1989,Q909809,500103402.0,2
279,Finna,tmk.160988559702900,Bread plate; Plate,1949.0,Ceramics,Kaj Franck,8,1968,Finnish,male,1911,1989,Q909809,500103402.0,2
280,Finna,tmk.160988565241500,Bread plate; Plate,1949.0,Ceramics,Kaj Franck,8,1968,Finnish,male,1911,1989,Q909809,500103402.0,2
281,Finna,tmk.160988565641400,Bread plate; Plate,1949.0,Ceramics,Kaj Franck,8,1968,Finnish,male,1911,1989,Q909809,500103402.0,2
282,Finna,tmk.160988566031600,Bread plate; Plate,1949.0,Ceramics,Kaj Franck,8,1968,Finnish,male,1911,1989,Q909809,500103402.0,2
283,Finna,tmk.160988566514400,Bread plate; Plate,1949.0,Ceramics,Kaj Franck,8,1968,Finnish,male,1911,1989,Q909809,500103402.0,2
284,Finna,tmk.160988566884200,Bread plate; Plate,1949.0,Ceramics,Kaj Franck,8,1968,Finnish,male,1911,1989,Q909809,500103402.0,2
285,Finna,tmk.160988567286000,Bread plate; Plate,1949.0,Ceramics,Kaj Franck,8,1968,Finnish,male,1911,1989,Q909809,500103402.0,2
286,Finna,tmk.160988567771700,Bread plate; Plate,1949.0,Ceramics,Kaj Franck,8,1968,Finnish,male,1911,1989,Q909809,500103402.0,2
287,Finna,tmk.160988568147400,Bread plate; Plate,1949.0,Ceramics,Kaj Franck,8,1968,Finnish,male,1911,1989,Q909809,500103402.0,2
288,Finna,tmk.160988568541700,Bread plate; Plate,1949.0,Ceramics,Kaj Franck,8,1968,Finnish,male,1911,1989,Q909809,500103402.0,2
289,Finna,tmk.160988568931100,Bread plate; Plate,1949.0,Ceramics,Kaj Franck,8,1968,Finnish,male,1911,1989,Q909809,500103402.0,2
290,Finna,tmk.160988569297000,Bread plate; Plate,1949.0,Ceramics,Kaj Franck,8,1968,Finnish,male,1911,1989,Q909809,500103402.0,2
291,Finna,tmk.169693885636400,Coffee cup saucer,1949.0,Ceramics,Kaj Franck,8,1968,Finnish,male,1911,1989,Q909809,500103402.0,2
292,Finna,tmk.169693973783000,Coffee cup coaster,1949.0,Ceramics,Kaj Franck,8,1968,Finnish,male,1911,1989,Q909809,500103402.0,2
293,Finna,tmk.169693987986400,Coffee cup coaster,1949.0,Ceramics,Kaj Franck,8,1968,Finnish,male,1911,1989,Q909809,500103402.0,2
294,Finna,tmk.169694002904300,Coffee cup coaster,1949.0,Ceramics,Kaj Franck,8,1968,Finnish,male,1911,1989,Q909809,500103402.0,2
295,Finna,tmk.169694012249100,Coffee cup coaster,1949.0,Ceramics,Kaj Franck,8,1968,Finnish,male,1911,1989,Q909809,500103402.0,2
296,Finna,tmk.169701438145100,Coffee cup coaster,1949.0,Ceramics,Kaj Franck,8,1968,Finnish,male,1911,1989,Q909809,500103402.0,2
297,Finna,tmk.169701461852100,Coffee cup coaster,1949.0,Ceramics,Kaj Franck,8,1968,Finnish,male,1911,1989,Q909809,500103402.0,2
298,Finna,tmk.169701474918200,Coffee cup coaster,1949.0,Ceramics,Kaj Franck,8,1968,Finnish,male,1911,1989,Q909809,500103402.0,2
299,Finna,tmk.169701484124000,Coffee cup coaster,1949.0,Ceramics,Kaj Franck,8,1968,Finnish,male,1911,1989,Q909809,500103402.0,2
300,Finna,tmk.169701494493300,Coffee cup coaster,1949.0,Ceramics,Kaj Franck,8,1968,Finnish,male,1911,1989,Q909809,500103402.0,2
301,Finna,tmk.169701503045200,Coffee cup coaster,1949.0,Ceramics,Kaj Franck,8,1968,Finnish,male,1911,1989,Q909809,500103402.0,2
302,Finna,tmk.169701512305400,Coffee cup coaster,1949.0,Ceramics,Kaj Franck,8,1968,Finnish,male,1911,1989,Q909809,500103402.0,2
303,Finna,tmk.169701995176000,Coffee cup,1949.0,Ceramics,Kaj Franck,8,1968,Finnish,male,1911,1989,Q909809,500103402.0,2
304,Finna,tmk.169702020732000,Coffee cup,1949.0,Ceramics,Kaj Franck,8,1968,Finnish,male,1911,1989,Q909809,500103402.0,2
305,Finna,tmk.169702034503900,Coffee cup,1949.0,Ceramics,Kaj Franck,8,1968,Finnish,male,1911,1989,Q909809,500103402.0,2
306,Finna,tmk.169702039168100,Coffee cup,1949.0,Ceramics,Kaj Franck,8,1968,Finnish,male,1911,1989,Q909809,500103402.0,2
307,Finna,tmk.169702044213800,Coffee cup,1949.0,Ceramics,Kaj Franck,8,1968,Finnish,male,1911,1989,Q909809,500103402.0,2
308,Finna,tmk.169702050377000,Coffee cup,1949.0,Ceramics,Kaj Franck,8,1968,Finnish,male,1911,1989,Q909809,500103402.0,2
309,Finna,tmk.169702054696200,Coffee cup,1949.0,Ceramics,Kaj Franck,8,1968,Finnish,male,1911,1989,Q909809,500103402.0,2
310,Finna,tmk.169702107408100,Coffee cup,1949.0,Ceramics,Kaj Franck,8,1968,Finnish,male,1911,1989,Q909809,500103402.0,2
311,Finna,tmk.169702117308000,Coffee cup,1949.0,Ceramics,Kaj Franck,8,1968,Finnish,male,1911,1989,Q909809,500103402.0,2
312,Finna,tmk.169702123835200,Coffee cup,1949.0,Ceramics,Kaj Franck,8,1968,Finnish,male,1911,1989,Q909809,500103402.0,2
313,Finna,heinolanmuseo.hkm-99860,Drinking glass; 5023,1950.0,Glass,Kaj Franck,8,1968,Finnish,male,1911,1989,Q909809,500103402.0,1
314,Finna,hkm.1BE426CF-E2A8-442E-BFE4-4D8979A9E7D3,Carafe; Serving carafe; Model 1541,1950.0,Glass,Kaj Franck,8,1968,Finnish,male,1911,1989,Q909809,500103402.0,1
315,Finna,hkm.605D1792-3753-4071-9924-2EE2D2A96DEA,Vase; Glass vase; Prism,1950.0,Glass,Kaj Franck,8,1968,Finnish,male,1911,1989,Q909809,500103402.0,1
316,Finna,hkm.C3A34D6D-6E9D-4B42-A106-588F23654193,Sugar cookie,1950.0,Ceramics,Kaj Franck,8,1968,Finnish,male,1911,1989,Q909809,500103402.0,2
317,Finna,ksm.158470239597000,Conical jug; Jug; Jug; Glass jug,1950.0,Ceramics,Kaj Franck,8,1968,Finnish,male,1911,1989,Q909809,500103402.0,2
318,Finna,tmk.161024105056400,Scoop; Soup ladle,1950.0,Other,Kaj Franck,8,1968,Finnish,male,1911,1989,Q909809,500103402.0,6
319,Finna,tmk.161024106089700,Fork; Bread fork,1950.0,Other,Kaj Franck,8,1968,Finnish,male,1911,1989,Q909809,500103402.0,6
320,Finna,tmk.161024106807700,Coffee spoon; Spoon,1950.0,Other,Kaj Franck,8,1968,Finnish,male,1911,1989,Q909809,500103402.0,6
321,Finna,tmk.161027539376000,Bowl; Glass bowl,1950.0,Glass,Kaj Franck,8,1968,Finnish,male,1911,1989,Q909809,500103402.0,1
322,Finna,mkm.166867484078600,A coffee cup,1951.0,Ceramics,Kaj Franck,8,1968,Finnish,male,1911,1989,Q909809,500103402.0,2
323,Finna,hkm.75688194-478D-4355-81AF-CDD6BA986715,"Ladle, jug; Teapot; Kf",1952.0,Ceramics,Kaj Franck,8,1968,Finnish,male,1911,1989,Q909809,500103402.0,2
324,Finna,hkm.853A0196-22E2-4A87-8505-9915F79EAFEB,Egg cup; Guild; Bah,1952.0,Ceramics,Kaj Franck,8,1968,Finnish,male,1911,1989,Q909809,500103402.0,2
325,Finna,lappeenrannanmuseot.2F2EF831-7B69-4482-A91B-87214DAD4F3E,Spoon; Parainen kalkivuori limited company's spoon,1952.0,Other,Kaj Franck,8,1968,Finnish,male,1911,1989,Q909809,500103402.0,6
326,Finna,lappeenrannanmuseot.4D3F42C5-CDC7-444B-8F51-7D772F7BFDE4,Spoon; Parainen kalkivuori limited company's spoon,1952.0,Metal,Kaj Franck,8,1968,Finnish,male,1911,1989,Q909809,500103402.0,5
327,Finna,lappeenrannanmuseot.F4ECC9A8-7F4F-424F-A484-42D4D085EEBF,Spoon; Parainen kalkivuori limited company's spoon,1952.0,Metal,Kaj Franck,8,1968,Finnish,male,1911,1989,Q909809,500103402.0,5
328,Finna,ekm.173342163702600,Coffee cup; Arab guild,1953.0,Ceramics,Kaj Franck,8,1968,Finnish,male,1911,1989,Q909809,500103402.0,2
329,Finna,ekm.173342174745600,Platter; Vegetable dish arab guild,1953.0,Other,Kaj Franck,8,1968,Finnish,male,1911,1989,Q909809,500103402.0,6
330,Finna,hkm.30352157-7524-406A-8135-9A3156F680C7,Shaker; Salt shaker; Model f,1953.0,Ceramics,Kaj Franck,8,1968,Finnish,male,1911,1989,Q909809,500103402.0,2
331,Finna,hkm.8B586D30-D3F8-4B34-9066-C0A87E135A35,A pair of cups; Coffee cup and saucer; Bit,1953.0,Ceramics,Kaj Franck,8,1968,Finnish,male,1911,1989,Q909809,500103402.0,2
332,Finna,hkm.CEB9C357-3953-498D-8E8B-2F42C3D0C637,Casserole; Duration; Baking dish,1953.0,Ceramics,Kaj Franck,8,1968,Finnish,male,1911,1989,Q909809,500103402.0,2
333,Finna,ksm.158470062549400,Arabia guild vegetable platter; Platter; Vegetable platter; Porcelain dish,1953.0,Ceramics,Kaj Franck,8,1968,Finnish,male,1911,1989,Q909809,500103402.0,2
334,Finna,ksm.158470112791900,Arabian guild purnukka; Jar; Jar; Storage jar; Jar,1953.0,Ceramics,Kaj Franck,8,1968,Finnish,male,1911,1989,Q909809,500103402.0,2
335,Finna,ksm.158470112796100,Arabia guild teapot; Jug; Ladle; Teapot; Tea pot,1953.0,Ceramics,Kaj Franck,8,1968,Finnish,male,1911,1989,Q909809,500103402.0,2
336,Finna,ksm.158470115919200,Arabia guild egg cup; Dish; Cup; Egg cup,1953.0,Ceramics,Kaj Franck,8,1968,Finnish,male,1911,1989,Q909809,500103402.0,2
337,Finna,ksm.158470116302500,Arabia guild coffee cup pair; Dish; Cup; Set; Coffee cup; Cup set,1953.0,Ceramics,Kaj Franck,8,1968,Finnish,male,1911,1989,Q909809,500103402.0,2
338,Finna,ksm.158470193960600,Arabia guild milk jug; Jug; Milk jug; Jug,1953.0,Ceramics,Kaj Franck,8,1968,Finnish,male,1911,1989,Q909809,500103402.0,2
339,Finna,ksm.162920038988800,Arabia guild sauce bowl; Bowl; Ladle; Sauce bowl; Pour the sauce,1953.0,Ceramics,Kaj Franck,8,1968,Finnish,male,1911,1989,Q909809,500103402.0,2
340,Finna,museovirasto.094F007A4B886991F5333A388218EC7A,Milk jug,1953.0,Ceramics,Kaj Franck,8,1968,Finnish,male,1911,1989,Q909809,500103402.0,2
341,Finna,museovirasto.1A2EBC669C1C657A3F49CDA28D6862BB,Bowl,1953.0,Ceramics,Kaj Franck,8,1968,Finnish,male,1911,1989,Q909809,500103402.0,2
342,Finna,museovirasto.2294B672C5443D781D82A079A2E82F22,Coaster; Plate,1953.0,Ceramics,Kaj Franck,8,1968,Finnish,male,1911,1989,Q909809,500103402.0,2
343,Finna,museovirasto.39756A58EDC247844C61989CFCC50870,Milk jug,1953.0,Ceramics,Kaj Franck,8,1968,Finnish,male,1911,1989,Q909809,500103402.0,2
344,Finna,museovirasto.74DC6F6F413B326EC805164F7BA2FB57,Plate; Saucer,1953.0,Ceramics,Kaj Franck,8,1968,Finnish,male,1911,1989,Q909809,500103402.0,2
345,Finna,museovirasto.7E566CF21EF50FF5CC1E54B270207044,Coaster; Plate,1953.0,Ceramics,Kaj Franck,8,1968,Finnish,male,1911,1989,Q909809,500103402.0,2
346,Finna,museovirasto.9BAA88CE3C4C88B284056DE75C744351,Coaster; Plate,1953.0,Ceramics,Kaj Franck,8,1968,Finnish,male,1911,1989,Q909809,500103402.0,2
347,Finna,museovirasto.A67942C3ED9670FECC58F6E77E992CB6,Coaster; Plate,1953.0,Ceramics,Kaj Franck,8,1968,Finnish,male,1911,1989,Q909809,500103402.0,2
348,Finna,museovirasto.EE85AD781F8CF54AB2786B62C482AB52,Milk jug,1953.0,Ceramics,Kaj Franck,8,1968,Finnish,male,1911,1989,Q909809,500103402.0,2
349,Finna,hkm.27BE7AB2-4CBF-479E-8E42-792097B36649,Jug; Creamer; Model etc.,1954.0,Ceramics,Kaj Franck,8,1968,Finnish,male,1911,1989,Q909809,500103402.0,2
350,Finna,hkm.AB7A7EFE-7D61-4AA5-AD53-08C729ADE918,Vase,1954.0,Other,Kaj Franck,8,1968,Finnish,male,1911,1989,Q909809,500103402.0,6
351,Finna,ksm.158470112778900,Nuutajärvi glass jug; Jug; Jug; Glass jug; Pour the glass,1954.0,Ceramics,Kaj Franck,8,1968,Finnish,male,1911,1989,Q909809,500103402.0,2
352,Finna,ksm.165519021874900,Arabic chord coffee cup and saucer; Coffee cup; Saucer; Coffee cup and set,1954.0,Ceramics,Kaj Franck,8,1968,Finnish,male,1911,1989,Q909809,500103402.0,2
353,Finna,museovirasto.3A3216A1B47892DEAE2AEC4E953B2D14,Bowl,1954.0,Ceramics,Kaj Franck,8,1968,Finnish,male,1911,1989,Q909809,500103402.0,2
354,Finna,museovirasto.48D4474609152FA3A8C8CF0C8FFE989D,Bowl,1954.0,Ceramics,Kaj Franck,8,1968,Finnish,male,1911,1989,Q909809,500103402.0,2
355,Finna,museovirasto.5B46BF482C61AB0A49E716345AB8BD54,Bowl,1954.0,Ceramics,Kaj Franck,8,1968,Finnish,male,1911,1989,Q909809,500103402.0,2
356,Finna,museovirasto.943DDBDFF4BFCC8F556B6C7FAE2A3D15,Bowl; Guild; Earthenware bowl,1954.0,Ceramics,Kaj Franck,8,1968,Finnish,male,1911,1989,Q909809,500103402.0,2
357,Finna,museovirasto.B26A8096E6DE6194383AA3048F52E95F,Bowl,1954.0,Ceramics,Kaj Franck,8,1968,Finnish,male,1911,1989,Q909809,500103402.0,2
358,Finna,museovirasto.FA5EB1F83AF66CC6864DBFED23547C2E,Jug,1954.0,Ceramics,Kaj Franck,8,1968,Finnish,male,1911,1989,Q909809,500103402.0,2
359,Finna,tmk.161001584841800,Cup + saucer; Teacup,1954.0,Ceramics,Kaj Franck,8,1968,Finnish,male,1911,1989,Q909809,500103402.0,2
360,Finna,tmk.161006672979200,Coffee cup; Cup + plate,1954.0,Ceramics,Kaj Franck,8,1968,Finnish,male,1911,1989,Q909809,500103402.0,2
361,Finna,heinolanmuseo.hkm-100415,Jug; Fa,1955.0,Ceramics,Kaj Franck,8,1968,Finnish,male,1911,1989,Q909809,500103402.0,2
362,Finna,heinolanmuseo.hkm-100416,Jug; Fa,1955.0,Ceramics,Kaj Franck,8,1968,Finnish,male,1911,1989,Q909809,500103402.0,2
363,Finna,heinolanmuseo.hkm-100418,Jug; Fa 0.75,1955.0,Ceramics,Kaj Franck,8,1968,Finnish,male,1911,1989,Q909809,500103402.0,2
364,Finna,heinolanmuseo.hkm-100419,Jug; Fa 0.5,1955.0,Ceramics,Kaj Franck,8,1968,Finnish,male,1911,1989,Q909809,500103402.0,2
365,Finna,hkm.26B96F17-DAC6-427F-B952-10A05CA89FDD,Cup,1955.0,Ceramics,Kaj Franck,8,1968,Finnish,male,1911,1989,Q909809,500103402.0,2
366,Finna,hkm.8A6E59DB-8E06-4A54-919B-9DDDF8A30F6A,Vase,1955.0,Glass,Kaj Franck,8,1968,Finnish,male,1911,1989,Q909809,500103402.0,1
367,Finna,hkm.EF7D52D6-CC09-48F9-A8EC-5FDAC06228D5,Vase,1955.0,Glass,Kaj Franck,8,1968,Finnish,male,1911,1989,Q909809,500103402.0,1
368,Finna,tmk.160998644324000,Vase,1955.0,Glass,Kaj Franck,8,1968,Finnish,male,1911,1989,Q909809,500103402.0,1
369,Finna,mkm.166867484084000,Coffee cup,1956.0,Ceramics,Kaj Franck,8,1968,Finnish,male,1911,1989,Q909809,500103402.0,2
370,Finna,museovirasto.6F15389DC8E23D20DEAAD6F41D8944D5,Jug; Teapot,1956.0,Ceramics,Kaj Franck,8,1968,Finnish,male,1911,1989,Q909809,500103402.0,2
371,Finna,ksm.158470038708700,Iittala cone vase; Vase; Flower vase,1957.0,Ceramics,Kaj Franck,8,1968,Finnish,male,1911,1989,Q909809,500103402.0,2
372,Finna,ksm.158470112783300,Nuutajärvi cone squeeze glass 5027; Glass; Drinking glass,1958.0,Glass,Kaj Franck,8,1968,Finnish,male,1911,1989,Q909809,500103402.0,1
373,Finna,ksm.158470112787600,Nuutajärvi cone squeeze shot glass 5027; Glass; Shot glass,1958.0,Glass,Kaj Franck,8,1968,Finnish,male,1911,1989,Q909809,500103402.0,1
374,Finna,mkm.166867484104600,Coffee cup,1958.0,Ceramics,Kaj Franck,8,1968,Finnish,male,1911,1989,Q909809,500103402.0,2
375,Finna,heinolanmuseo.hkm-86128,Souvenir; Juice glass 1725,1959.0,Glass,Kaj Franck,8,1968,Finnish,male,1911,1989,Q909809,500103402.0,1
376,Finna,heinolanmuseo.hkm-100189,"Bowl; Facet, 5037, 5537",1960.0,Glass,Kaj Franck,8,1968,Finnish,male,1911,1989,Q909809,500103402.0,1
377,Finna,heinolanmuseo.hkm-97809,Coffee cup; La,1960.0,Ceramics,Kaj Franck,8,1968,Finnish,male,1911,1989,Q909809,500103402.0,2
378,Finna,heinolanmuseo.hkm-97810,Coaster; La,1960.0,Ceramics,Kaj Franck,8,1968,Finnish,male,1911,1989,Q909809,500103402.0,2
379,Finna,heinolanmuseo.hkm-97812,Bread plate; La,1960.0,Ceramics,Kaj Franck,8,1968,Finnish,male,1911,1989,Q909809,500103402.0,2
380,Finna,hkm.04DE52D4-B0A5-4552-843E-5B1DDDDBA988,Vase,1960.0,Glass,Kaj Franck,8,1968,Finnish,male,1911,1989,Q909809,500103402.0,1
381,Finna,hkm.9ED2F808-5192-45CF-B3DD-A0FDA19C8528,Carafe; Cone,1960.0,Glass,Kaj Franck,8,1968,Finnish,male,1911,1989,Q909809,500103402.0,1
382,Finna,ksm.158470053480400,Arabia guild frying pan; Vessel; Platter; Plate; Frying pan; Serving dish; Serving plate,1960.0,Other,Kaj Franck,8,1968,Finnish,male,1911,1989,Q909809,500103402.0,6
383,Finna,ksm.158470053484800,Arabia guild vegetable platter; Vessel; Platter; Vegetable dish,1960.0,Ceramics,Kaj Franck,8,1968,Finnish,male,1911,1989,Q909809,500103402.0,2
384,Finna,ksm.158470053506300,Arabia guild vegetable platter; Vessel; Platter; Vegetable dish,1960.0,Ceramics,Kaj Franck,8,1968,Finnish,male,1911,1989,Q909809,500103402.0,2
385,Finna,lappeenrannanmuseot.816ae236-1aea-4750-864f-0de4c2bf432b,Bowl,1960.0,Ceramics,Kaj Franck,8,1968,Finnish,male,1911,1989,Q909809,500103402.0,2
386,Finna,museovirasto.11A4629F1453D797E3215E8362F41112,Milk jug,1960.0,Ceramics,Kaj Franck,8,1968,Finnish,male,1911,1989,Q909809,500103402.0,2
387,Finna,tmk.161021353179200,Guild; Bowl,1960.0,Ceramics,Kaj Franck,8,1968,Finnish,male,1911,1989,Q909809,500103402.0,2
388,Finna,hkm.B9F8AD32-2D24-4965-97F3-E0151A3AA853,Bottle; Pocket mat; Top ten liquor case,1961.0,Glass,Kaj Franck,8,1968,Finnish,male,1911,1989,Q909809,500103402.0,1
389,Finna,heinolanmuseo.hkm-95012,Cup,1962.0,Ceramics,Kaj Franck,8,1968,Finnish,male,1911,1989,Q909809,500103402.0,2
390,Finna,hkm.4AED5CB2-CA36-4860-BFAA-05F6B7E739CB,Vase; Jar,1962.0,Ceramics,Kaj Franck,8,1968,Finnish,male,1911,1989,Q909809,500103402.0,2
391,Finna,hkm.E01A83DE-2C7A-4EAF-AD22-ED1FC2092F65,Carafe; Kremlin clock,1962.0,Glass,Kaj Franck,8,1968,Finnish,male,1911,1989,Q909809,500103402.0,1
392,Finna,lahdenmuseo.lkm-60459,"Coffee cup; Coffee cup and saucer; Gold stripe, model oz",1964.0,Ceramics,Kaj Franck,8,1968,Finnish,male,1911,1989,Q909809,500103402.0,2
393,Finna,heinolanmuseo.hkm-92600,Jug; Guild,1965.0,Ceramics,Kaj Franck,8,1968,Finnish,male,1911,1989,Q909809,500103402.0,2
394,Finna,hkm.20AF44E6-2604-44D4-8CF0-404B93110CB5,Bowl; Refrigerator box; Fine,1965.0,Ceramics,Kaj Franck,8,1968,Finnish,male,1911,1989,Q909809,500103402.0,2
395,Finna,hkm.2735A265-4B3D-4452-A2F6-071EC9C77B71,Plate; Soup plate; Under,1965.0,Ceramics,Kaj Franck,8,1968,Finnish,male,1911,1989,Q909809,500103402.0,2
396,Finna,hkm.B1C8794B-F9E6-41C8-AD1A-415AC2139462,Bowl; Refrigerator box; Fine,1965.0,Ceramics,Kaj Franck,8,1968,Finnish,male,1911,1989,Q909809,500103402.0,2
397,Finna,werstas.we-1597324,Glass plate; Central confederation of consumer cooperatives 1967 plate,1966.0,Other,Kaj Franck,8,1968,Finnish,male,1911,1989,Q909809,500103402.0,6
398,Finna,hkm.1340D060-0C45-4D33-B002-F637D417704A,"Box; Sugar bowl, sugar box; Guild; Bah",1969.0,Ceramics,Kaj Franck,8,1968,Finnish,male,1911,1989,Q909809,500103402.0,2
399,Finna,hkm.293185C0-54F1-4D1B-802E-FFB855692452,Box; Jar; Guild; Bah,1969.0,Ceramics,Kaj Franck,8,1968,Finnish,male,1911,1989,Q909809,500103402.0,2
400,Finna,hkm.2F057492-47E6-4398-8043-CB9CAF5D3511,Platter; Frying pan; Guild; Model ba,1969.0,Glass,Kaj Franck,8,1968,Finnish,male,1911,1989,Q909809,500103402.0,1
401,Finna,hkm.49738CF0-05DF-4F16-8650-62234937464C,Bowl; Guild; Model ba,1969.0,Ceramics,Kaj Franck,8,1968,Finnish,male,1911,1989,Q909809,500103402.0,2
402,Finna,hkm.6ABF77E5-F436-4AE2-9436-DAB511D46B8A,Box; Jar; Guild; Bah,1969.0,Ceramics,Kaj Franck,8,1968,Finnish,male,1911,1989,Q909809,500103402.0,2
403,Finna,hkm.851B9819-B92B-438F-83FC-FD3E40DF59A9,Jug; Milk jug; Guild; Bah,1969.0,Ceramics,Kaj Franck,8,1968,Finnish,male,1911,1989,Q909809,500103402.0,2
404,Finna,hkm.878AA4CB-1BC0-4EA1-B82D-B84BD5AFE491,Teacup; A pair of teacups; Guild; Bah,1969.0,Ceramics,Kaj Franck,8,1968,Finnish,male,1911,1989,Q909809,500103402.0,2
405,Finna,hkm.94EF55B6-A206-4833-B86D-8647D48714AA,Teacup; A pair of teacups; Guild; Bah,1969.0,Ceramics,Kaj Franck,8,1968,Finnish,male,1911,1989,Q909809,500103402.0,2
406,Finna,hkm.C7C5CBC8-B00E-480E-8206-BD80BD940176,Bowl; Vegetable container; Guild; Bah,1969.0,Ceramics,Kaj Franck,8,1968,Finnish,male,1911,1989,Q909809,500103402.0,2
407,Finna,hkm.F49D28BA-A481-45D8-83E3-009D3AB94433,Jug; Creamer; Guild; Bah,1969.0,Ceramics,Kaj Franck,8,1968,Finnish,male,1911,1989,Q909809,500103402.0,2
408,Finna,hkm.2844F124-7EE7-4223-8199-439F32DE7C8B,Fork; Scandium; Serving fork,1970.0,Metal,Kaj Franck,8,1968,Finnish,male,1911,1989,Q909809,500103402.0,5
409,Finna,tmk.160998424283000,Jug; Teapot,1970.0,Ceramics,Kaj Franck,8,1968,Finnish,male,1911,1989,Q909809,500103402.0,2
410,Finna,tmk.160998424802700,Plate; Low plate,1970.0,Ceramics,Kaj Franck,8,1968,Finnish,male,1911,1989,Q909809,500103402.0,2
411,Finna,tmk.160998425238900,Plate; Low plate,1970.0,Ceramics,Kaj Franck,8,1968,Finnish,male,1911,1989,Q909809,500103402.0,2
412,Finna,tmk.160998425650400,Serving bowl; Platter / bowl,1970.0,Other,Kaj Franck,8,1968,Finnish,male,1911,1989,Q909809,500103402.0,6
413,Finna,tmk.160998426010400,Serving bowl; Platter / bowl,1970.0,Other,Kaj Franck,8,1968,Finnish,male,1911,1989,Q909809,500103402.0,6
414,Finna,tmk.160998426375300,Serving bowl; Platter / bowl,1970.0,Ceramics,Kaj Franck,8,1968,Finnish,male,1911,1989,Q909809,500103402.0,2
415,Finna,tmk.160998426737700,Coffee cup; Cup + saucer (two pairs),1970.0,Ceramics,Kaj Franck,8,1968,Finnish,male,1911,1989,Q909809,500103402.0,2
416,Finna,tmk.160998427176300,Sugar cookie + cream,1970.0,Ceramics,Kaj Franck,8,1968,Finnish,male,1911,1989,Q909809,500103402.0,2
417,Finna,heinolanmuseo.hkm-86410,Dinner plate; Guild,1971.0,Other,Kaj Franck,8,1968,Finnish,male,1911,1989,Q909809,500103402.0,6
418,Finna,heinolanmuseo.hkm-86411,Soup plate; Guild,1971.0,Ceramics,Kaj Franck,8,1968,Finnish,male,1911,1989,Q909809,500103402.0,2
419,Finna,heinolanmuseo.hkm-86412,Platter; Guild,1971.0,Ceramics,Kaj Franck,8,1968,Finnish,male,1911,1989,Q909809,500103402.0,2
420,Finna,heinolanmuseo.hkm-86414,Platter; Guild,1971.0,Other,Kaj Franck,8,1968,Finnish,male,1911,1989,Q909809,500103402.0,6
421,Finna,heinolanmuseo.hkm-86416,Jug; Guild,1971.0,Ceramics,Kaj Franck,8,1968,Finnish,male,1911,1989,Q909809,500103402.0,2
422,Finna,heinolanmuseo.hkm-95153,Coffee cup; Ounces; Circle,1971.0,Ceramics,Kaj Franck,8,1968,Finnish,male,1911,1989,Q909809,500103402.0,2
423,Finna,heinolanmuseo.hkm-97790,Jug; Manger,1971.0,Glass,Kaj Franck,8,1968,Finnish,male,1911,1989,Q909809,500103402.0,1
424,Finna,hkm.24A28656-6FD0-4161-9D1F-8DB4851EF77A,Casserole; Baking dish; Guild; Bah,1971.0,Ceramics,Kaj Franck,8,1968,Finnish,male,1911,1989,Q909809,500103402.0,2
425,Finna,hkm.5361AEB7-47E6-49FF-8D80-540D1140839D,Bowl; Guild; Bah,1971.0,Ceramics,Kaj Franck,8,1968,Finnish,male,1911,1989,Q909809,500103402.0,2
426,Finna,ksm.165484605001900,Sargasso glass basket; Glass container; Glass basket,1971.0,Glass,Kaj Franck,8,1968,Finnish,male,1911,1989,Q909809,500103402.0,1
427,Finna,heinolanmuseo.hkm-100196,"Drinking glass; Cone, 5027",1974.0,Glass,Kaj Franck,8,1968,Finnish,male,1911,1989,Q909809,500103402.0,1
428,Finna,hkm.3F6648B7-0F91-4CE6-90E5-4EDDE8B25618,Goblet; Glass goblet; Cup,1974.0,Glass,Kaj Franck,8,1968,Finnish,male,1911,1989,Q909809,500103402.0,1
429,Finna,hkm.3F8AC8AF-5195-4221-869D-9C0CB646D021,Goblet; Glass goblet; Cup,1974.0,Glass,Kaj Franck,8,1968,Finnish,male,1911,1989,Q909809,500103402.0,1
430,Finna,hkm.71C5D4FD-5B9A-4C08-8D41-D928B4E23353,Teacup and saucer; Fiesta; Xb,1974.0,Ceramics,Kaj Franck,8,1968,Finnish,male,1911,1989,Q909809,500103402.0,2
431,Finna,hkm.9F1026B4-DE7B-468B-B9E6-6AD67845BEF6,Goblet; Glass goblet; Cup,1974.0,Glass,Kaj Franck,8,1968,Finnish,male,1911,1989,Q909809,500103402.0,1
432,Finna,hkm.FFD98B59-5CBD-48FE-9F93-3A9D289D214A,Goblet; Glass goblet; Cup,1974.0,Glass,Kaj Franck,8,1968,Finnish,male,1911,1989,Q909809,500103402.0,1
433,Finna,hkm.1A5A35B9-BFF4-4DF9-A39A-2E7DBFED3EF6,Jug; Teapot; Guild; Bah,1975.0,Ceramics,Kaj Franck,8,1968,Finnish,male,1911,1989,Q909809,500103402.0,2
434,Finna,hkm.5EC623C8-41DF-473C-868B-E0EBFC535EE3,A pair of cups; Coffee cup and saucer; Buffet table,1978.0,Ceramics,Kaj Franck,8,1968,Finnish,male,1911,1989,Q909809,500103402.0,2
435,Finna,tmk.160991743352100,Sarvis buffet plate; Sarvis catering plate; Plate; Plates; Tableware,1978.0,Ceramics,Kaj Franck,8,1968,Finnish,male,1911,1989,Q909809,500103402.0,2
436,Finna,tmk.160991743653500,Horn plate; Plate; Horn plate; Plates; Tableware,1978.0,Ceramics,Kaj Franck,8,1968,Finnish,male,1911,1989,Q909809,500103402.0,2
437,Finna,tmk.160991743904400,Deep horn plate; Plate; Horn deep plate; Plates; Tableware,1978.0,Ceramics,Kaj Franck,8,1968,Finnish,male,1911,1989,Q909809,500103402.0,2
438,Finna,tmk.160991745358000,Horn saucer; Plate; Horn saucer; Plates; Tableware,1978.0,Ceramics,Kaj Franck,8,1968,Finnish,male,1911,1989,Q909809,500103402.0,2
439,Finna,heinolanmuseo.hkm-97899,Dinner plate; Theme,1982.0,Ceramics,Kaj Franck,8,1968,Finnish,male,1911,1989,Q909809,500103402.0,2
440,Finna,heinolanmuseo.hkm-96070,Carafe; Cone/1610,1993.0,Glass,Kaj Franck,8,1968,Finnish,male,1911,1989,Q909809,500103402.0,1
441,Finna,hkm.42BD52B3-9C7C-48D0-B0AF-1AB55C41D69C,"Mug; Moments hometown, block, model theme",2011.0,Ceramics,Kaj Franck,8,1968,Finnish,male,1911,1989,Q909809,500103402.0,2
442,Finna,hkm.6BCC2773-7AAF-45FC-B077-6DFFF16DB78D,"Mug; Moments hometown, park, model theme",2011.0,Ceramics,Kaj Franck,8,1968,Finnish,male,1911,1989,Q909809,500103402.0,2
443,Finna,hkm.8C5A1400-7034-4088-857A-3FFCFCEDB6D9,"Mug; Moments hometown; City, model theme",2011.0,Ceramics,Kaj Franck,8,1968,Finnish,male,1911,1989,Q909809,500103402.0,2
444,Finna,hkm.D5AF8ABC-CCC6-46BD-9298-CD78C46E2B93,"Mug; Moments hometown, sea, model theme",2011.0,Ceramics,Kaj Franck,8,1968,Finnish,male,1911,1989,Q909809,500103402.0,2
445,Finna,heinolanmuseo.hkm-341472,Jug; Fl 2,1954.0,Ceramics,Kaj Franck,8,1968,Finnish,male,1911,1989,Q909809,500103402.0,2
446,Finna,heinolanmuseo.hkm-341473,Jug; Fl 1,1954.0,Ceramics,Kaj Franck,8,1968,Finnish,male,1911,1989,Q909809,500103402.0,2
447,Finna,heinolanmuseo.hkm-341474,Jug; Fl 3,1954.0,Ceramics,Kaj Franck,8,1968,Finnish,male,1911,1989,Q909809,500103402.0,2
448,Finna,heinolanmuseo.hkm-341475,Jug; Fl 2,1954.0,Ceramics,Kaj Franck,8,1968,Finnish,male,1911,1989,Q909809,500103402.0,2
449,Finna,heinolanmuseo.hkm-341476,Coffee pot; Fl 4,1954.0,Ceramics,Kaj Franck,8,1968,Finnish,male,1911,1989,Q909809,500103402.0,2
450,Finna,heinolanmuseo.hkm-341477,Bowl; Fl,1954.0,Ceramics,Kaj Franck,8,1968,Finnish,male,1911,1989,Q909809,500103402.0,2
451,Finna,heinolanmuseo.hkm-341480,Platter; Fl,1954.0,Ceramics,Kaj Franck,8,1968,Finnish,male,1911,1989,Q909809,500103402.0,2
452,Finna,heinolanmuseo.hkm-341481,Platter; Fl,1954.0,Ceramics,Kaj Franck,8,1968,Finnish,male,1911,1989,Q909809,500103402.0,2
453,Finna,heinolanmuseo.hkm-341482,Platter; Fl,1954.0,Ceramics,Kaj Franck,8,1968,Finnish,male,1911,1989,Q909809,500103402.0,2
454,Finna,heinolanmuseo.hkm-94955,Plate; Guild,1954.0,Ceramics,Kaj Franck,8,1968,Finnish,male,1911,1989,Q909809,500103402.0,2
455,Finna,heinolanmuseo.hkm-94956,Plate; Guild,1954.0,Ceramics,Kaj Franck,8,1968,Finnish,male,1911,1989,Q909809,500103402.0,2
456,Finna,heinolanmuseo.hkm-94957,Dinner plate; Guild,1954.0,Ceramics,Kaj Franck,8,1968,Finnish,male,1911,1989,Q909809,500103402.0,2
457,Finna,heinolanmuseo.hkm-94958,Soup plate; Guild,1954.0,Ceramics,Kaj Franck,8,1968,Finnish,male,1911,1989,Q909809,500103402.0,2
458,Finna,heinolanmuseo.hkm-96250,Cream bottle; Mk,1954.0,Ceramics,Kaj Franck,8,1968,Finnish,male,1911,1989,Q909809,500103402.0,2
459,Finna,heinolanmuseo.hkm-97898,Plate; Theme,1954.0,Ceramics,Kaj Franck,8,1968,Finnish,male,1911,1989,Q909809,500103402.0,2
460,Finna,heinolanmuseo.hkm-97900,Dinner plate; Theme,1954.0,Ceramics,Kaj Franck,8,1968,Finnish,male,1911,1989,Q909809,500103402.0,2
461,Finna,hkm.6556175F-2F5A-47C6-A10E-140B908C5E50,Bowl; Serving bowl; Guild; Bah,1954.0,Ceramics,Kaj Franck,8,1968,Finnish,male,1911,1989,Q909809,500103402.0,2
462,Finna,museovirasto.00CF7243293286BE0F367C55FBC7AB01,Jug; Jug,1954.0,Ceramics,Kaj Franck,8,1968,Finnish,male,1911,1989,Q909809,500103402.0,2
463,Finna,museovirasto.20B4FF4F212290ACB3BA74D03004B931,Cheese grater,1954.0,Metal,Kaj Franck,8,1968,Finnish,male,1911,1989,Q909809,500103402.0,5
464,Finna,museovirasto.20D571500C0FFEAC059FAE419A391E6A,Jug; Jug,1954.0,Ceramics,Kaj Franck,8,1968,Finnish,male,1911,1989,Q909809,500103402.0,2
465,Finna,museovirasto.79B838C7F8A139CD60D24A8E3631AABD,Jug; Jug,1954.0,Ceramics,Kaj Franck,8,1968,Finnish,male,1911,1989,Q909809,500103402.0,2
466,Finna,museovirasto.A908B3AEC5F0E873B0A2671A7F1639F6,Jug; Jug,1954.0,Ceramics,Kaj Franck,8,1968,Finnish,male,1911,1989,Q909809,500103402.0,2
467,Finna,museovirasto.BBA03A60BEF46598B947E487D8A9DD69,Cheese grater,1954.0,Metal,Kaj Franck,8,1968,Finnish,male,1911,1989,Q909809,500103402.0,5
468,Finna,museovirasto.C377EA09635A4CD49661D17CA7AEEE0C,Jug; Jug,1954.0,Ceramics,Kaj Franck,8,1968,Finnish,male,1911,1989,Q909809,500103402.0,2
469,Finna,museovirasto.C8EB155D83565141FFD913330E64FA1F,Jug; Jug,1954.0,Ceramics,Kaj Franck,8,1968,Finnish,male,1911,1989,Q909809,500103402.0,2
470,Finna,museovirasto.F12AA501A1EDC1A8F79089A60CCEACC6,Jug; Jug,1954.0,Ceramics,Kaj Franck,8,1968,Finnish,male,1911,1989,Q909809,500103402.0,2
471,Finna,postimuseo.FFCFF3F0-85B0-4830-BAD8-EE9F1A63CCF7,Stamp; Stamp sheet; Kaj franck 100 years old,1954.0,Other,Kaj Franck,8,1968,Finnish,male,1911,1989,Q909809,500103402.0,6
472,Finna,tmk.161000009794200,Vase (?); Jar,1954.0,Glass,Kaj Franck,8,1968,Finnish,male,1911,1989,Q909809,500103402.0,1
473,Finna,tmk.161001120411000,Decorative plate; Plate,1954.0,Ceramics,Kaj Franck,8,1968,Finnish,male,1911,1989,Q909809,500103402.0,2
474,Finna,tmk.161021153440300,Bowl,1954.0,Ceramics,Kaj Franck,8,1968,Finnish,male,1911,1989,Q909809,500103402.0,2
475,Finna,tmk.161021154001900,Bowl,1954.0,Glass,Kaj Franck,8,1968,Finnish,male,1911,1989,Q909809,500103402.0,1
476,Finna,satakunnanmuseo.5591065E-9735-4166-8876-9F2534DA10F3,Drawing,1870.0,Other,Akseli Gallen-Kallela,9,2059,Finnish,male,1865,1931,Q170068,500015305.0,6
477,Finna,satakunnanmuseo.96F522EE-430F-4D0F-8C67-5C7DEB0EAE81,Half of a cigarette case; Cigarette case cover,1870.0,Paper,Akseli Gallen-Kallela,9,2059,Finnish,male,1865,1931,Q170068,500015305.0,3
479,Finna,satakunnanmuseo.B03BE729-1449-44B3-B8F6-1F511298FD74,Spatula; From the tree,1892.0,Wood,Akseli Gallen-Kallela,9,2059,Finnish,male,1865,1931,Q170068,500015305.0,4
480,Finna,museovirasto.F3C7149144C995AB559465B95FD46D0D,Oil painting; The ruins of the helsingin keeper's church,1893.0,Other,Akseli Gallen-Kallela,9,2059,Finnish,male,1865,1931,Q170068,500015305.0,6
481,Finna,hkm.8E0B055F-62B7-4A1D-849B-E2D608BA9DF9,Prediction machine; Emanulector; Psychographer,1894.0,Wood,Akseli Gallen-Kallela,9,2059,Finnish,male,1865,1931,Q170068,500015305.0,4
482,Finna,museovirasto.A0AB60F106EC4F049A40CDC291FBACE1,Gouache; Jean sibelius as the composer of the 'fairy tale',1894.0,Other,Akseli Gallen-Kallela,9,2059,Finnish,male,1865,1931,Q170068,500015305.0,6
483,Finna,museovirasto.89CFCD649E28A0DB5FBCA060819D864C,Board; Kalma flower; Graphics magazine,1895.0,Wood,Akseli Gallen-Kallela,9,2059,Finnish,male,1865,1931,Q170068,500015305.0,4
484,Finna,satakunnanmuseo.09323CF4-35E9-46C8-AD76-4D8423AC02F9,Decorative object; Golden maiden's head,1895.0,Ceramics,Akseli Gallen-Kallela,9,2059,Finnish,male,1865,1931,Q170068,500015305.0,2
487,Finna,hkm.F15F9932-98FA-4C38-95D2-BAB333793C2F,Chair,1900.0,Wood,Akseli Gallen-Kallela,9,2059,Finnish,male,1865,1931,Q170068,500015305.0,4
488,Finna,hkm.F67A6E6D-6AA5-411F-9D48-09898DF9ECCD,Box; Fazers caramel; Candy box; Product packaging,1900.0,Ceramics,Akseli Gallen-Kallela,9,2059,Finnish,male,1865,1931,Q170068,500015305.0,2
489,Finna,hkm.F81C3B7D-5618-4C0C-9A9C-D768518C6B94,Box; Candy box; Fazers caramel; Product packaging,1900.0,Other,Akseli Gallen-Kallela,9,2059,Finnish,male,1865,1931,Q170068,500015305.0,6
490,Finna,satakunnanmuseo.F58BD609-DD5C-435D-B1F5-DDEFA8FD9F21,Scoop; Decorative scoop,1900.0,Wood,Akseli Gallen-Kallela,9,2059,Finnish,male,1865,1931,Q170068,500015305.0,4
491,Finna,tmk.163042379466400,Gallen kallela mourning badge; Coat of arms; Finland's symbol of mourning,1900.0,Other,Akseli Gallen-Kallela,9,2059,Finnish,male,1865,1931,Q170068,500015305.0,6
492,Finna,museovirasto.2B44E0C783DFFA3ACC7BC32A9AC544B3,Oil painting; Twilight (summer landscape),1904.0,Wood,Akseli Gallen-Kallela,9,2059,Finnish,male,1865,1931,Q170068,500015305.0,4
493,Finna,hkm.71D3B6A6-3BAC-429F-994F-7EAF3E4EA97B,Box; Can; Candy box,1908.0,Ceramics,Akseli Gallen-Kallela,9,2059,Finnish,male,1865,1931,Q170068,500015305.0,2
494,Finna,hkm.9DAEC080-1FD1-4C73-AAE2-FCF1D54E59D9,"Make; For the benefit of lung patients; Stamp, letter sealer",1908.0,Paper,Akseli Gallen-Kallela,9,2059,Finnish,male,1865,1931,Q170068,500015305.0,3
495,Finna,werstas.we-1606954,"Stamp booklet; Stamps in favor of lung patients, collector's stamp",1908.0,Paper,Akseli Gallen-Kallela,9,2059,Finnish,male,1865,1931,Q170068,500015305.0,3
496,Finna,hkm.86FF4C69-9D00-4EB3-B1A0-37361F034109,"Make; Carnival club; Badge, lapel pin",1911.0,Metal,Akseli Gallen-Kallela,9,2059,Finnish,male,1865,1931,Q170068,500015305.0,5
499,Finna,urheilumuseo.167079250853100,Ivar wilskman's badge of merit; Svul honorary chairman badge; Medal,1916.0,Metal,Akseli Gallen-Kallela,9,2059,Finnish,male,1865,1931,Q170068,500015305.0,5
501,Finna,hkm.2ca0a6f1-4a20-448e-ab24-8cbdbbd43712,Medal; Medal of merit; War of independence commemorative medal; With strings,1918.0,Other,Akseli Gallen-Kallela,9,2059,Finnish,male,1865,1931,Q170068,500015305.0,6
502,Finna,hkm.528C317C-C895-423C-A369-78078518CA14,Medal; Commemorative medal; War of independence commemorative medal; With tapes,1918.0,Metal,Akseli Gallen-Kallela,9,2059,Finnish,male,1865,1931,Q170068,500015305.0,5
506,Finna,lappeenrannanmuseot.10e1df6e-964a-4b05-a4bf-559a18fbecf6,"1918 war of independence commemorative medal, 2 pieces",1918.0,Other,Akseli Gallen-Kallela,9,2059,Finnish,male,1865,1931,Q170068,500015305.0,6
507,Finna,lappeenrannanmuseot.FF214294-5292-4A98-873C-BD0B47678D4C,War of independence commemorative medal; Iron front,1918.0,Metal,Akseli Gallen-Kallela,9,2059,Finnish,male,1865,1931,Q170068,500015305.0,5
508,Finna,museovirasto.0cd09098-cc35-45f7-b620-5701f6abb5e9,25 marks; Monetary; Note,1918.0,Paper,Akseli Gallen-Kallela,9,2059,Finnish,male,1865,1931,Q170068,500015305.0,3
509,Finna,museovirasto.2CD2E5F71703A6052C8C8106F201499F,Order of the cross of liberty iv class knight's badge without swords for civic merit; Badge; Cross of liberty,1918.0,Metal,Akseli Gallen-Kallela,9,2059,Finnish,male,1865,1931,Q170068,500015305.0,5
510,Finna,museovirasto.2E15CAF286E4D64E6214BCDEF428DC0B,First medal of the order of the cross of liberty (first class freedom medal); Badge,1918.0,Metal,Akseli Gallen-Kallela,9,2059,Finnish,male,1865,1931,Q170068,500015305.0,5
512,Finna,museovirasto.35394b17-4ffb-4494-8c9e-bf281504bf5f,500 marks; Monetary; Note,1918.0,Paper,Akseli Gallen-Kallela,9,2059,Finnish,male,1865,1931,Q170068,500015305.0,3
513,Finna,museovirasto.370657a4-48db-4c0d-8c4c-cf91c4641178,25 marks; Monetary; Note,1918.0,Paper,Akseli Gallen-Kallela,9,2059,Finnish,male,1865,1931,Q170068,500015305.0,3
514,Finna,museovirasto.48fb353d-e740-4de6-be31-b8e5db8f0ab3,25 marks; Monetary; Note,1918.0,Paper,Akseli Gallen-Kallela,9,2059,Finnish,male,1865,1931,Q170068,500015305.0,3
515,Finna,museovirasto.4916A82E66A84A16799D45C8D1363635,Knight's badge of the order of the cross of freedom ii class without swords for civic merit (ii lk freedom cross ka); Badge,1918.0,Metal,Akseli Gallen-Kallela,9,2059,Finnish,male,1865,1931,Q170068,500015305.0,5
516,Finna,museovirasto.4D31E3B62273B0DBB2A92ECCBF053899,War of independence commemorative medal; Commemorative medal; Medal; Medal of merit,1918.0,Metal,Akseli Gallen-Kallela,9,2059,Finnish,male,1865,1931,Q170068,500015305.0,5
517,Finna,museovirasto.63f57a72-adec-4372-8290-f6e22077732e,25 marks; Monetary; Note,1918.0,Paper,Akseli Gallen-Kallela,9,2059,Finnish,male,1865,1931,Q170068,500015305.0,3
518,Finna,museovirasto.70390E5CE94B0DA4367999818BA97B32,Knight's badge of the 4th class of the order of the freedom cross with swords (iv kj vapaudenristi m); Badge; Cross of liberty,1918.0,Metal,Akseli Gallen-Kallela,9,2059,Finnish,male,1865,1931,Q170068,500015305.0,5
520,Finna,museovirasto.83DD979A3F0199A79260662273040CA5,Knight's badge of the 3rd class of the order of the cross of liberty with the emblem of the red cross; Badge,1918.0,Metal,Akseli Gallen-Kallela,9,2059,Finnish,male,1865,1931,Q170068,500015305.0,5
521,Finna,museovirasto.8ba9ad28-3208-4f10-bbf1-478ca8f48882,100 marks; Monetary; Note,1918.0,Paper,Akseli Gallen-Kallela,9,2059,Finnish,male,1865,1931,Q170068,500015305.0,3
522,Finna,museovirasto.AB45C8B422E9ABDACBFB23261AE728BF,Medal; 4th class liberty cross,1918.0,Paper,Akseli Gallen-Kallela,9,2059,Finnish,male,1865,1931,Q170068,500015305.0,3
523,Finna,museovirasto.B07402560A05D18C3B6EDB328D091150,Commemorative medal; Commemorative medal of the war of independence,1918.0,Paper,Akseli Gallen-Kallela,9,2059,Finnish,male,1865,1931,Q170068,500015305.0,3
524,Finna,museovirasto.C5220279B4FB68E23E1572F9D8439912,Knight's badge of the first class of the order of the cross of liberty in a box; Badge,1918.0,Metal,Akseli Gallen-Kallela,9,2059,Finnish,male,1865,1931,Q170068,500015305.0,5
525,Finna,museovirasto.EE3AA63EB63BC88E6E6CC63A01224F73,Knight's badge of the order of the cross of liberty iv lk with emblem of the red cross; Badge,1918.0,Metal,Akseli Gallen-Kallela,9,2059,Finnish,male,1865,1931,Q170068,500015305.0,5
526,Finna,museovirasto.F9745B07F9B374C9C12EC0FAB8C17B2B,War of independence commemorative medal; Medal of merit; Medal; Commemorative medal,1918.0,Metal,Akseli Gallen-Kallela,9,2059,Finnish,male,1865,1931,Q170068,500015305.0,5
527,Finna,museovirasto.a3178367-3fc9-4b8e-babf-a5bb5cf59b59,25 marks; Monetary; Note,1918.0,Paper,Akseli Gallen-Kallela,9,2059,Finnish,male,1865,1931,Q170068,500015305.0,3
528,Finna,museovirasto.c064e3b8-0cf1-433c-8d23-e8ffe91ded03,25 marks; Monetary; Note,1918.0,Other,Akseli Gallen-Kallela,9,2059,Finnish,male,1865,1931,Q170068,500015305.0,6
532,Finna,hkm.5B35B869-4F9F-4F83-B434-203792B6458D,Medal; Personal medal; Carolvs gvstavvs emilivs mannerheim,1919.0,Other,Akseli Gallen-Kallela,9,2059,Finnish,male,1865,1931,Q170068,500015305.0,6
533,Finna,hkm.7F54C624-27D8-4255-B1BD-FD57615A73DA,Knife; Nco knife; Knife blade; M/1922; And sheath,1919.0,Metal,Akseli Gallen-Kallela,9,2059,Finnish,male,1865,1931,Q170068,500015305.0,5
534,Finna,hkm.C2E26686-EBBC-457F-A9FE-6B3F4D9FC65F,Make; Badge; 1st commander's badge of the finnish order of the white rose,1919.0,Other,Akseli Gallen-Kallela,9,2059,Finnish,male,1865,1931,Q170068,500015305.0,6
535,Finna,museovirasto.37D8922F162F80C2FC1858733B6BF4C8,Make; Adjuster's mark; Badge of the kalevala club; Membership badge; Donor badge,1919.0,Metal,Akseli Gallen-Kallela,9,2059,Finnish,male,1865,1931,Q170068,500015305.0,5
536,Finna,museovirasto.47C0D59743D812CCAF36979EB4E69ED1,Carl gustaf mannerheim; Medal; Personal medal; Commemorative medals; Portrait,1919.0,Other,Akseli Gallen-Kallela,9,2059,Finnish,male,1865,1931,Q170068,500015305.0,6
537,Finna,museovirasto.6CDD1101E3EEFC51C41781164491951D,Regulator's mark; Badge of the kalevala club; Make; Membership badge; Donor badge,1919.0,Metal,Akseli Gallen-Kallela,9,2059,Finnish,male,1865,1931,Q170068,500015305.0,5
538,Finna,museovirasto.C5D6618A1D2FD50AEEC1C2D6EC205702,Carl gustaf mannerheim; Medal; Personal medal; Commemorative medal; Portrait,1919.0,Other,Akseli Gallen-Kallela,9,2059,Finnish,male,1865,1931,Q170068,500015305.0,6
539,Finna,museovirasto.D05723FB52C059BA413D6A891F899BAC,Personal medal; Carl gustaf mannerheim; Medal; Commemorative medal; Portrait,1919.0,Other,Akseli Gallen-Kallela,9,2059,Finnish,male,1865,1931,Q170068,500015305.0,6
540,Finna,museovirasto.E0B06776B591FFFE4F22082CF5575CAE,Personal medal; Carl gustaf mannerheim; Medal; Portrait; Commemorative medal,1919.0,Other,Akseli Gallen-Kallela,9,2059,Finnish,male,1865,1931,Q170068,500015305.0,6
541,Finna,tmk.160994947875700,Finland's white rose 1st class medal; Medal of merit; Medal,1919.0,Metal,Akseli Gallen-Kallela,9,2059,Finnish,male,1865,1931,Q170068,500015305.0,5
542,Finna,tmk.161025415221700,Administrator gustav mannerheim 1919.; Table medal,1919.0,Metal,Akseli Gallen-Kallela,9,2059,Finnish,male,1865,1931,Q170068,500015305.0,5
543,Finna,tmk.161025416141500,Administrator gustav mannerheim 1919.; Table medal,1919.0,Other,Akseli Gallen-Kallela,9,2059,Finnish,male,1865,1931,Q170068,500015305.0,6
544,Finna,tmk.161043280385300,Medal; Medal of the 1st class of the finnish white rose,1919.0,Metal,Akseli Gallen-Kallela,9,2059,Finnish,male,1865,1931,Q170068,500015305.0,5
545,Finna,tmk.161043281350100,Medal; Finnish white rose medal,1919.0,Metal,Akseli Gallen-Kallela,9,2059,Finnish,male,1865,1931,Q170068,500015305.0,5
546,Finna,tmk.161043282314400,Medal; Finnish white rose medal,1919.0,Metal,Akseli Gallen-Kallela,9,2059,Finnish,male,1865,1931,Q170068,500015305.0,5
547,Finna,tmk.161043282862100,Medal; Finnish white rose medal,1919.0,Metal,Akseli Gallen-Kallela,9,2059,Finnish,male,1865,1931,Q170068,500015305.0,5
548,Finna,tmk.161043283369600,Medal; Finnish white rose medal,1919.0,Metal,Akseli Gallen-Kallela,9,2059,Finnish,male,1865,1931,Q170068,500015305.0,5
549,Finna,tmk.161043283897600,Medal; Finnish white rose medal,1919.0,Metal,Akseli Gallen-Kallela,9,2059,Finnish,male,1865,1931,Q170068,500015305.0,5
550,Finna,tmk.161043284916400,Medal; Finnish white rose medal,1919.0,Metal,Akseli Gallen-Kallela,9,2059,Finnish,male,1865,1931,Q170068,500015305.0,5
551,Finna,tmk.161043285422000,Medal; Finnish white rose medal,1919.0,Metal,Akseli Gallen-Kallela,9,2059,Finnish,male,1865,1931,Q170068,500015305.0,5
552,Finna,hkm.1FE6F11E-9855-416A-9800-1620B8DD6080,Make; Badge; New finland,1920.0,Metal,Akseli Gallen-Kallela,9,2059,Finnish,male,1865,1931,Q170068,500015305.0,5
553,Finna,hkm.342CA8B7-BF1C-46F6-BCF6-C9CFD29AB4D0,Make; Medal; Finnish white rose cross of merit; With strings,1920.0,Metal,Akseli Gallen-Kallela,9,2059,Finnish,male,1865,1931,Q170068,500015305.0,5
554,Finna,hkm.AC949686-C365-4004-B9CF-D606EFC7DC0D,Make; New finland; Badge,1920.0,Metal,Akseli Gallen-Kallela,9,2059,Finnish,male,1865,1931,Q170068,500015305.0,5
555,Finna,hkm.0BC62493-57BA-4137-ADED-862E79B7F569,"Make; For the benefit of lung patients; Stamp, letter sealer",1921.0,Other,Akseli Gallen-Kallela,9,2059,Finnish,male,1865,1931,Q170068,500015305.0,6
556,Finna,hkm.7EB7B56E-9AFA-4F1E-B7B3-D33C4BF11038,Make; Miniature badge of honor; 1st rank of the finnish order of the white rose; Order of the three stars; In the badge chain,1924.0,Other,Akseli Gallen-Kallela,9,2059,Finnish,male,1865,1931,Q170068,500015305.0,6
557,Finna,hkm.CA56DDF3-8FAB-4058-912C-7992CC8F6E57,"Make; Miniature badge of honor; Cross of liberty ii. class with swords; Finnish order of the white rose, first class; War of independence commemorative medal; Commemorative medal for the conquest of tampere; Iron cross ii lk.; Friedrich-august cross; In the badge chain",1925.0,Metal,Akseli Gallen-Kallela,9,2059,Finnish,male,1865,1931,Q170068,500015305.0,5
558,Finna,kymenlaaksonmuseot.YLEE98004:3,Badge; Finnish white rose 1st class medal,1926.0,Metal,Akseli Gallen-Kallela,9,2059,Finnish,male,1865,1931,Q170068,500015305.0,5
559,Finna,hkm.15932A76-D204-476F-8FEF-D01FD9DF2140,Make; Miniature badge of honor with cords; Cross of liberty iv. class; Knight's cross of the finnish lion i. lk; Finnish white rose cross of merit; War of independence commemorative medal; Commemorative medal of the occupation of helsinki in 1918; In the medal row,1930.0,Other,Akseli Gallen-Kallela,9,2059,Finnish,male,1865,1931,Q170068,500015305.0,6
560,Finna,lappeenrannanmuseot.441F9D81-A04A-4068-9A48-796309A76169,"Print, kullervo's departure for war; Print of gallen-kallela's painting",1930.0,Other,Akseli Gallen-Kallela,9,2059,Finnish,male,1865,1931,Q170068,500015305.0,6
561,Finna,museovirasto.1A7196874C76421F40641CF84B48A28C,Relief; Axis gallen-kallela; Medal; Plaque; Portrait,1931.0,Ceramics,Akseli Gallen-Kallela,9,2059,Finnish,male,1865,1931,Q170068,500015305.0,2
562,Finna,hkm.2343A468-9DAC-4D52-AB9A-0BB4318B0F45,Make; Badge; Badge; Revolutionary war hq badge,1932.0,Metal,Akseli Gallen-Kallela,9,2059,Finnish,male,1865,1931,Q170068,500015305.0,5
564,Finna,hkm.7885EB3A-7CCB-49E0-A97E-766425E9F5FC,Make; Badge; The breast star of the 1st commander's badge of the finnish order of the white rose,1935.0,Metal,Akseli Gallen-Kallela,9,2059,Finnish,male,1865,1931,Q170068,500015305.0,5
565,Finna,museovirasto.EBC0F55DC578A451C9E4E20E40D502ED,Gallen-kallela memorial exhibition 1935; Carnival exhibition; Medal; Exhibition medal; Event medal; Plaque; Commemorative medal; Kalevala's 100th anniversary,1935.0,Other,Akseli Gallen-Kallela,9,2059,Finnish,male,1865,1931,Q170068,500015305.0,6
566,Finna,museovirasto.31926A3858D4FF6E7554AAFE095111F5,Medal; Gave the impi his fringes; Relief; Plaque; Art medal,1938.0,Wood,Akseli Gallen-Kallela,9,2059,Finnish,male,1865,1931,Q170068,500015305.0,4
568,Finna,museovirasto.0449407DC9194CE3782B68029A9A5AA4,Knight's badge of the iv class of the order of the cross of liberty with swords (mourning cross) with a black ribbon; Badge; Sad cross,1939.0,Metal,Akseli Gallen-Kallela,9,2059,Finnish,male,1865,1931,Q170068,500015305.0,5
569,Finna,museovirasto.96DA19457322797C825E6C6AF5AC29A0,Medal of the first class of the order of the cross of liberty (first medal of freedom); Badge,1939.0,Metal,Akseli Gallen-Kallela,9,2059,Finnish,male,1865,1931,Q170068,500015305.0,5
570,Finna,hkm.C4AFC9A3-4F2E-4E10-9AF8-E27DADB8BDB5,Medal; Medal of merit; Commemorative medal; Cross of merit of the order of the finnish lion; Winter war commemorative medal; Finnish white rose 1st class medal of merit; Home troops commemorative cross 1939-1945; With strings in the medal row,1940.0,Metal,Akseli Gallen-Kallela,9,2059,Finnish,male,1865,1931,Q170068,500015305.0,5
571,Finna,urheilumuseo.167079112049000,Medal; Svul's silver merit badge,1940.0,Metal,Akseli Gallen-Kallela,9,2059,Finnish,male,1865,1931,Q170068,500015305.0,5
572,Finna,urheilumuseo.167080376735300,Medal; Svul's silver merit badge,1940.0,Metal,Akseli Gallen-Kallela,9,2059,Finnish,male,1865,1931,Q170068,500015305.0,5
573,Finna,hkm.046C4E29-52B8-4FAD-86B3-123892499C33,Make; Medal; Cross of liberty iv. class,1941.0,Other,Akseli Gallen-Kallela,9,2059,Finnish,male,1865,1931,Q170068,500015305.0,6
574,Finna,hkm.390C9A0A-352E-432A-9AFE-7C9AB15FB3A0,Medal; Medal of merit; Cross of liberty ii. class merit medal,1941.0,Metal,Akseli Gallen-Kallela,9,2059,Finnish,male,1865,1931,Q170068,500015305.0,5
575,Finna,hkm.CAE01012-86FA-4E00-BF88-DB32336A5879,Medal; Medal of merit; Commemorative medal; Medal of freedom 1st class; Winter war commemorative medal; With strings in the medal row,1941.0,Other,Akseli Gallen-Kallela,9,2059,Finnish,male,1865,1931,Q170068,500015305.0,6
577,Finna,lusto.knp-17882,"Medal; Bravery medal, vapaudenkristi 2nd lk medal of merit 1941",1941.0,Metal,Akseli Gallen-Kallela,9,2059,Finnish,male,1865,1931,Q170068,500015305.0,5
578,Finna,museovirasto.0145463C576B63A9E4A24B246CE477A1,Continentalheim cross of the first class of the order of the cross of liberty; Badge,1941.0,Other,Akseli Gallen-Kallela,9,2059,Finnish,male,1865,1931,Q170068,500015305.0,6
579,Finna,museovirasto.28A21ECF6C78D7F4396B07E21C6D7D3A,"Medal of the order of the cross of liberty, 1st class, with black ribbon; Mourning medal; Medal of merit",1941.0,Metal,Akseli Gallen-Kallela,9,2059,Finnish,male,1865,1931,Q170068,500015305.0,5
580,Finna,museovirasto.6CF63D2A96F01E78441FA5A5AF3FE710,Knight's badge of the order of the cross of liberty iv class without swords with the sign of the red cross; Badge,1941.0,Metal,Akseli Gallen-Kallela,9,2059,Finnish,male,1865,1931,Q170068,500015305.0,5
581,Finna,museovirasto.6D4FD2EEF76F2CA930C249B9722879E8,Knight's badge of the order of the cross of liberty ii class with swords; Badge,1941.0,Metal,Akseli Gallen-Kallela,9,2059,Finnish,male,1865,1931,Q170068,500015305.0,5
582,Finna,museovirasto.875616EDBF7DE0B1E40C682CABB9213E,Knight's badge of the 3rd class of the order of the cross of liberty with swords and oak leaf; Badge,1941.0,Other,Akseli Gallen-Kallela,9,2059,Finnish,male,1865,1931,Q170068,500015305.0,6
583,Finna,museovirasto.89071154FAA9F567313FB7DF426275E3,Medal of the order of the cross of liberty ii class (liberty medal ii class); Medal of merit,1941.0,Metal,Akseli Gallen-Kallela,9,2059,Finnish,male,1865,1931,Q170068,500015305.0,5
584,Finna,museovirasto.AB4276C876894ED30E81A82016169DB3,Swords of the first class of the order of the cross of liberty with an oak leaf; Badge,1941.0,Other,Akseli Gallen-Kallela,9,2059,Finnish,male,1865,1931,Q170068,500015305.0,6
585,Finna,museovirasto.F585D1A724A46939F176C096B13846B7,Knight's badge of the order of the cross of liberty iv class with swords; Badge; Cross of liberty,1941.0,Metal,Akseli Gallen-Kallela,9,2059,Finnish,male,1865,1931,Q170068,500015305.0,5
588,Finna,tmk.161048306599800,2nd lk freedom medal (vm 2) 1941,1941.0,Other,Akseli Gallen-Kallela,9,2059,Finnish,male,1865,1931,Q170068,500015305.0,6
589,Finna,tmk.161048318553300,Medal of merit of the freedom cross 2nd class (vr am 2) 1941,1941.0,Other,Akseli Gallen-Kallela,9,2059,Finnish,male,1865,1931,Q170068,500015305.0,6
590,Finna,kymenlaaksonmuseot.YLEE98004:2,Badge; Finnish white rose 1st class medal with gold cross,1942.0,Metal,Akseli Gallen-Kallela,9,2059,Finnish,male,1865,1931,Q170068,500015305.0,5
591,Finna,kymenlaaksonmuseot.YLEE98004:4,Badge; 2nd class medal of freedom,1942.0,Other,Akseli Gallen-Kallela,9,2059,Finnish,male,1865,1931,Q170068,500015305.0,6
593,Finna,museovirasto.347CD0505D3D5ED5DC74D40F1E1C886E,Grand cross of the order of the freedom cross with swords (j. k. flagstone); Badge,1950.0,Other,Akseli Gallen-Kallela,9,2059,Finnish,male,1865,1931,Q170068,500015305.0,6
594,Finna,urheilumuseo.167079338650000,Sign of svul; Medal; Union badge; Make,1950.0,Metal,Akseli Gallen-Kallela,9,2059,Finnish,male,1865,1931,Q170068,500015305.0,5
595,Finna,hkm.05783FAC-525F-4434-998B-AD23AF511034,Make; Badge; Medal; New finland,1955.0,Other,Akseli Gallen-Kallela,9,2059,Finnish,male,1865,1931,Q170068,500015305.0,6
596,Finna,hkm.096628CF-4AAE-4007-9EA3-8A8BD386E630,Make; Medal; Carnival club,1960.0,Metal,Akseli Gallen-Kallela,9,2059,Finnish,male,1865,1931,Q170068,500015305.0,5
597,Finna,urheilumuseo.167080376983500,Svul's honorary membership badge; Medal,1965.0,Metal,Akseli Gallen-Kallela,9,2059,Finnish,male,1865,1931,Q170068,500015305.0,5
599,Finna,casahaartman.df2dbcf0-0f17-47f1-b417-99b8020c5a33,Medalj till minne av kalevalas 100-års jubileum och akseli gallen-kallelas minnesutställning 1935,1919.0,Other,Akseli Gallen-Kallela,9,2059,Finnish,male,1865,1931,Q170068,500015305.0,6
600,Finna,hkm.4826B735-00B8-442C-827C-664EB177A39A,Medal; Medal of merit; Medal of the first class of the order of the white rose of finland with a gold cross,1919.0,Metal,Akseli Gallen-Kallela,9,2059,Finnish,male,1865,1931,Q170068,500015305.0,5
601,Finna,lappeenrannanmuseot.c2b31574-0867-4c83-9480-2aa9fe1735c7,3rd class cross of liberty with swords; 3rd class cross of freedom for the merits of the winter war,1919.0,Metal,Akseli Gallen-Kallela,9,2059,Finnish,male,1865,1931,Q170068,500015305.0,5
602,Finna,lusto.knp-14271,Badge; Finnish white rose commander's badge in the case,1919.0,Other,Akseli Gallen-Kallela,9,2059,Finnish,male,1865,1931,Q170068,500015305.0,6
603,Finna,museovirasto.6bdaf48b-c1aa-4cbe-9f5d-03ef6e438055,Honor; Mourning cross for the family of the fallen,1919.0,Metal,Akseli Gallen-Kallela,9,2059,Finnish,male,1865,1931,Q170068,500015305.0,5
604,Finna,museovirasto.8b169a3a-6e1f-47db-8cc2-f77c51d2023c,Knight's badge of the iv class of the order of the cross of freedom with swords (iv lk vapaudensristi m); Badge,1919.0,Metal,Akseli Gallen-Kallela,9,2059,Finnish,male,1865,1931,Q170068,500015305.0,5
605,Finna,museovirasto.a8bf5f35-5770-4cb5-acfa-27e73a41c20d,2nd class medal of the order of the cross of freedom with the mark of the red cross (ii 1st freedom medal with the mark of the pr); Medal of merit,1919.0,Other,Akseli Gallen-Kallela,9,2059,Finnish,male,1865,1931,Q170068,500015305.0,6
606,Finna,museovirasto.c8e34f5d-110c-48e8-a870-d9599c2366c5,Order of the cross of liberty iv class knight badge without swords.; Badge,1919.0,Other,Akseli Gallen-Kallela,9,2059,Finnish,male,1865,1931,Q170068,500015305.0,6
607,Finna,postimuseo.2769ffbb-9860-4f9a-864c-1a6f6fa76b45,"Postcard; Photo postcard; Mourning, period of oppression; Subject of the postcard: landscape from kariniemi",1919.0,Paper,Akseli Gallen-Kallela,9,2059,Finnish,male,1865,1931,Q170068,500015305.0,3
608,Finna,postimuseo.2E72282A-E065-4646-B4FA-4FB58B58F5F7,Make; Mourning sign; Sign of mourning,1919.0,Paper,Akseli Gallen-Kallela,9,2059,Finnish,male,1865,1931,Q170068,500015305.0,3
609,Finna,postimuseo.3A6A1627-D0C5-44AD-845F-847D3FF74772,Stamp; Stamp sheet; Model 1930 woodcutter,1919.0,Paper,Akseli Gallen-Kallela,9,2059,Finnish,male,1865,1931,Q170068,500015305.0,3
613,Finna,postimuseo.5E068430-749B-478B-A32D-E24B239DF857,Stamp; Stamp sheet; Kalevala 100 years - poetry singers,1919.0,Paper,Akseli Gallen-Kallela,9,2059,Finnish,male,1865,1931,Q170068,500015305.0,3
614,Finna,postimuseo.5E68E665-53D4-47C5-9D60-703CFEA84286,A sign of mourning; Sign of mourning,1919.0,Paper,Akseli Gallen-Kallela,9,2059,Finnish,male,1865,1931,Q170068,500015305.0,3
615,Finna,postimuseo.690fba2d-1de3-4130-bd27-4def4e2c6325,"Postage; Letter; A sign of mourning, a period of oppression",1919.0,Paper,Akseli Gallen-Kallela,9,2059,Finnish,male,1865,1931,Q170068,500015305.0,3
616,Finna,postimuseo.6ff2311a-a2a9-4e3a-b716-b6466b55c129,"Postage; Postcard; A sign of mourning, a period of oppression",1919.0,Paper,Akseli Gallen-Kallela,9,2059,Finnish,male,1865,1931,Q170068,500015305.0,3
617,Finna,postimuseo.71a4ecf3-2f89-4a22-8bcb-e4463c495a9a,"Postage; Letter; A sign of mourning, a period of oppression",1919.0,Paper,Akseli Gallen-Kallela,9,2059,Finnish,male,1865,1931,Q170068,500015305.0,3
620,Finna,postimuseo.B216C178-8CD2-4819-B2B7-2CF88FB773C3,Stamp; Stamp sheet; Kalevala 100 years - kullervo's departure for war,1919.0,Paper,Akseli Gallen-Kallela,9,2059,Finnish,male,1865,1931,Q170068,500015305.0,3
621,Finna,postimuseo.F1E7ED7E-4B2C-4A8D-9D3B-50ADCF4C2545,Stamp; Stamp sheet; Kalevala 100 years - sampo's defense,1919.0,Paper,Akseli Gallen-Kallela,9,2059,Finnish,male,1865,1931,Q170068,500015305.0,3
622,Finna,postimuseo.F9A58D59-E7ED-4019-B13A-F485A40103BF,Stamp; Stamp sheet; Marshal c.g.e. mannerheim 70 years,1919.0,Paper,Akseli Gallen-Kallela,9,2059,Finnish,male,1865,1931,Q170068,500015305.0,3
623,Finna,postimuseo.afc38e01-4da9-425d-9516-424a8070f1de,"Postage; Envelope; A sign of mourning, a period of oppression",1919.0,Paper,Akseli Gallen-Kallela,9,2059,Finnish,male,1865,1931,Q170068,500015305.0,3
624,Finna,postimuseo.c74c413a-ceef-41fb-8d18-055e63c5b484,"Postcard; Photo postcard; A sign of mourning, a period of oppression",1919.0,Paper,Akseli Gallen-Kallela,9,2059,Finnish,male,1865,1931,Q170068,500015305.0,3
625,Finna,tmk.161006378920700,Knight badge of the white rose 1st class; Badge,1919.0,Other,Akseli Gallen-Kallela,9,2059,Finnish,male,1865,1931,Q170068,500015305.0,6
626,Finna,tmk.165053539804200,Knife pist m/1919,1919.0,Metal,Akseli Gallen-Kallela,9,2059,Finnish,male,1865,1931,Q170068,500015305.0,5
627,Finna,tmk.161004596621100,Platter,1936.0,Ceramics,Friedl Holzer-Kjellberg,12,2715,Finnish,male,1905,1993,,,2
628,Finna,heinolanmuseo.hkm-96663,Decorative item,1941.0,Ceramics,Friedl Holzer-Kjellberg,12,2715,Finnish,male,1905,1993,,,2
629,Finna,tmk.160992180152100,Vase,1944.0,Ceramics,Friedl Holzer-Kjellberg,12,2715,Finnish,male,1905,1993,,,2
630,Finna,hkm.E917E12D-919C-4527-9024-EFB5632076E7,Decorative object; Figure,1945.0,Ceramics,Friedl Holzer-Kjellberg,12,2715,Finnish,male,1905,1993,,,2
631,Finna,tmk.160998659818900,Vase,1945.0,Ceramics,Friedl Holzer-Kjellberg,12,2715,Finnish,male,1905,1993,,,2
632,Finna,hkm.3C58E57C-5B02-4B6A-A523-580E572DEEB0,Cup,1950.0,Ceramics,Friedl Holzer-Kjellberg,12,2715,Finnish,male,1905,1993,,,2
633,Finna,hkm.58B9EF62-81E4-4573-9673-68103D291831,Cup; Fk/5,1950.0,Ceramics,Friedl Holzer-Kjellberg,12,2715,Finnish,male,1905,1993,,,2
634,Finna,hkm.61862F36-9CDB-4D7E-AC90-380441719237,Cup; Fk/1,1950.0,Ceramics,Friedl Holzer-Kjellberg,12,2715,Finnish,male,1905,1993,,,2
635,Finna,hkm.8A96A32C-AF54-4D20-A92E-6E1186EFD8DE,Plate,1950.0,Ceramics,Friedl Holzer-Kjellberg,12,2715,Finnish,male,1905,1993,,,2
636,Finna,hkm.90E71CCE-E40E-4148-AF5A-ABBBC13F91BB,A pair of cups; Coffee cup and saucer; Leaf,1950.0,Ceramics,Friedl Holzer-Kjellberg,12,2715,Finnish,male,1905,1993,,,2
637,Finna,hkm.A118723C-D877-4134-B411-27B2A6E20150,Bowl,1950.0,Ceramics,Friedl Holzer-Kjellberg,12,2715,Finnish,male,1905,1993,,,2
638,Finna,hkm.A90C6495-1389-445B-B73F-FEF63885EA84,Cup; Line,1950.0,Ceramics,Friedl Holzer-Kjellberg,12,2715,Finnish,male,1905,1993,,,2
639,Finna,hkm.AF039C31-00B6-4B7D-9C64-A614ED35629B,Plate,1950.0,Ceramics,Friedl Holzer-Kjellberg,12,2715,Finnish,male,1905,1993,,,2
640,Finna,hkm.B81B90A0-41FA-487D-9C5F-18BF0A19D3BC,Cup; Branch,1950.0,Ceramics,Friedl Holzer-Kjellberg,12,2715,Finnish,male,1905,1993,,,2
641,Finna,hkm.C9AECBDC-DA9C-44E3-BFD0-20C3DB58E0AF,Bowl,1950.0,Ceramics,Friedl Holzer-Kjellberg,12,2715,Finnish,male,1905,1993,,,2
642,Finna,hkm.D1F527BC-CF51-4DE8-B394-A9E48729D8F6,Cup; Decorative bowl,1950.0,Ceramics,Friedl Holzer-Kjellberg,12,2715,Finnish,male,1905,1993,,,2
643,Finna,hkm.DD4B8972-20EE-42EA-B79C-A54F848B526B,Bowl,1950.0,Ceramics,Friedl Holzer-Kjellberg,12,2715,Finnish,male,1905,1993,,,2
644,Finna,hkm.F16B9550-14B9-403B-A945-A2D0F470D74F,Vase; Fk/9,1950.0,Ceramics,Friedl Holzer-Kjellberg,12,2715,Finnish,male,1905,1993,,,2
645,Finna,heinolanmuseo.hkm-91929,Cup,1955.0,Ceramics,Friedl Holzer-Kjellberg,12,2715,Finnish,male,1905,1993,,,2
646,Finna,hkm.112CC6C2-A8DB-4034-8D77-CD18576E88FD,Plate; Bread plate; Line,1955.0,Ceramics,Friedl Holzer-Kjellberg,12,2715,Finnish,male,1905,1993,,,2
647,Finna,hkm.B196BD67-E942-4463-8766-7B64854AD8B8,Coffee cup and saucer; Fk streak,1955.0,Ceramics,Friedl Holzer-Kjellberg,12,2715,Finnish,male,1905,1993,,,2
648,Finna,hkm.19CADA1C-B0C1-470C-9759-5ED10ACD0275,Plate; Salad plate; Pearl,1968.0,Ceramics,Friedl Holzer-Kjellberg,12,2715,Finnish,male,1905,1993,,,2
649,Finna,hkm.224FBF90-A916-4F2D-B427-A279F709379F,Teacup; Pearl,1968.0,Ceramics,Friedl Holzer-Kjellberg,12,2715,Finnish,male,1905,1993,,,2
650,Finna,hkm.2F959D2D-F362-440C-8B0D-25F5C75D384B,Plate; Dish; Saucer; Pearl; A cup of tea,1968.0,Ceramics,Friedl Holzer-Kjellberg,12,2715,Finnish,male,1905,1993,,,2
651,Finna,hkm.3E6C59D4-7F79-4E24-88FF-66AB34BDA191,Plate; Dinner plate; Pearl,1968.0,Ceramics,Friedl Holzer-Kjellberg,12,2715,Finnish,male,1905,1993,,,2
652,Finna,hkm.50F876AE-BA8B-4FD7-8158-D745FE4D4F73,Coffee cup; Suede cup; Pearl,1968.0,Ceramics,Friedl Holzer-Kjellberg,12,2715,Finnish,male,1905,1993,,,2
653,Finna,hkm.E7F098AC-5163-4527-ABB5-C4465232504C,Plate; Dish; Saucer; Pearl; Coffee cup,1968.0,Ceramics,Friedl Holzer-Kjellberg,12,2715,Finnish,male,1905,1993,,,2
654,Finna,hkm.EB683944-4E68-4B57-BEEF-99DB4DAC5CA2,Bowl; Pearl,1968.0,Ceramics,Friedl Holzer-Kjellberg,12,2715,Finnish,male,1905,1993,,,2
655,Finna,hkm.FCE0191C-831B-447B-B2B1-2BCB78E6AF38,Plate; Dish; Bread plate; Pearl,1968.0,Ceramics,Friedl Holzer-Kjellberg,12,2715,Finnish,male,1905,1993,,,2
656,Finna,hkm.7465C1DA-0B0B-4CFA-A2CB-E660C49C982D,Plate; Serving plate; Platter; Line,1974.0,Ceramics,Friedl Holzer-Kjellberg,12,2715,Finnish,male,1905,1993,,,2
657,Finna,tmk.169157651259000,Coffee cup,1950.0,Ceramics,Friedl Holzer-Kjellberg,12,2715,Finnish,male,1905,1993,,,2
658,Finna,tmk.169157665509100,Coffee cup,1950.0,Ceramics,Friedl Holzer-Kjellberg,12,2715,Finnish,male,1905,1993,,,2
659,Finna,tmk.169157675458000,Coffee cup,1950.0,Ceramics,Friedl Holzer-Kjellberg,12,2715,Finnish,male,1905,1993,,,2
660,Finna,tmk.169157679204000,Coffee cup,1950.0,Ceramics,Friedl Holzer-Kjellberg,12,2715,Finnish,male,1905,1993,,,2
661,Finna,tmk.169157681673100,Coffee cup,1950.0,Ceramics,Friedl Holzer-Kjellberg,12,2715,Finnish,male,1905,1993,,,2
662,Finna,tmk.169157709441700,Cup; Coffee cup coaster,1950.0,Ceramics,Friedl Holzer-Kjellberg,12,2715,Finnish,male,1905,1993,,,2
663,Finna,tmk.169157733509000,Cup; Coffee cup coaster,1950.0,Ceramics,Friedl Holzer-Kjellberg,12,2715,Finnish,male,1905,1993,,,2
664,Finna,tmk.169157737712400,Cup; Coffee cup coaster,1950.0,Ceramics,Friedl Holzer-Kjellberg,12,2715,Finnish,male,1905,1993,,,2
665,Finna,tmk.169157742106100,Cup; Coffee cup coaster,1950.0,Ceramics,Friedl Holzer-Kjellberg,12,2715,Finnish,male,1905,1993,,,2
666,Finna,tmk.169157746074400,Cup; Coffee cup coaster,1950.0,Ceramics,Friedl Holzer-Kjellberg,12,2715,Finnish,male,1905,1993,,,2
667,Finna,tmk.169157786088900,A bread plate,1950.0,Ceramics,Friedl Holzer-Kjellberg,12,2715,Finnish,male,1905,1993,,,2
668,Finna,tmk.169157796946800,A bread plate,1950.0,Ceramics,Friedl Holzer-Kjellberg,12,2715,Finnish,male,1905,1993,,,2
669,Finna,tmk.169157801414400,A bread plate,1950.0,Ceramics,Friedl Holzer-Kjellberg,12,2715,Finnish,male,1905,1993,,,2
670,Finna,tmk.169157804795700,A bread plate,1950.0,Ceramics,Friedl Holzer-Kjellberg,12,2715,Finnish,male,1905,1993,,,2
671,Finna,tmk.169157808325600,A bread plate,1950.0,Ceramics,Friedl Holzer-Kjellberg,12,2715,Finnish,male,1905,1993,,,2
672,Finna,tmk.169157812195300,A bread plate,1950.0,Ceramics,Friedl Holzer-Kjellberg,12,2715,Finnish,male,1905,1993,,,2
673,Finna,kymenlaaksonmuseot.KarhE1017:1,Champagne glass; 2029; Louise,1930.0,Glass,Göran Hongell,13,2720,Finnish,male,1902,1973,,,1
674,Finna,kymenlaaksonmuseot.KarhE813:1,Cocktail glass; 5413 p. 368,1930.0,Glass,Göran Hongell,13,2720,Finnish,male,1902,1973,,,1
675,Finna,kymenlaaksonmuseot.KarhE813:2,Cocktail carafe; Carafe; 5413 p 368,1930.0,Glass,Göran Hongell,13,2720,Finnish,male,1902,1973,,,1
676,Finna,kymenlaaksonmuseot.KarhE813:4,Cocktail carafe; 5413 p. 368; Carafe,1930.0,Glass,Göran Hongell,13,2720,Finnish,male,1902,1973,,,1
677,Finna,kymenlaaksonmuseot.KarhE813:5,Plate; 5413 p 368,1930.0,Glass,Göran Hongell,13,2720,Finnish,male,1902,1973,,,1
678,Finna,kymenlaaksonmuseot.KarhE966:1,Cup; 9356,1930.0,Glass,Göran Hongell,13,2720,Finnish,male,1902,1973,,,1
679,Finna,kymenlaaksonmuseot.KarhE990:1,Bowl,1930.0,Other,Göran Hongell,13,2720,Finnish,male,1902,1973,,,6
680,Finna,kymenlaaksonmuseot.KarhE941:4,Vase; 3364 / 3031,1932.0,Glass,Göran Hongell,13,2720,Finnish,male,1902,1973,,,1
681,Finna,kymenlaaksonmuseot.KarhE957:2,Comb tray; Hairdressing table furniture; 5364/ 3764,1933.0,Other,Göran Hongell,13,2720,Finnish,male,1902,1973,,,6
682,Finna,kymenlaaksonmuseot.KarhE957:3,Needle tray; Hairdressing table furniture; 5364/ 3764,1933.0,Ceramics,Göran Hongell,13,2720,Finnish,male,1902,1973,,,2
683,Finna,kymenlaaksonmuseot.KarhE959:1,Vase,1933.0,Other,Göran Hongell,13,2720,Finnish,male,1902,1973,,,6
684,Finna,kymenlaaksonmuseot.KarhE980:1,Salad bowl; 9696,1933.0,Ceramics,Göran Hongell,13,2720,Finnish,male,1902,1973,,,2
685,Finna,kymenlaaksonmuseot.KarhE980:4,Salad bowl; 9696,1933.0,Other,Göran Hongell,13,2720,Finnish,male,1902,1973,,,6
686,Finna,kymenlaaksonmuseot.KarhE980:5,Salad bowl; 9696,1933.0,Other,Göran Hongell,13,2720,Finnish,male,1902,1973,,,6
687,Finna,kymenlaaksonmuseot.KarhE980:6,Salad bowl; 9696,1933.0,Ceramics,Göran Hongell,13,2720,Finnish,male,1902,1973,,,2
688,Finna,kymenlaaksonmuseot.KarhE980:7,Salad bowl; 9696,1933.0,Ceramics,Göran Hongell,13,2720,Finnish,male,1902,1973,,,2
689,Finna,kymenlaaksonmuseot.KarhE980:8,Salad bowl; 9696,1933.0,Other,Göran Hongell,13,2720,Finnish,male,1902,1973,,,6
690,Finna,kymenlaaksonmuseot.KarhE940:1,Vase; 9662,1935.0,Glass,Göran Hongell,13,2720,Finnish,male,1902,1973,,,1
691,Finna,kymenlaaksonmuseot.KarhE940:2,Vase; 9662,1935.0,Ceramics,Göran Hongell,13,2720,Finnish,male,1902,1973,,,2
692,Finna,kymenlaaksonmuseot.KarhE942:1,Vase; 9654,1935.0,Glass,Göran Hongell,13,2720,Finnish,male,1902,1973,,,1
693,Finna,kymenlaaksonmuseot.KarhE942:2,Vase; 9654,1935.0,Glass,Göran Hongell,13,2720,Finnish,male,1902,1973,,,1
694,Finna,kymenlaaksonmuseot.KarhE945:1,Vase; 9681; R-optich,1935.0,Glass,Göran Hongell,13,2720,Finnish,male,1902,1973,,,1
695,Finna,kymenlaaksonmuseot.KarhE945:2,Vase; R-optich; 9681,1935.0,Glass,Göran Hongell,13,2720,Finnish,male,1902,1973,,,1
696,Finna,kymenlaaksonmuseot.KarhE945:3,Vase; R-optich; 9681,1935.0,Glass,Göran Hongell,13,2720,Finnish,male,1902,1973,,,1
697,Finna,kymenlaaksonmuseot.KarhE945:4,Vase; R-optich; 9681,1935.0,Glass,Göran Hongell,13,2720,Finnish,male,1902,1973,,,1
698,Finna,kymenlaaksonmuseot.KarhE979:1,Plate; Platter,1935.0,Glass,Göran Hongell,13,2720,Finnish,male,1902,1973,,,1
699,Finna,lappeenrannanmuseot.3DCDD146-8F70-4B5C-A6F9-5D0DCDBF3184,Serving dish; Cake pan; Cake tray,1935.0,Glass,Göran Hongell,13,2720,Finnish,male,1902,1973,,,1
700,Finna,varkaudenmuseot.pju-68520,"Prize trophy, award; Factory ski trophy",1935.0,Glass,Göran Hongell,13,2720,Finnish,male,1902,1973,,,1
701,Finna,kymenlaaksonmuseot.KarhE1004:1,Vase; Gh-n1; Jar,1936.0,Glass,Göran Hongell,13,2720,Finnish,male,1902,1973,,,1
702,Finna,kymenlaaksonmuseot.KarhE1018:2,Beer glass; Oath,1936.0,Glass,Göran Hongell,13,2720,Finnish,male,1902,1973,,,1
703,Finna,kymenlaaksonmuseot.KarhE1018:3,Wine glass; Oath,1936.0,Glass,Göran Hongell,13,2720,Finnish,male,1902,1973,,,1
704,Finna,kymenlaaksonmuseot.KarhE1018:5,A tumbler; Oath,1936.0,Glass,Göran Hongell,13,2720,Finnish,male,1902,1973,,,1
705,Finna,kymenlaaksonmuseot.KarhE1018:6,A tumbler; Oath,1936.0,Glass,Göran Hongell,13,2720,Finnish,male,1902,1973,,,1
706,Finna,kymenlaaksonmuseot.KarhE1024:1,Champagne glass; Crab; 8258,1936.0,Glass,Göran Hongell,13,2720,Finnish,male,1902,1973,,,1
707,Finna,kymenlaaksonmuseot.KarhE1024:2,A tumbler; 8258; Crab,1936.0,Glass,Göran Hongell,13,2720,Finnish,male,1902,1973,,,1
708,Finna,kymenlaaksonmuseot.KarhE1024:3,A tumbler; 8258; Crab,1936.0,Glass,Göran Hongell,13,2720,Finnish,male,1902,1973,,,1
709,Finna,kymenlaaksonmuseot.KarhE1024:4,A tumbler; 8258; Crab,1936.0,Glass,Göran Hongell,13,2720,Finnish,male,1902,1973,,,1
710,Finna,kymenlaaksonmuseot.KarhE1116:1,Decorative bottle; 9636; Carafe,1936.0,Ceramics,Göran Hongell,13,2720,Finnish,male,1902,1973,,,2
711,Finna,kymenlaaksonmuseot.KarhE681:1,Your cocktail glass,1936.0,Glass,Göran Hongell,13,2720,Finnish,male,1902,1973,,,1
712,Finna,kymenlaaksonmuseot.KarhE953:1,Cup; 9732; Duckling,1936.0,Glass,Göran Hongell,13,2720,Finnish,male,1902,1973,,,1
713,Finna,kymenlaaksonmuseot.KarhE954:1,A toast with legs,1936.0,Ceramics,Göran Hongell,13,2720,Finnish,male,1902,1973,,,2
714,Finna,kymenlaaksonmuseot.KarhE981:1,Cup; 9787,1936.0,Glass,Göran Hongell,13,2720,Finnish,male,1902,1973,,,1
715,Finna,kymenlaaksonmuseot.KarhE981:2,Cup; 9787,1936.0,Glass,Göran Hongell,13,2720,Finnish,male,1902,1973,,,1
716,Finna,kymenlaaksonmuseot.KarhE984:1,Cup,1936.0,Glass,Göran Hongell,13,2720,Finnish,male,1902,1973,,,1
717,Finna,kymenlaaksonmuseot.KarhE1022:1,Your cocktail glass,1937.0,Glass,Göran Hongell,13,2720,Finnish,male,1902,1973,,,1
718,Finna,kymenlaaksonmuseot.KarhE1023:1,A glass of wine,1937.0,Glass,Göran Hongell,13,2720,Finnish,male,1902,1973,,,1
719,Finna,kymenlaaksonmuseot.KarhE1038:1,Drinking glass; 9682,1937.0,Glass,Göran Hongell,13,2720,Finnish,male,1902,1973,,,1
720,Finna,kymenlaaksonmuseot.KarhE1038:2,Drinking glass; 9682,1937.0,Glass,Göran Hongell,13,2720,Finnish,male,1902,1973,,,1
721,Finna,kymenlaaksonmuseot.KarhE1038:3,Drinking glass; 9682,1937.0,Glass,Göran Hongell,13,2720,Finnish,male,1902,1973,,,1
722,Finna,kymenlaaksonmuseot.KarhE514:10,Plate; 4230; Roller,1937.0,Glass,Göran Hongell,13,2720,Finnish,male,1902,1973,,,1
723,Finna,kymenlaaksonmuseot.KarhE514:13,Drinking glass; 4062; Roller,1937.0,Glass,Göran Hongell,13,2720,Finnish,male,1902,1973,,,1
724,Finna,kymenlaaksonmuseot.KarhE514:15,Vase; 4938; Roller,1937.0,Glass,Göran Hongell,13,2720,Finnish,male,1902,1973,,,1
725,Finna,kymenlaaksonmuseot.KarhE514:19,Footed plate; 4469; Roller,1937.0,Glass,Göran Hongell,13,2720,Finnish,male,1902,1973,,,1
726,Finna,kymenlaaksonmuseot.KarhE514:2,Bowl; 4354; Roller,1937.0,Glass,Göran Hongell,13,2720,Finnish,male,1902,1973,,,1
727,Finna,kymenlaaksonmuseot.KarhE514:23,A bowl with a foot; 4432; Roller,1937.0,Glass,Göran Hongell,13,2720,Finnish,male,1902,1973,,,1
728,Finna,kymenlaaksonmuseot.KarhE514:3,A bowl with a foot; 4432; Roller,1937.0,Glass,Göran Hongell,13,2720,Finnish,male,1902,1973,,,1
729,Finna,kymenlaaksonmuseot.KarhE514:4,Footed plate; 4468; Roller,1937.0,Glass,Göran Hongell,13,2720,Finnish,male,1902,1973,,,1
730,Finna,kymenlaaksonmuseot.KarhE514:5,Vase; 4938; Roller,1937.0,Glass,Göran Hongell,13,2720,Finnish,male,1902,1973,,,1
731,Finna,kymenlaaksonmuseot.KarhE514:7,Plate; 4230; Roller,1937.0,Glass,Göran Hongell,13,2720,Finnish,male,1902,1973,,,1
732,Finna,kymenlaaksonmuseot.KarhE515:1,Bowl; 4327; That's it,1937.0,Glass,Göran Hongell,13,2720,Finnish,male,1902,1973,,,1
733,Finna,kymenlaaksonmuseot.KarhE515:10,A bowl with a foot; 4430; That's it,1937.0,Glass,Göran Hongell,13,2720,Finnish,male,1902,1973,,,1
734,Finna,kymenlaaksonmuseot.KarhE515:12,A bowl with a foot; 4430; That's it,1937.0,Glass,Göran Hongell,13,2720,Finnish,male,1902,1973,,,1
735,Finna,kymenlaaksonmuseot.KarhE515:13,A bowl with a foot; 4429; That's it,1937.0,Glass,Göran Hongell,13,2720,Finnish,male,1902,1973,,,1
736,Finna,kymenlaaksonmuseot.KarhE515:14,A bowl with a foot; 4429; That's it,1937.0,Glass,Göran Hongell,13,2720,Finnish,male,1902,1973,,,1
737,Finna,kymenlaaksonmuseot.KarhE515:16,A bowl with a foot; 4429; That's it,1937.0,Glass,Göran Hongell,13,2720,Finnish,male,1902,1973,,,1
738,Finna,kymenlaaksonmuseot.KarhE515:17,Jug; 4649; Silk,1937.0,Glass,Göran Hongell,13,2720,Finnish,male,1902,1973,,,1
739,Finna,kymenlaaksonmuseot.KarhE515:18,Jug; 4649; That's it,1937.0,Glass,Göran Hongell,13,2720,Finnish,male,1902,1973,,,1
740,Finna,kymenlaaksonmuseot.KarhE515:19,Plate; 4227; That's it,1937.0,Glass,Göran Hongell,13,2720,Finnish,male,1902,1973,,,1
741,Finna,kymenlaaksonmuseot.KarhE515:20,Plate; 4228; That's it,1937.0,Glass,Göran Hongell,13,2720,Finnish,male,1902,1973,,,1
742,Finna,kymenlaaksonmuseot.KarhE515:23,Jug; 4649; That's it,1937.0,Glass,Göran Hongell,13,2720,Finnish,male,1902,1973,,,1
743,Finna,kymenlaaksonmuseot.KarhE515:24,Plate; 4227; That's it,1937.0,Glass,Göran Hongell,13,2720,Finnish,male,1902,1973,,,1
744,Finna,kymenlaaksonmuseot.KarhE515:25,Plate; 4227; That's it,1937.0,Glass,Göran Hongell,13,2720,Finnish,male,1902,1973,,,1
745,Finna,kymenlaaksonmuseot.KarhE515:4,Jug; 4649; That's it,1937.0,Glass,Göran Hongell,13,2720,Finnish,male,1902,1973,,,1
746,Finna,kymenlaaksonmuseot.KarhE515:7,Bowl; 4327; That's it,1937.0,Glass,Göran Hongell,13,2720,Finnish,male,1902,1973,,,1
747,Finna,kymenlaaksonmuseot.KarhE941:1,Vase; 3364 / 3031; Girl and boy,1937.0,Glass,Göran Hongell,13,2720,Finnish,male,1902,1973,,,1
748,Finna,kymenlaaksonmuseot.KarhE941:2,Vase; 3364 / 3031; Girl and boy,1937.0,Glass,Göran Hongell,13,2720,Finnish,male,1902,1973,,,1
749,Finna,kymenlaaksonmuseot.KarhE948:1,Cup; Seal hunting; 5026,1937.0,Glass,Göran Hongell,13,2720,Finnish,male,1902,1973,,,1
750,Finna,kymenlaaksonmuseot.KarhE949:1,Vase; Harvest; 9655/ 3168,1937.0,Glass,Göran Hongell,13,2720,Finnish,male,1902,1973,,,1
751,Finna,kymenlaaksonmuseot.KarhE950:1,Goblet with a foot; 9342,1937.0,Glass,Göran Hongell,13,2720,Finnish,male,1902,1973,,,1
752,Finna,kymenlaaksonmuseot.KarhE950:2,Goblet with a foot; 9342,1937.0,Glass,Göran Hongell,13,2720,Finnish,male,1902,1973,,,1
753,Finna,kymenlaaksonmuseot.KarhE964:1,Vase; Cut crystal vase,1937.0,Glass,Göran Hongell,13,2720,Finnish,male,1902,1973,,,1
754,Finna,kymenlaaksonmuseot.KarhE978:1,Dessert plate; 2093,1937.0,Glass,Göran Hongell,13,2720,Finnish,male,1902,1973,,,1
755,Finna,kymenlaaksonmuseot.KarhE983:1,Cup,1937.0,Glass,Göran Hongell,13,2720,Finnish,male,1902,1973,,,1
756,Finna,kymenlaaksonmuseot.KarhE987:1,Cup; 6251,1937.0,Glass,Göran Hongell,13,2720,Finnish,male,1902,1973,,,1
757,Finna,kymenlaaksonmuseot.KarhE1008:1,Cup; 9735; Gh-9,1938.0,Glass,Göran Hongell,13,2720,Finnish,male,1902,1973,,,1
758,Finna,kymenlaaksonmuseot.KarhE1008:2,Cup; Gh-9; 9735,1938.0,Glass,Göran Hongell,13,2720,Finnish,male,1902,1973,,,1
759,Finna,kymenlaaksonmuseot.KarhE1008:3,Cup; 9735; Gh-9,1938.0,Glass,Göran Hongell,13,2720,Finnish,male,1902,1973,,,1
760,Finna,kymenlaaksonmuseot.KarhE516:1,Bowl; 4334; Rain,1938.0,Ceramics,Göran Hongell,13,2720,Finnish,male,1902,1973,,,2
761,Finna,kymenlaaksonmuseot.KarhE516:11,Plate; 4242; Rain,1938.0,Ceramics,Göran Hongell,13,2720,Finnish,male,1902,1973,,,2
762,Finna,kymenlaaksonmuseot.KarhE516:12,Plate; 4242; Rain,1938.0,Ceramics,Göran Hongell,13,2720,Finnish,male,1902,1973,,,2
763,Finna,kymenlaaksonmuseot.KarhE516:13,Plate; 4242; Rain,1938.0,Other,Göran Hongell,13,2720,Finnish,male,1902,1973,,,6
764,Finna,kymenlaaksonmuseot.KarhE516:14,Plate; 4242; Rain,1938.0,Other,Göran Hongell,13,2720,Finnish,male,1902,1973,,,6
765,Finna,kymenlaaksonmuseot.KarhE516:16,Plate; 4242; Rain,1938.0,Ceramics,Göran Hongell,13,2720,Finnish,male,1902,1973,,,2
766,Finna,kymenlaaksonmuseot.KarhE516:18,Plate; 4242; Rain,1938.0,Other,Göran Hongell,13,2720,Finnish,male,1902,1973,,,6
767,Finna,kymenlaaksonmuseot.KarhE516:2,Goblet with a foot; 4437; Rain,1938.0,Other,Göran Hongell,13,2720,Finnish,male,1902,1973,,,6
768,Finna,kymenlaaksonmuseot.KarhE516:20,Plate; 4243; Rain,1938.0,Ceramics,Göran Hongell,13,2720,Finnish,male,1902,1973,,,2
769,Finna,kymenlaaksonmuseot.KarhE516:21,Plate; 4243; Rain,1938.0,Other,Göran Hongell,13,2720,Finnish,male,1902,1973,,,6
770,Finna,kymenlaaksonmuseot.KarhE516:24,Plate; 4243; Rain,1938.0,Other,Göran Hongell,13,2720,Finnish,male,1902,1973,,,6
771,Finna,kymenlaaksonmuseot.KarhE516:25,Plate; 4243; Rain,1938.0,Ceramics,Göran Hongell,13,2720,Finnish,male,1902,1973,,,2
772,Finna,kymenlaaksonmuseot.KarhE516:36,Bowl; 4334; Rain,1938.0,Ceramics,Göran Hongell,13,2720,Finnish,male,1902,1973,,,2
773,Finna,kymenlaaksonmuseot.KarhE516:37,Bowl; 4334; Rain,1938.0,Glass,Göran Hongell,13,2720,Finnish,male,1902,1973,,,1
774,Finna,kymenlaaksonmuseot.KarhE516:38,Bowl; 4334; Rain,1938.0,Ceramics,Göran Hongell,13,2720,Finnish,male,1902,1973,,,2
775,Finna,kymenlaaksonmuseot.KarhE516:39,Bowl; 4334; Rain,1938.0,Ceramics,Göran Hongell,13,2720,Finnish,male,1902,1973,,,2
776,Finna,kymenlaaksonmuseot.KarhE516:40,Bowl; 4334; Rain,1938.0,Ceramics,Göran Hongell,13,2720,Finnish,male,1902,1973,,,2
777,Finna,kymenlaaksonmuseot.KarhE516:43,Bowl; 4334; Rain,1938.0,Ceramics,Göran Hongell,13,2720,Finnish,male,1902,1973,,,2
778,Finna,kymenlaaksonmuseot.KarhE516:44,Bowl; 4334 b; Rain,1938.0,Ceramics,Göran Hongell,13,2720,Finnish,male,1902,1973,,,2
779,Finna,kymenlaaksonmuseot.KarhE516:46,Creamery; 4517; Rain,1938.0,Other,Göran Hongell,13,2720,Finnish,male,1902,1973,,,6
780,Finna,kymenlaaksonmuseot.KarhE516:5,Jug; Rain,1938.0,Glass,Göran Hongell,13,2720,Finnish,male,1902,1973,,,1
781,Finna,kymenlaaksonmuseot.KarhE516:6,Plate; 4242; Rain,1938.0,Other,Göran Hongell,13,2720,Finnish,male,1902,1973,,,6
782,Finna,kymenlaaksonmuseot.KarhE516:7,Plate; 4242; Rain,1938.0,Ceramics,Göran Hongell,13,2720,Finnish,male,1902,1973,,,2
783,Finna,kymenlaaksonmuseot.KarhE516:9,Plate; 4242; Rain,1938.0,Ceramics,Göran Hongell,13,2720,Finnish,male,1902,1973,,,2
784,Finna,kymenlaaksonmuseot.KarhE939:2,Goblet with a foot; 9667,1938.0,Glass,Göran Hongell,13,2720,Finnish,male,1902,1973,,,1
785,Finna,kymenlaaksonmuseot.KarhE941:3,Vase; 3364 / 3031,1938.0,Glass,Göran Hongell,13,2720,Finnish,male,1902,1973,,,1
786,Finna,kymenlaaksonmuseot.KarhE952:1,Cup; 6201/ 3173,1938.0,Glass,Göran Hongell,13,2720,Finnish,male,1902,1973,,,1
787,Finna,kymenlaaksonmuseot.KarhE956:1,Vase; 9718,1938.0,Glass,Göran Hongell,13,2720,Finnish,male,1902,1973,,,1
788,Finna,kymenlaaksonmuseot.KarhE967:1,Cup; Finnish wood processing industry,1938.0,Ceramics,Göran Hongell,13,2720,Finnish,male,1902,1973,,,2
789,Finna,kymenlaaksonmuseot.KarhE968:1,Plate; Viking,1938.0,Other,Göran Hongell,13,2720,Finnish,male,1902,1973,,,6
790,Finna,kymenlaaksonmuseot.KarhE975:1,Vase; 9788,1938.0,Glass,Göran Hongell,13,2720,Finnish,male,1902,1973,,,1
791,Finna,kymenlaaksonmuseot.KarhE991:1,A footed bowl,1938.0,Ceramics,Göran Hongell,13,2720,Finnish,male,1902,1973,,,2
792,Finna,kymenlaaksonmuseot.KarhE992:1,Vase; Gh-21,1938.0,Glass,Göran Hongell,13,2720,Finnish,male,1902,1973,,,1
793,Finna,kymenlaaksonmuseot.KarhE999:1,Cup,1938.0,Glass,Göran Hongell,13,2720,Finnish,male,1902,1973,,,1
794,Finna,kymenlaaksonmuseot.KarhE1020:1,Beer glass; Ny glazing; 6115,1939.0,Glass,Göran Hongell,13,2720,Finnish,male,1902,1973,,,1
795,Finna,kymenlaaksonmuseot.KarhE1020:7,Wine glass; 6115; Ny glazing,1939.0,Glass,Göran Hongell,13,2720,Finnish,male,1902,1973,,,1
796,Finna,kymenlaaksonmuseot.KarhE1005:1,Vase; Gh-3,1940.0,Other,Göran Hongell,13,2720,Finnish,male,1902,1973,,,6
797,Finna,kymenlaaksonmuseot.KarhE1005:2,Vase; Gh-3,1940.0,Glass,Göran Hongell,13,2720,Finnish,male,1902,1973,,,1
798,Finna,kymenlaaksonmuseot.KarhE1005:4,Vase; Gh-3,1940.0,Glass,Göran Hongell,13,2720,Finnish,male,1902,1973,,,1
799,Finna,kymenlaaksonmuseot.KarhE516:31,Footed plate; 4472; Rain,1940.0,Other,Göran Hongell,13,2720,Finnish,male,1902,1973,,,6
800,Finna,kymenlaaksonmuseot.KarhE516:32,Footed plate; 4472; Rain,1940.0,Glass,Göran Hongell,13,2720,Finnish,male,1902,1973,,,1
801,Finna,kymenlaaksonmuseot.KarhE973:1,The chalice of freedom; 9632,1940.0,Glass,Göran Hongell,13,2720,Finnish,male,1902,1973,,,1
802,Finna,kymenlaaksonmuseot.KarhE974:1,Cup; Hero's cup; 9788; The cup of freedom,1940.0,Glass,Göran Hongell,13,2720,Finnish,male,1902,1973,,,1
803,Finna,kymenlaaksonmuseot.KarhE988:2,Cup; 6226,1941.0,Glass,Göran Hongell,13,2720,Finnish,male,1902,1973,,,1
804,Finna,kymenlaaksonmuseot.KarhE989:1,Cup; 6252,1941.0,Glass,Göran Hongell,13,2720,Finnish,male,1902,1973,,,1
805,Finna,kymenlaaksonmuseot.KarhE1010:1,Vase,1947.0,Glass,Göran Hongell,13,2720,Finnish,male,1902,1973,,,1
806,Finna,kymenlaaksonmuseot.KarhE1012:1,Vase,1947.0,Glass,Göran Hongell,13,2720,Finnish,male,1902,1973,,,1
807,Finna,kymenlaaksonmuseot.KarhE1046:1,Carafe,1947.0,Ceramics,Göran Hongell,13,2720,Finnish,male,1902,1973,,,2
808,Finna,kymenlaaksonmuseot.KarhE2040:1,Vase; 9788,1947.0,Glass,Göran Hongell,13,2720,Finnish,male,1902,1973,,,1
809,Finna,tmk.161024011030000,Kukkahovi cocktail glass 5 pcs.; Cocktail glass; Glass,1947.0,Glass,Göran Hongell,13,2720,Finnish,male,1902,1973,,,1
810,Finna,tmk.166563846159200,Kukkahovi cocktail glass 5 pcs.; Cocktail glass; Glass,1947.0,Glass,Göran Hongell,13,2720,Finnish,male,1902,1973,,,1
811,Finna,tmk.166563850003300,Kukkahovi cocktail glass 5 pcs.; Cocktail glass; Glass,1947.0,Glass,Göran Hongell,13,2720,Finnish,male,1902,1973,,,1
812,Finna,tmk.166563852903400,Kukkahovi cocktail glass 5 pcs.; Cocktail glass; Glass,1947.0,Glass,Göran Hongell,13,2720,Finnish,male,1902,1973,,,1
813,Finna,tmk.166563855210500,Kukkahovi cocktail glass 5 pcs.; Cocktail glass; Glass,1947.0,Glass,Göran Hongell,13,2720,Finnish,male,1902,1973,,,1
814,Finna,kymenlaaksonmuseot.KarhE1029:4,A tumbler; 2020; 2100; Treasure,1948.0,Glass,Göran Hongell,13,2720,Finnish,male,1902,1973,,,1
815,Finna,kymenlaaksonmuseot.KarhE1029:5,Water glass; Wine glass; 2020; Arne; 2100,1948.0,Glass,Göran Hongell,13,2720,Finnish,male,1902,1973,,,1
816,Finna,kymenlaaksonmuseot.KarhE986:1,Bowl; Network builders,1948.0,Glass,Göran Hongell,13,2720,Finnish,male,1902,1973,,,1
817,Finna,kymenlaaksonmuseot.KarhE1027:1,Champagne glass; 2019; Lobby; Patricia,1949.0,Glass,Göran Hongell,13,2720,Finnish,male,1902,1973,,,1
818,Finna,kymenlaaksonmuseot.KarhE1027:2,Beer glass; 2019; Lobby; Patricia,1949.0,Glass,Göran Hongell,13,2720,Finnish,male,1902,1973,,,1
819,Finna,kymenlaaksonmuseot.KarhE1027:4,Wine glass; 2019; Lobby; Patricia,1949.0,Glass,Göran Hongell,13,2720,Finnish,male,1902,1973,,,1
820,Finna,kymenlaaksonmuseot.KarhE1027:5,A tumbler; 2019; Patricia; Lobby,1949.0,Glass,Göran Hongell,13,2720,Finnish,male,1902,1973,,,1
821,Finna,lusto.knp-7182,Vase; Glass vase,1960.0,Glass,Göran Hongell,13,2720,Finnish,male,1902,1973,,,1
822,Finna,werstas.we-1419734,"Vase; Vase, glass vase, decorative glass, gift item",1969.0,Glass,Göran Hongell,13,2720,Finnish,male,1902,1973,,,1
823,Finna,heinolanmuseo.hkm-100208,Schnapps glass; Treasure,1982.0,Glass,Göran Hongell,13,2720,Finnish,male,1902,1973,,,1
824,Finna,heinolanmuseo.hkm-96274,Drinking glass,1950.0,Ceramics,Saara Hopea,14,2724,Finnish,female,1925,1984,,,2
825,Finna,heinolanmuseo.hkm-96275,Drinking glass,1950.0,Glass,Saara Hopea,14,2724,Finnish,female,1925,1984,,,1
826,Finna,heinolanmuseo.hkm-96757,A glass of wine,1950.0,Glass,Saara Hopea,14,2724,Finnish,female,1925,1984,,,1
827,Finna,heinolanmuseo.hkm-96758,Liqueur glass,1950.0,Glass,Saara Hopea,14,2724,Finnish,female,1925,1984,,,1
828,Finna,heinolanmuseo.hkm-97141,Cup; 1344,1952.0,Glass,Saara Hopea,14,2724,Finnish,female,1925,1984,,,1
829,Finna,ksm.158470184091400,Nuutajärvi stackable glass 1718; Glass; Drinking glass; Drinking glass; Stackable glass; Colored juice glass,1952.0,Ceramics,Saara Hopea,14,2724,Finnish,female,1925,1984,,,2
830,Finna,ksm.162911047359700,Nuutajärvi pimple bowl; Bowl; Vessel; Glass bowl,1952.0,Ceramics,Saara Hopea,14,2724,Finnish,female,1925,1984,,,2
831,Finna,ksm.162911394870100,Nuutajärvi dessert bowl; Cup; Dish; Glass bowl,1952.0,Glass,Saara Hopea,14,2724,Finnish,female,1925,1984,,,1
832,Finna,heinolanmuseo.hkm-96232,Caviar bowl; 1331,1953.0,Glass,Saara Hopea,14,2724,Finnish,female,1925,1984,,,1
833,Finna,heinolanmuseo.hkm-96243,"Plate; 1202, 1204, 1206",1953.0,Other,Saara Hopea,14,2724,Finnish,female,1925,1984,,,6
834,Finna,heinolanmuseo.hkm-96244,"Plate; 1202, 1204, 1206",1953.0,Other,Saara Hopea,14,2724,Finnish,female,1925,1984,,,6
835,Finna,heinolanmuseo.hkm-96245,"Plate; 1202, 1204, 1206",1953.0,Other,Saara Hopea,14,2724,Finnish,female,1925,1984,,,6
836,Finna,heinolanmuseo.hkm-96247,"Plate; 1202, 1204, 1206",1953.0,Glass,Saara Hopea,14,2724,Finnish,female,1925,1984,,,1
837,Finna,heinolanmuseo.hkm-96248,"Plate; 1202, 1204, 1206",1953.0,Other,Saara Hopea,14,2724,Finnish,female,1925,1984,,,6
838,Finna,heinolanmuseo.hkm-96249,"Plate; 1202, 1204, 1206",1953.0,Glass,Saara Hopea,14,2724,Finnish,female,1925,1984,,,1
839,Finna,heinolanmuseo.hkm-97124,Vase; Sh 105/1404,1953.0,Glass,Saara Hopea,14,2724,Finnish,female,1925,1984,,,1
840,Finna,heinolanmuseo.hkm-97125,Vase; Sh 105/1404,1953.0,Ceramics,Saara Hopea,14,2724,Finnish,female,1925,1984,,,2
841,Finna,heinolanmuseo.hkm-97126,Vase; Sh 105/1404,1953.0,Glass,Saara Hopea,14,2724,Finnish,female,1925,1984,,,1
842,Finna,kuhmu.C5D6DD700CC94745BF279BD182B4A821,Drinking glass; Liqueur glass,1953.0,Glass,Saara Hopea,14,2724,Finnish,female,1925,1984,,,1
843,Finna,heinolanmuseo.hkm-96231,"Champagne glass; Gala, 2129",1954.0,Glass,Saara Hopea,14,2724,Finnish,female,1925,1984,,,1
844,Finna,heinolanmuseo.hkm-96229,Aromatic glass; 1131,1955.0,Glass,Saara Hopea,14,2724,Finnish,female,1925,1984,,,1
845,Finna,heinolanmuseo.hkm-96230,Cognac glass; 1131,1955.0,Glass,Saara Hopea,14,2724,Finnish,female,1925,1984,,,1
846,Finna,heinolanmuseo.hkm-97122,"Vase; Sh 109, panther",1955.0,Other,Saara Hopea,14,2724,Finnish,female,1925,1984,,,6
847,Finna,ksm.162911685952000,Nuutajärvi large aroma glass; Glass; Cognac glass; Aroma glass,1955.0,Ceramics,Saara Hopea,14,2724,Finnish,female,1925,1984,,,2
848,Finna,heinolanmuseo.hkm-96227,Vase; 1406,1956.0,Glass,Saara Hopea,14,2724,Finnish,female,1925,1984,,,1
849,Finna,heinolanmuseo.hkm-96228,Vase; 1406,1956.0,Glass,Saara Hopea,14,2724,Finnish,female,1925,1984,,,1
850,Finna,heinolanmuseo.hkm-96233,"Drinking glass; Berry, 2745",1956.0,Ceramics,Saara Hopea,14,2724,Finnish,female,1925,1984,,,2
851,Finna,heinolanmuseo.hkm-96234,"Drinking glass; Berry, 2745",1956.0,Glass,Saara Hopea,14,2724,Finnish,female,1925,1984,,,1
852,Finna,heinolanmuseo.hkm-96235,"Drinking glass; Berry, 2745",1956.0,Ceramics,Saara Hopea,14,2724,Finnish,female,1925,1984,,,2
853,Finna,heinolanmuseo.hkm-96236,"Drinking glass; Berry, 2745",1956.0,Glass,Saara Hopea,14,2724,Finnish,female,1925,1984,,,1
854,Finna,heinolanmuseo.hkm-96237,"Drinking glass; Berry, 2745",1956.0,Glass,Saara Hopea,14,2724,Finnish,female,1925,1984,,,1
855,Finna,heinolanmuseo.hkm-96238,"Drinking glass; Berry, 2745",1956.0,Glass,Saara Hopea,14,2724,Finnish,female,1925,1984,,,1
856,Finna,heinolanmuseo.hkm-96239,"Drinking glass; Berry, 2745",1956.0,Glass,Saara Hopea,14,2724,Finnish,female,1925,1984,,,1
857,Finna,heinolanmuseo.hkm-96240,"Drinking glass; Berry, 2745",1956.0,Ceramics,Saara Hopea,14,2724,Finnish,female,1925,1984,,,2
858,Finna,hkm.8515C8EF-D9C9-4BC5-9804-1A40A4A30AF7,Vase; Crystal vase,1956.0,Glass,Saara Hopea,14,2724,Finnish,female,1925,1984,,,1
859,Finna,heinolanmuseo.hkm-96241,Plate; 5277,1958.0,Other,Saara Hopea,14,2724,Finnish,female,1925,1984,,,6
860,Finna,heinolanmuseo.hkm-96242,Plate; 5277,1958.0,Glass,Saara Hopea,14,2724,Finnish,female,1925,1984,,,1
861,Finna,heinolanmuseo.hkm-96273,Vase,1958.0,Glass,Saara Hopea,14,2724,Finnish,female,1925,1984,,,1
862,Finna,heinolanmuseo.hkm-97127,Vase; Sh 142/1416,1958.0,Glass,Saara Hopea,14,2724,Finnish,female,1925,1984,,,1
863,Finna,heinolanmuseo.hkm-97128,Vase; Sh 142/1416,1958.0,Glass,Saara Hopea,14,2724,Finnish,female,1925,1984,,,1
864,Finna,hkm.C63F5913-DA52-4304-8625-CB12B1BF301E,Vase,1959.0,Glass,Saara Hopea,14,2724,Finnish,female,1925,1984,,,1
865,Finna,heinolanmuseo.hkm-91372,Vase,1960.0,Glass,Saara Hopea,14,2724,Finnish,female,1925,1984,,,1
866,Finna,ksm.158470194724300,Saara silver small art glass vase; Vase; Decorative vase; Art glass; Flower vase,1960.0,Ceramics,Saara Hopea,14,2724,Finnish,female,1925,1984,,,2
867,Finna,heinolanmuseo.hkm-97123,Vase; Sh 122 bubble,1964.0,Glass,Saara Hopea,14,2724,Finnish,female,1925,1984,,,1
868,Finna,heinolanmuseo.hkm-96173,Carafe; 2501,1954.0,Glass,Saara Hopea,14,2724,Finnish,female,1925,1984,,,1
869,Finna,heinolanmuseo.hkm-96176,Cocktail glass; 2126,1954.0,Glass,Saara Hopea,14,2724,Finnish,female,1925,1984,,,1
870,Finna,heinolanmuseo.hkm-96177,Cocktail glass; 2126,1954.0,Glass,Saara Hopea,14,2724,Finnish,female,1925,1984,,,1
871,Finna,heinolanmuseo.hkm-96179,Dessert plate; 5379,1954.0,Other,Saara Hopea,14,2724,Finnish,female,1925,1984,,,6
872,Finna,heinolanmuseo.hkm-96181,Dessert plate; 5379,1954.0,Glass,Saara Hopea,14,2724,Finnish,female,1925,1984,,,1
873,Finna,heinolanmuseo.hkm-96182,Dessert plate; 5379,1954.0,Glass,Saara Hopea,14,2724,Finnish,female,1925,1984,,,1
874,Finna,heinolanmuseo.hkm-96183,Beer glass; 1710,1954.0,Glass,Saara Hopea,14,2724,Finnish,female,1925,1984,,,1
875,Finna,heinolanmuseo.hkm-96186,"Drinking glass; Bistro 1345, 2124",1954.0,Ceramics,Saara Hopea,14,2724,Finnish,female,1925,1984,,,2
876,Finna,heinolanmuseo.hkm-96187,"Drinking glass; Bistro 1345, 2124",1954.0,Glass,Saara Hopea,14,2724,Finnish,female,1925,1984,,,1
877,Finna,heinolanmuseo.hkm-96190,"Drinking glass; Bistro 1345, 2124",1954.0,Glass,Saara Hopea,14,2724,Finnish,female,1925,1984,,,1
878,Finna,heinolanmuseo.hkm-96191,"Drinking glass; Bistro 1345, 2124",1954.0,Glass,Saara Hopea,14,2724,Finnish,female,1925,1984,,,1
879,Finna,heinolanmuseo.hkm-96192,"Drinking glass; Bistro 1345, 2124",1954.0,Glass,Saara Hopea,14,2724,Finnish,female,1925,1984,,,1
880,Finna,heinolanmuseo.hkm-96194,"Champagne glass; Nestor, 1142",1954.0,Glass,Saara Hopea,14,2724,Finnish,female,1925,1984,,,1
881,Finna,heinolanmuseo.hkm-96198,"Drinking glass; Nestor, 1142",1954.0,Glass,Saara Hopea,14,2724,Finnish,female,1925,1984,,,1
882,Finna,heinolanmuseo.hkm-96199,"Drinking glass; Nestor, 1142",1954.0,Glass,Saara Hopea,14,2724,Finnish,female,1925,1984,,,1
883,Finna,heinolanmuseo.hkm-96201,"Liqueur glass; Flamingo, 1102",1954.0,Glass,Saara Hopea,14,2724,Finnish,female,1925,1984,,,1
884,Finna,heinolanmuseo.hkm-96204,Beer glass; Inari 2161/k 505,1954.0,Glass,Saara Hopea,14,2724,Finnish,female,1925,1984,,,1
885,Finna,heinolanmuseo.hkm-96206,Champagne glass; Inari 2161/k 505,1954.0,Glass,Saara Hopea,14,2724,Finnish,female,1925,1984,,,1
886,Finna,heinolanmuseo.hkm-96208,Wine glass; Inari 2161/k 505,1954.0,Glass,Saara Hopea,14,2724,Finnish,female,1925,1984,,,1
887,Finna,heinolanmuseo.hkm-96209,Cocktail glass; Inari 2161/k 505,1954.0,Glass,Saara Hopea,14,2724,Finnish,female,1925,1984,,,1
888,Finna,heinolanmuseo.hkm-96210,Drinking glass; Inari 2161/k 505,1954.0,Glass,Saara Hopea,14,2724,Finnish,female,1925,1984,,,1
889,Finna,heinolanmuseo.hkm-96211,"Drinking glass; Astor, 2164",1954.0,Glass,Saara Hopea,14,2724,Finnish,female,1925,1984,,,1
890,Finna,heinolanmuseo.hkm-96212,"Drinking glass; Astor, 2164",1954.0,Glass,Saara Hopea,14,2724,Finnish,female,1925,1984,,,1
891,Finna,heinolanmuseo.hkm-96213,"Drinking glass; Astor, 2164",1954.0,Glass,Saara Hopea,14,2724,Finnish,female,1925,1984,,,1
892,Finna,heinolanmuseo.hkm-96214,"Drinking glass; Astor, 2164",1954.0,Glass,Saara Hopea,14,2724,Finnish,female,1925,1984,,,1
893,Finna,heinolanmuseo.hkm-96215,"Drinking glass; Silver, 2149",1954.0,Glass,Saara Hopea,14,2724,Finnish,female,1925,1984,,,1
894,Finna,heinolanmuseo.hkm-96216,"Drinking glass; Silver, 2149",1954.0,Glass,Saara Hopea,14,2724,Finnish,female,1925,1984,,,1
895,Finna,heinolanmuseo.hkm-96217,"Drinking glass; Silver, 2149",1954.0,Glass,Saara Hopea,14,2724,Finnish,female,1925,1984,,,1
896,Finna,heinolanmuseo.hkm-96218,"Drinking glass; Silver, 2149",1954.0,Glass,Saara Hopea,14,2724,Finnish,female,1925,1984,,,1
897,Finna,heinolanmuseo.hkm-96219,"Drinking glass; Silver, 2149",1954.0,Glass,Saara Hopea,14,2724,Finnish,female,1925,1984,,,1
898,Finna,heinolanmuseo.hkm-96220,"Drinking glass; Silver, 2149",1954.0,Glass,Saara Hopea,14,2724,Finnish,female,1925,1984,,,1
899,Finna,heinolanmuseo.hkm-96221,"Drinking glass; Silver, 2149",1954.0,Glass,Saara Hopea,14,2724,Finnish,female,1925,1984,,,1
900,Finna,heinolanmuseo.hkm-96222,"Drinking glass; Silver, 2149",1954.0,Glass,Saara Hopea,14,2724,Finnish,female,1925,1984,,,1
901,Finna,heinolanmuseo.hkm-96223,"Drinking glass; Silver, 2149",1954.0,Glass,Saara Hopea,14,2724,Finnish,female,1925,1984,,,1
902,Finna,heinolanmuseo.hkm-96224,"Drinking glass; Guess, 2142",1954.0,Glass,Saara Hopea,14,2724,Finnish,female,1925,1984,,,1
903,Finna,heinolanmuseo.hkm-96225,"Drinking glass; Guess, 2142",1954.0,Glass,Saara Hopea,14,2724,Finnish,female,1925,1984,,,1
904,Finna,heinolanmuseo.hkm-96226,Giant aroma glass; 3403,1954.0,Ceramics,Saara Hopea,14,2724,Finnish,female,1925,1984,,,2
905,Finna,heinolanmuseo.hkm-97129,Ashtray; 6604,1954.0,Glass,Saara Hopea,14,2724,Finnish,female,1925,1984,,,1
906,Finna,heinolanmuseo.hkm-97130,Ashtray; 6604,1954.0,Ceramics,Saara Hopea,14,2724,Finnish,female,1925,1984,,,2
907,Finna,heinolanmuseo.hkm-97131,"Bowl; Pimple bowl, 5271",1954.0,Glass,Saara Hopea,14,2724,Finnish,female,1925,1984,,,1
908,Finna,heinolanmuseo.hkm-97132,"Bowl; Pimple bowl, 5271",1954.0,Ceramics,Saara Hopea,14,2724,Finnish,female,1925,1984,,,2
909,Finna,heinolanmuseo.hkm-97133,Bowl; 5577,1954.0,Glass,Saara Hopea,14,2724,Finnish,female,1925,1984,,,1
910,Finna,heinolanmuseo.hkm-97134,Bowl; 5577,1954.0,Glass,Saara Hopea,14,2724,Finnish,female,1925,1984,,,1
911,Finna,heinolanmuseo.hkm-97135,Bowl; 5577,1954.0,Other,Saara Hopea,14,2724,Finnish,female,1925,1984,,,6
912,Finna,heinolanmuseo.hkm-97136,Spice jar; 1931,1954.0,Glass,Saara Hopea,14,2724,Finnish,female,1925,1984,,,1
913,Finna,heinolanmuseo.hkm-97137,Spice jar; 1931,1954.0,Glass,Saara Hopea,14,2724,Finnish,female,1925,1984,,,1
914,Finna,heinolanmuseo.hkm-97138,Cup; 1344,1954.0,Glass,Saara Hopea,14,2724,Finnish,female,1925,1984,,,1
915,Finna,heinolanmuseo.hkm-97139,Cup; 1344,1954.0,Glass,Saara Hopea,14,2724,Finnish,female,1925,1984,,,1
916,Finna,heinolanmuseo.hkm-97140,Cup; 1344,1954.0,Glass,Saara Hopea,14,2724,Finnish,female,1925,1984,,,1
917,Finna,heinolanmuseo.hkm-97142,Cup; 1344,1954.0,Glass,Saara Hopea,14,2724,Finnish,female,1925,1984,,,1
918,Finna,heinolanmuseo.hkm-97143,Cup; 1344,1954.0,Glass,Saara Hopea,14,2724,Finnish,female,1925,1984,,,1
919,Finna,heinolanmuseo.hkm-97144,Cup; 1344,1954.0,Glass,Saara Hopea,14,2724,Finnish,female,1925,1984,,,1
920,Finna,heinolanmuseo.hkm-97145,Cup; 1344,1954.0,Glass,Saara Hopea,14,2724,Finnish,female,1925,1984,,,1
921,Finna,heinolanmuseo.hkm-97146,Drinking glass; 1710,1954.0,Glass,Saara Hopea,14,2724,Finnish,female,1925,1984,,,1
922,Finna,heinolanmuseo.hkm-97147,Drinking glass; 1710,1954.0,Ceramics,Saara Hopea,14,2724,Finnish,female,1925,1984,,,2
923,Finna,heinolanmuseo.hkm-97148,Drinking glass; 1710,1954.0,Glass,Saara Hopea,14,2724,Finnish,female,1925,1984,,,1
924,Finna,heinolanmuseo.hkm-97150,Drinking glass; 1710,1954.0,Glass,Saara Hopea,14,2724,Finnish,female,1925,1984,,,1
925,Finna,heinolanmuseo.hkm-97151,Drinking glass; 1710,1954.0,Ceramics,Saara Hopea,14,2724,Finnish,female,1925,1984,,,2
926,Finna,heinolanmuseo.hkm-97152,Drinking glass; 1710,1954.0,Glass,Saara Hopea,14,2724,Finnish,female,1925,1984,,,1
927,Finna,heinolanmuseo.hkm-97153,Drinking glass; 1710,1954.0,Ceramics,Saara Hopea,14,2724,Finnish,female,1925,1984,,,2
928,Finna,heinolanmuseo.hkm-97154,Jug; 1618,1954.0,Glass,Saara Hopea,14,2724,Finnish,female,1925,1984,,,1
929,Finna,heinolanmuseo.hkm-97155,Jug; 1618,1954.0,Other,Saara Hopea,14,2724,Finnish,female,1925,1984,,,6
930,Finna,heinolanmuseo.hkm-97158,"Drinking glass; Take, 1136",1954.0,Glass,Saara Hopea,14,2724,Finnish,female,1925,1984,,,1
931,Finna,heinolanmuseo.hkm-97159,"Drinking glass; Come on, 1136",1954.0,Glass,Saara Hopea,14,2724,Finnish,female,1925,1984,,,1
932,Finna,heinolanmuseo.hkm-97160,Drinking glass; 1718,1954.0,Glass,Saara Hopea,14,2724,Finnish,female,1925,1984,,,1
933,Finna,heinolanmuseo.hkm-97161,Drinking glass; 1718,1954.0,Glass,Saara Hopea,14,2724,Finnish,female,1925,1984,,,1
934,Finna,heinolanmuseo.hkm-97162,Drinking glass; 1718,1954.0,Glass,Saara Hopea,14,2724,Finnish,female,1925,1984,,,1
935,Finna,heinolanmuseo.hkm-97163,Drinking glass; 1718,1954.0,Glass,Saara Hopea,14,2724,Finnish,female,1925,1984,,,1
936,Finna,heinolanmuseo.hkm-97164,Drinking glass; 1718,1954.0,Ceramics,Saara Hopea,14,2724,Finnish,female,1925,1984,,,2
937,Finna,heinolanmuseo.hkm-97165,Drinking glass; 1718,1954.0,Ceramics,Saara Hopea,14,2724,Finnish,female,1925,1984,,,2
938,Finna,heinolanmuseo.hkm-97166,Drinking glass; 1718,1954.0,Ceramics,Saara Hopea,14,2724,Finnish,female,1925,1984,,,2
939,Finna,heinolanmuseo.hkm-97167,Drinking glass; 1718,1954.0,Glass,Saara Hopea,14,2724,Finnish,female,1925,1984,,,1
940,Finna,heinolanmuseo.hkm-97168,Drinking glass; 1718,1954.0,Glass,Saara Hopea,14,2724,Finnish,female,1925,1984,,,1
941,Finna,heinolanmuseo.hkm-97172,Wine glass; Nn,1954.0,Glass,Saara Hopea,14,2724,Finnish,female,1925,1984,,,1
942,Finna,heinolanmuseo.hkm-97173,Ashtray; 6605,1954.0,Other,Saara Hopea,14,2724,Finnish,female,1925,1984,,,6
943,Finna,heinolanmuseo.hkm-97174,Ashtray; 6605,1954.0,Ceramics,Saara Hopea,14,2724,Finnish,female,1925,1984,,,2
944,Finna,heinolanmuseo.hkm-97175,Creamery; 5578,1954.0,Other,Saara Hopea,14,2724,Finnish,female,1925,1984,,,6
945,Finna,heinolanmuseo.hkm-97176,Schnapps glass; 2702,1954.0,Glass,Saara Hopea,14,2724,Finnish,female,1925,1984,,,1
946,Finna,heinolanmuseo.hkm-97177,Schnapps glass; 2702,1954.0,Glass,Saara Hopea,14,2724,Finnish,female,1925,1984,,,1
947,Finna,heinolanmuseo.hkm-97178,Schnapps glass; 2702,1954.0,Glass,Saara Hopea,14,2724,Finnish,female,1925,1984,,,1
948,Finna,heinolanmuseo.hkm-97179,Schnapps glass; 2702,1954.0,Glass,Saara Hopea,14,2724,Finnish,female,1925,1984,,,1
949,Finna,heinolanmuseo.hkm-97180,Schnapps glass; 2702,1954.0,Ceramics,Saara Hopea,14,2724,Finnish,female,1925,1984,,,2
954,Finna,museovirasto.3D0252C491029C452EC5E92093763692,Napkin,1960.0,Paper,Dora Jung,16,2953,Finnish,female,1906,1980,Q11856286,,3
955,Finna,tmk.161033713701000,Tablecloth; Tablet,1960.0,Paper,Dora Jung,16,2953,Finnish,female,1906,1980,Q11856286,,3
960,Finna,hkm.A441A3D7-D067-4E32-811B-9D1289F9050C,Vase; Flower vase,1955.0,Other,Richard Lindh,20,3558,Finnish,male,1929,2006,,,6
961,Finna,heinolanmuseo.hkm-90470,My figurine,1960.0,Ceramics,Richard Lindh,20,3558,Finnish,male,1929,2006,,,2
962,Finna,hkm.BC14D197-E59C-4EC1-A82E-72E7C2744BAC,Platter; Ashtray / money tray; Model ll,1960.0,Other,Richard Lindh,20,3558,Finnish,male,1929,2006,,,6
963,Finna,lappeenrannanmuseot.E8A9D88A-D2E8-4589-882D-54607C542CF1,Ashtray with lappeenranta theme; Ashtray; Souvenir,1963.0,Ceramics,Richard Lindh,20,3558,Finnish,male,1929,2006,,,2
964,Finna,heinolanmuseo.hkm-87208,"A pair of coffee cups; Dg, halibut",1965.0,Ceramics,Richard Lindh,20,3558,Finnish,male,1929,2006,,,2
965,Finna,heinolanmuseo.hkm-87210,"Bread plate; Dg, halibut",1965.0,Ceramics,Richard Lindh,20,3558,Finnish,male,1929,2006,,,2
966,Finna,hkm.0F66A558-CF87-4B5F-9942-80A90925E912,A pair of cups; Coffee cup and saucer; Doria; C model,1965.0,Ceramics,Richard Lindh,20,3558,Finnish,male,1929,2006,,,2
967,Finna,hkm.90F56DAE-E6D8-4E20-890C-4AA1C20F6567,Plate; Bread plate; Dish; Doria,1965.0,Ceramics,Richard Lindh,20,3558,Finnish,male,1929,2006,,,2
968,Finna,hkm.ED0392CD-3887-480D-A60B-5BAEBFC0C5E8,A pair of cups; Coffee cup and saucer; C model,1965.0,Ceramics,Richard Lindh,20,3558,Finnish,male,1929,2006,,,2
969,Finna,hkm.698CE81D-6C30-4A46-9C24-1BC466686CC2,Jar,1966.0,Other,Richard Lindh,20,3558,Finnish,male,1929,2006,,,6
970,Finna,hkm.F14D8F16-2C3B-43BD-8AEB-6FE80551D2F7,Jar,1966.0,Other,Richard Lindh,20,3558,Finnish,male,1929,2006,,,6
971,Finna,hkm.FF979ADB-522A-4902-9400-CC05881C6C5D,Jar,1966.0,Other,Richard Lindh,20,3558,Finnish,male,1929,2006,,,6
972,Finna,hkm.06EEAAC5-F9FF-4266-A691-E3D472C563E3,Jug; Jug; Winter,1967.0,Ceramics,Richard Lindh,20,3558,Finnish,male,1929,2006,,,2
973,Finna,hkm.DA121978-24D7-47FB-83C3-27C52E2B5DA6,Bowl; Broth bowl; Winter,1967.0,Ceramics,Richard Lindh,20,3558,Finnish,male,1929,2006,,,2
974,Finna,hkm.E43AE24C-B30E-4091-BB4E-B2AAE09E9896,A pair of cups; Coffee cup and saucer; Little flower,1969.0,Ceramics,Richard Lindh,20,3558,Finnish,male,1929,2006,,,2
975,Finna,kerava_mui.mui-106488,Lamp; Ceiling lamp 71-126; 71-126,1950.0,Other,Yki Nummi,22,4346,Finnish,male,1925,1984,,,6
976,Finna,kerava_mui.mui-106489,Lamp; Ceiling lamp 71-126; 71-126,1950.0,Other,Yki Nummi,22,4346,Finnish,male,1925,1984,,,6
977,Finna,kerava_mui.mui-106526,Lamp; Wall lamp 54-408; 54-408,1950.0,Other,Yki Nummi,22,4346,Finnish,male,1925,1984,,,6
978,Finna,kerava_mui.mui-106528,Lamp; Wall lamp 54-415; 54-415,1950.0,Wood,Yki Nummi,22,4346,Finnish,male,1925,1984,,,4
979,Finna,kerava_mui.mui-106529,Lamp; Wall lamp 54-408; 54-408,1950.0,Paper,Yki Nummi,22,4346,Finnish,male,1925,1984,,,3
980,Finna,kerava_mui.mui-106929,Lamp; Wall lamp 54-414,1950.0,Ceramics,Yki Nummi,22,4346,Finnish,male,1925,1984,,,2
981,Finna,kerava_mui.mui-107324,Lamp; Ceiling lamp 71-135; 71-135,1950.0,Other,Yki Nummi,22,4346,Finnish,male,1925,1984,,,6
982,Finna,kerava_mui.mui-108692,Lamp; Ceiling lamp 64-458; 64-458; Little cuckoo,1950.0,Other,Yki Nummi,22,4346,Finnish,male,1925,1984,,,6
983,Finna,kerava_mui.mui-108693,Lamp; Ceiling lamp 64-405; 64-405,1950.0,Other,Yki Nummi,22,4346,Finnish,male,1925,1984,,,6
984,Finna,kerava_mui.mui-108695,Lamp; Ceiling lamp 64-458; 64-458; Crane,1950.0,Other,Yki Nummi,22,4346,Finnish,male,1925,1984,,,6
985,Finna,kerava_mui.mui-81774,Hanging lamp; 61-365,1950.0,Other,Yki Nummi,22,4346,Finnish,male,1925,1984,,,6
986,Finna,loviisakm.9fc77a50-38b3-4ad5-843c-2e57fdc0c992,A plastic bucket,1957.0,Glass,Yki Nummi,22,4346,Finnish,male,1925,1984,,,1
987,Finna,museovirasto.C699ACAB5F22555EBD50D91B3C481BAB,Tray,1957.0,Wood,Yki Nummi,22,4346,Finnish,male,1925,1984,,,4
988,Finna,hkm.5F10859B-29FF-4245-8660-AA989C271EF3,Lamp; 964-445; Ceiling lamp; Flying saucer; Gull,1960.0,Ceramics,Yki Nummi,22,4346,Finnish,male,1925,1984,,,2
989,Finna,hkm.D87F2950-25A0-4BD0-A1E7-C1D029F68010,Lamp; Ceiling lamp; 964-445; Flying saucer; Gull,1960.0,Ceramics,Yki Nummi,22,4346,Finnish,male,1925,1984,,,2
990,Finna,kerava_mui.mui-106492,Lamp; Table lamp 940-008 dome; 940-008 dome,1960.0,Other,Yki Nummi,22,4346,Finnish,male,1925,1984,,,6
991,Finna,kerava_mui.mui-108634,Lamp; Ceiling lamp 974-405; 974-405,1960.0,Other,Yki Nummi,22,4346,Finnish,male,1925,1984,,,6
992,Finna,kerava_mui.mui-108662,Lamp; Ceiling lamp 71-035; 17-035,1960.0,Other,Yki Nummi,22,4346,Finnish,male,1925,1984,,,6
993,Finna,kerava_mui.mui-108666,"Lamp; Ceiling lamp 64-438, bubbles; 64-438; Bubbles",1960.0,Other,Yki Nummi,22,4346,Finnish,male,1925,1984,,,6
994,Finna,kerava_mui.mui-108694,"Lamp; Ceiling lamp 61-170, mexico; 61-170; Mexico",1960.0,Other,Yki Nummi,22,4346,Finnish,male,1925,1984,,,6
995,Finna,kerava_mui.mui-108703,Lamp; Ceiling lamp 64-401; 64-401,1960.0,Other,Yki Nummi,22,4346,Finnish,male,1925,1984,,,6
996,Finna,kerava_mui.mui-81603,"Hanging lamp; Spotlight, 13-009",1960.0,Metal,Yki Nummi,22,4346,Finnish,male,1925,1984,,,5
997,Finna,kerava_mui.mui-81606,"Hanging lamp; Spotlight, 13-010",1960.0,Other,Yki Nummi,22,4346,Finnish,male,1925,1984,,,6
998,Finna,kerava_mui.mui-81629,"Table lamp; Modern art, 44-405 , 944-405 , 5539",1960.0,Other,Yki Nummi,22,4346,Finnish,male,1925,1984,,,6
999,Finna,kerava_mui.mui-81760,Table lamp; 40-040,1960.0,Other,Yki Nummi,22,4346,Finnish,male,1925,1984,,,6
1000,Finna,kerava_mui.mui-81875,"Hanging lamp; Seagull , 64-445 , 964-445 , flying saucer",1960.0,Ceramics,Yki Nummi,22,4346,Finnish,male,1925,1984,,,2
1001,Finna,hkm.AF39A7F5-F212-4A9E-A3F0-96EEF4609405,Lamp; Plafond; Ceiling lamp; 74 to 405,1964.0,Ceramics,Yki Nummi,22,4346,Finnish,male,1925,1984,,,2
1002,Finna,hkm.0E0790F9-2292-4EB4-A4AA-A80FEAA818B1,Lamp; Ceiling lamp; 964-445; Flying saucer; Gull,1970.0,Ceramics,Yki Nummi,22,4346,Finnish,male,1925,1984,,,2
1003,Finna,hkm.1D063BE0-31FD-4285-80DD-2D4BBA5DF971,Lamp; Table lamp; 944-405,1970.0,Other,Yki Nummi,22,4346,Finnish,male,1925,1984,,,6
1004,Finna,hkm.42F52D34-70B3-45F0-982C-0E4A3CA4F0BE,Lamp; Ceiling lamp; 961-339; Weirdo,1970.0,Other,Yki Nummi,22,4346,Finnish,male,1925,1984,,,6
1005,Finna,hkm.63BF15C3-D9F7-43AD-9CED-2FBCF6911C48,Bowl; Platter; Y34/8,1970.0,Glass,Yki Nummi,22,4346,Finnish,male,1925,1984,,,1
1006,Finna,hkm.F0C972DD-4815-49FC-94BE-C5C71391138C,Bowl; Platter; Y34/12,1970.0,Glass,Yki Nummi,22,4346,Finnish,male,1925,1984,,,1
1007,Finna,hkm.EBDB6503-8BC6-4B42-BDD9-50EBD8B1DBBE,Bowl; Platter; Y34/16,1960.0,Glass,Yki Nummi,22,4346,Finnish,male,1925,1984,,,1
1008,Finna,kerava_mui.mui-104573,Lamp; Ceiling light tern 64-459; Tern 64-459,1960.0,Ceramics,Yki Nummi,22,4346,Finnish,male,1925,1984,,,2
1009,Finna,kerava_mui.mui-104656,"Lamp; Ceiling lamp 61-399, outokumpu",1960.0,Ceramics,Yki Nummi,22,4346,Finnish,male,1925,1984,,,2
1010,Finna,kerava_mui.mui-104699,Lamp; Ceiling lamp 64-463; 64-463,1960.0,Other,Yki Nummi,22,4346,Finnish,male,1925,1984,,,6
1011,Finna,kerava_mui.mui-104700,Lamp; Ceiling lamp 64-463; 64-463,1960.0,Other,Yki Nummi,22,4346,Finnish,male,1925,1984,,,6
1012,Finna,kerava_mui.mui-105329,Lamp; Table lamp 40-038; 40-038,1960.0,Metal,Yki Nummi,22,4346,Finnish,male,1925,1984,,,5
1013,Finna,kerava_mui.mui-106661,Lamp; Ceiling lamp 64-452 (?); 64-452 (?),1960.0,Other,Yki Nummi,22,4346,Finnish,male,1925,1984,,,6
1014,Finna,loviisakm.5729ce4a-2146-4bd6-b176-0788186e3b5d,"Plastic ice cube bowl, y-38",1960.0,Glass,Yki Nummi,22,4346,Finnish,male,1925,1984,,,1
1015,Finna,loviisakm.94c0a5eb-e201-42e9-88a6-b79269dd4261,I served y-49,1960.0,Wood,Yki Nummi,22,4346,Finnish,male,1925,1984,,,4
1016,Finna,loviisakm.a4114466-c7c6-4daf-92a2-2b5ae47c3594,Plastic ice maker,1960.0,Paper,Yki Nummi,22,4346,Finnish,male,1925,1984,,,3
1017,Finna,loviisakm.b7a58e25-deb5-43f9-be65-c2a450dd5c45,Salad tongs y-5,1960.0,Wood,Yki Nummi,22,4346,Finnish,male,1925,1984,,,4
1018,Finna,loviisakm.cf681817-4d54-4309-af86-9baa3d1cdfa6,Acrylic lamp 64-429,1960.0,Other,Yki Nummi,22,4346,Finnish,male,1925,1984,,,6
1019,Finna,kymenlaaksonmuseot.KarhE905:1,Vase; 9697,1935.0,Ceramics,Gunnel Nyman,24,4352,Finnish,male,1909,1948,Q4970605,500279544.0,2
1020,Finna,kymenlaaksonmuseot.KarhE900:1,Cup; 6209 k 3163; Blomskålen,1937.0,Glass,Gunnel Nyman,24,4352,Finnish,male,1909,1948,Q4970605,500279544.0,1
1021,Finna,kymenlaaksonmuseot.KarhE901:1,Vase; 6310 k 3163; Family,1937.0,Glass,Gunnel Nyman,24,4352,Finnish,male,1909,1948,Q4970605,500279544.0,1
1022,Finna,kymenlaaksonmuseot.KarhE902:1,Platter; Fish dish; 6211 k 3164; Fish bowl,1937.0,Ceramics,Gunnel Nyman,24,4352,Finnish,male,1909,1948,Q4970605,500279544.0,2
1023,Finna,kymenlaaksonmuseot.KarhE902:2,Platter; Fish dish; Fish dish; 6211 k 3164,1937.0,Other,Gunnel Nyman,24,4352,Finnish,male,1909,1948,Q4970605,500279544.0,6
1024,Finna,kymenlaaksonmuseot.KarhE903:1,Cup; 6311 pp. 2125; Rye field,1937.0,Glass,Gunnel Nyman,24,4352,Finnish,male,1909,1948,Q4970605,500279544.0,1
1025,Finna,kymenlaaksonmuseot.KarhE906:1,Cup,1937.0,Glass,Gunnel Nyman,24,4352,Finnish,male,1909,1948,Q4970605,500279544.0,1
1026,Finna,heinolanmuseo.hkm-99861,Schnapps glass; Foam 2723,1945.0,Glass,Gunnel Nyman,24,4352,Finnish,male,1909,1948,Q4970605,500279544.0,1
1027,Finna,hkm.1B0B1FA8-CE4B-43EE-9828-B9A9017CCEC1,Vase; String of pearls,1947.0,Glass,Gunnel Nyman,24,4352,Finnish,male,1909,1948,Q4970605,500279544.0,1
1028,Finna,hkm.BCF9628A-922D-4F2B-884C-B374D26B27AE,Vase; Bridal veil,1947.0,Glass,Gunnel Nyman,24,4352,Finnish,male,1909,1948,Q4970605,500279544.0,1
1029,Finna,tmk.160990483032400,Serpentine gn 18; Vase,1947.0,Other,Gunnel Nyman,24,4352,Finnish,male,1909,1948,Q4970605,500279544.0,6
1030,Finna,tmk.161004621432500,Vase,1947.0,Glass,Gunnel Nyman,24,4352,Finnish,male,1909,1948,Q4970605,500279544.0,1
1031,Finna,tmk.161004621955100,Drinking glass,1947.0,Glass,Gunnel Nyman,24,4352,Finnish,male,1909,1948,Q4970605,500279544.0,1
1032,Finna,hkm.0277A179-FCB7-47A9-B746-1A5E36376383,Jug; Glass jug,1950.0,Glass,Gunnel Nyman,24,4352,Finnish,male,1909,1948,Q4970605,500279544.0,1
1033,Finna,hkm.081E04FB-870A-41D1-A232-6268ECC029FD,Vase; Streamer,1950.0,Glass,Gunnel Nyman,24,4352,Finnish,male,1909,1948,Q4970605,500279544.0,1
1034,Finna,hkm.0E93458F-B0F7-4D14-AC64-325ACE0E630F,Vase,1950.0,Glass,Gunnel Nyman,24,4352,Finnish,male,1909,1948,Q4970605,500279544.0,1
1035,Finna,tmk.169157562838100,Vase; Bubble,1947.0,Glass,Gunnel Nyman,24,4352,Finnish,male,1909,1948,Q4970605,500279544.0,1
1036,Finna,tmk.169157586995700,Creamery; Bubble,1947.0,Ceramics,Gunnel Nyman,24,4352,Finnish,male,1909,1948,Q4970605,500279544.0,2
1037,Finna,tmk.169157600294800,Sugarcane; Bubble,1947.0,Other,Gunnel Nyman,24,4352,Finnish,male,1909,1948,Q4970605,500279544.0,6
1038,Finna,ksm.158470115803000,Iittala tumbler i-114; Dish; Glass; Drinking glass,1956.0,Glass,Timo Sarpaneva,29,5168,Finnish,male,1926,2006,Q2703990,500102782.0,1
1039,Finna,heinolanmuseo.hkm-92731,Vase; Finland,1959.0,Glass,Timo Sarpaneva,29,5168,Finnish,male,1926,2006,Q2703990,500102782.0,1
1041,Finna,heinolanmuseo.hkm-91215,Pot; Saturn,1960.0,Other,Timo Sarpaneva,29,5168,Finnish,male,1926,2006,Q2703990,500102782.0,6
1042,Finna,ksm.162928766016200,Rosenlew sarpaneva stew; Pot; Cast iron pot,1960.0,Ceramics,Timo Sarpaneva,29,5168,Finnish,male,1926,2006,Q2703990,500102782.0,2
1043,Finna,ksm.163006569825900,Iittala i-linja serving bowl; Bowl; Vessel; Glass bowl; Serving bowl,1960.0,Ceramics,Timo Sarpaneva,29,5168,Finnish,male,1926,2006,Q2703990,500102782.0,2
1044,Finna,ksm.165468064992200,Juhava oy candlestick; Candlestick; Napkin holder,1960.0,Glass,Timo Sarpaneva,29,5168,Finnish,male,1926,2006,Q2703990,500102782.0,1
1045,Finna,tmk.161020880886000,Sarpaneva cauldron; Pot; Cast iron pot,1960.0,Ceramics,Timo Sarpaneva,29,5168,Finnish,male,1926,2006,Q2703990,500102782.0,2
1046,Finna,tmk.161020881488900,Saturn cauldron; Pot; Cast iron pot,1960.0,Ceramics,Timo Sarpaneva,29,5168,Finnish,male,1926,2006,Q2703990,500102782.0,2
1047,Finna,tmk.161020882020600,Saturn cauldron; Pot; Cast iron pot,1960.0,Ceramics,Timo Sarpaneva,29,5168,Finnish,male,1926,2006,Q2703990,500102782.0,2
1048,Finna,visavuori.pju-75018,"Brochure, product brochure",1962.0,Other,Timo Sarpaneva,29,5168,Finnish,male,1926,2006,Q2703990,500102782.0,6
1049,Finna,ksm.158470240160000,Iittala visa ashtray; Cup; Tray; Candle holder; Ashtray,1964.0,Glass,Timo Sarpaneva,29,5168,Finnish,male,1926,2006,Q2703990,500102782.0,1
1052,Finna,visavuori.pju-79453,"Shelf paper roll (4 pcs); ""ambiente"" shelf paper",1965.0,Other,Timo Sarpaneva,29,5168,Finnish,male,1926,2006,Q2703990,500102782.0,6
1053,Finna,ksm.158470038568000,Iittala festivo candlestick; Candlestick; Glass candlestick,1967.0,Ceramics,Timo Sarpaneva,29,5168,Finnish,male,1926,2006,Q2703990,500102782.0,2
1054,Finna,hkm.3646AF6C-73E4-4B10-BB9B-BFA281C5999B,Ashtray; Candle holder; Crust,1968.0,Other,Timo Sarpaneva,29,5168,Finnish,male,1926,2006,Q2703990,500102782.0,6
1055,Finna,hkm.0FF6FEFA-EB09-41FD-8B69-8452AD1F17F7,Jar,1970.0,Ceramics,Timo Sarpaneva,29,5168,Finnish,male,1926,2006,Q2703990,500102782.0,2
1056,Finna,hkm.3135045D-857A-4FD2-AEFD-D6047638C884,Jar,1970.0,Ceramics,Timo Sarpaneva,29,5168,Finnish,male,1926,2006,Q2703990,500102782.0,2
1057,Finna,hkm.710E0A70-D531-4C65-AB56-538CB53C9971,"Saucepan; Steel pot, serving pot; Guide model ts-202",1970.0,Ceramics,Timo Sarpaneva,29,5168,Finnish,male,1926,2006,Q2703990,500102782.0,2
1058,Finna,hkm.8931DF44-422D-4A57-B82A-D3845BCE4FBE,Cooler; Cooler; Champagne cooler,1970.0,Ceramics,Timo Sarpaneva,29,5168,Finnish,male,1926,2006,Q2703990,500102782.0,2
1059,Finna,hkm.9A24EA26-CCB9-4DD9-A247-75F5EAB6AB55,Jug; Ice water trough; Guide model ts-151,1970.0,Other,Timo Sarpaneva,29,5168,Finnish,male,1926,2006,Q2703990,500102782.0,6
1060,Finna,hkm.9E51F767-BC19-4F42-86B6-6129B6FBEBC0,Pot; Scrambled eggs; Guide model ts-224,1970.0,Glass,Timo Sarpaneva,29,5168,Finnish,male,1926,2006,Q2703990,500102782.0,1
1061,Finna,hkm.FDD955FB-1045-4098-8F59-7FFBA6A53201,"Saucepan; Saucepan; Guide model ts-205 ""pop""",1970.0,Metal,Timo Sarpaneva,29,5168,Finnish,male,1926,2006,Q2703990,500102782.0,5
1062,Finna,ksm.158470038766100,Iittala large aroma glass; Glass; Container; Cognac glass; Aroma glass,1970.0,Glass,Timo Sarpaneva,29,5168,Finnish,male,1926,2006,Q2703990,500102782.0,1
1063,Finna,ksm.165468316393000,Iittala kekkerit series shot glasses 10cl; Drinking glass; Liqueur glass,1970.0,Glass,Timo Sarpaneva,29,5168,Finnish,male,1926,2006,Q2703990,500102782.0,1
1064,Finna,ksm.158470227729700,Iittala vertica 2756 vase; Award; Vase; Glass vase; Rifle shooting award,1972.0,Ceramics,Timo Sarpaneva,29,5168,Finnish,male,1926,2006,Q2703990,500102782.0,2
1065,Finna,ksm.158470227737400,Iittala cookies vase; Award; Vase; Glass vase,1973.0,Glass,Timo Sarpaneva,29,5168,Finnish,male,1926,2006,Q2703990,500102782.0,1
1066,Finna,ksm.158470229194900,Iittala kekkerit naukku schnapps glass; Glass; Shot glass,1973.0,Glass,Timo Sarpaneva,29,5168,Finnish,male,1926,2006,Q2703990,500102782.0,1
1067,Finna,ksm.162919743916300,Iittala kekkerit paukku glass; Glass; Container; Drinking glass,1973.0,Glass,Timo Sarpaneva,29,5168,Finnish,male,1926,2006,Q2703990,500102782.0,1
1068,Finna,ksm.165475964807300,Iittala biscuits vase; Vase; Decorative item,1973.0,Glass,Timo Sarpaneva,29,5168,Finnish,male,1926,2006,Q2703990,500102782.0,1
1069,Finna,heinolanmuseo.hkm-97724,Candlestick; Festival,1980.0,Glass,Timo Sarpaneva,29,5168,Finnish,male,1926,2006,Q2703990,500102782.0,1
1070,Finna,heinolanmuseo.hkm-97729,Candlestick; Arkipelago,1980.0,Glass,Timo Sarpaneva,29,5168,Finnish,male,1926,2006,Q2703990,500102782.0,1
1071,Finna,heinolanmuseo.hkm-97731,Candlestick; Arkipelago,1980.0,Glass,Timo Sarpaneva,29,5168,Finnish,male,1926,2006,Q2703990,500102782.0,1
1072,Finna,satakunnanmuseo.253C8A67-E981-446A-BA81-C2B447758C51,"Pot, cover and lifting rib; S-pot",1963.0,Ceramics,Timo Sarpaneva,29,5168,Finnish,male,1926,2006,Q2703990,500102782.0,2
1073,Finna,satakunnanmuseo.2DEF7CBB-8756-40F0-B743-7F28B63FFDCB,Casserole and lid; Sarpaneva casserole,1963.0,Other,Timo Sarpaneva,29,5168,Finnish,male,1926,2006,Q2703990,500102782.0,6
1074,Finna,satakunnanmuseo.2ED37D4F-B31D-4FDE-A0DA-5695BAC57FB0,Casserole and lid; Sarpaneva casserole,1963.0,Other,Timo Sarpaneva,29,5168,Finnish,male,1926,2006,Q2703990,500102782.0,6
1076,Finna,satakunnanmuseo.59BA4B69-C56A-4D73-A19A-E1A30D0B846A,Frying pan and lid; S-frying pan,1963.0,Other,Timo Sarpaneva,29,5168,Finnish,male,1926,2006,Q2703990,500102782.0,6
1077,Finna,satakunnanmuseo.6B49C9B9-53E1-4E61-A0B3-85C19B4191D8,Casserole and lid; Sarpaneva casserole,1963.0,Ceramics,Timo Sarpaneva,29,5168,Finnish,male,1926,2006,Q2703990,500102782.0,2
1078,Finna,satakunnanmuseo.6BAC6695-3A65-4785-A4DF-BA1D44B341B6,Casserole and lid; Sarpaneva casserole,1963.0,Other,Timo Sarpaneva,29,5168,Finnish,male,1926,2006,Q2703990,500102782.0,6
1079,Finna,satakunnanmuseo.7636D265-F336-4D48-8390-71F532BFF4A9,Casserole and lid; Sarpaneva casserole,1963.0,Ceramics,Timo Sarpaneva,29,5168,Finnish,male,1926,2006,Q2703990,500102782.0,2
1080,Finna,satakunnanmuseo.7D88DA14-8B99-4659-B896-D29FBB37007F,Casserole and lid; Long dish,1963.0,Metal,Timo Sarpaneva,29,5168,Finnish,male,1926,2006,Q2703990,500102782.0,5
1081,Finna,satakunnanmuseo.7DF57464-1050-464E-B0D0-E7B53027C894,Casserole and lid; Sarpaneva casserole,1963.0,Ceramics,Timo Sarpaneva,29,5168,Finnish,male,1926,2006,Q2703990,500102782.0,2
1082,Finna,satakunnanmuseo.88A103E4-B521-4169-BED4-F82381146FBC,Casserole and lid; Sarpaneva casserole,1963.0,Ceramics,Timo Sarpaneva,29,5168,Finnish,male,1926,2006,Q2703990,500102782.0,2
1083,Finna,satakunnanmuseo.D305BC40-CA3F-4EE3-ABC7-DDB7DF043596,"Pot, cover and lifting rib; S-pot",1963.0,Other,Timo Sarpaneva,29,5168,Finnish,male,1926,2006,Q2703990,500102782.0,6
1084,Finna,satakunnanmuseo.D8694F0C-0E3E-43C5-88D9-1F071784399F,Casserole with lid; Bird dish,1963.0,Other,Timo Sarpaneva,29,5168,Finnish,male,1926,2006,Q2703990,500102782.0,6
1085,Finna,heinolanmuseo.hkm-86132,Carafe; Sv series,1950.0,Ceramics,Nanny Still,31,5666,Finnish,female,1926,2009,,,2
1086,Finna,heinolanmuseo.hkm-86133,Liqueur glass; Sv series,1950.0,Ceramics,Nanny Still,31,5666,Finnish,female,1926,2009,,,2
1087,Finna,heinolanmuseo.hkm-87256,Drinking glass; Flinders,1960.0,Glass,Nanny Still,31,5666,Finnish,female,1926,2009,,,1
1088,Finna,heinolanmuseo.hkm-87257,Carafe; Flinders,1960.0,Ceramics,Nanny Still,31,5666,Finnish,female,1926,2009,,,2
1089,Finna,hkm.AB220ADE-6FF5-401E-9422-5D1D5FBC67DD,Coffee pot; Manual model 2002-21,1960.0,Ceramics,Nanny Still,31,5666,Finnish,female,1926,2009,,,2
1090,Finna,hkm.C8B66EC6-38B7-4BDB-A691-BB3123D1F520,Candlestick,1960.0,Other,Nanny Still,31,5666,Finnish,female,1926,2009,,,6
1091,Finna,hkm.D7427967-3B17-4890-81C3-D10B84D255EE,Candlestick,1960.0,Glass,Nanny Still,31,5666,Finnish,female,1926,2009,,,1
1092,Finna,tmk.161050523256400,Coffee pot,1960.0,Ceramics,Nanny Still,31,5666,Finnish,female,1926,2009,,,2
1093,Finna,satakunnanmuseo.DA1DE1CC-4F81-48E6-9C65-0034FA3C62B0,Candlestick,1961.0,Wood,Nanny Still,31,5666,Finnish,female,1926,2009,,,4
1094,Finna,heinolanmuseo.hkm-100561,Carafe; Flinders,1963.0,Glass,Nanny Still,31,5666,Finnish,female,1926,2009,,,1
1095,Finna,hkm.C56C4734-133F-459B-994A-BC7FF142A3AB,Glass; A glass of champagne,1965.0,Glass,Nanny Still,31,5666,Finnish,female,1926,2009,,,1
1096,Finna,heinolanmuseo.hkm-96436,Drinking glass; Grappa,1966.0,Glass,Nanny Still,31,5666,Finnish,female,1926,2009,,,1
1097,Finna,hkm.559499F6-2B70-4433-B8B7-5FBC33DE11B7,Vase; Glass vase; Lucullus,1967.0,Glass,Nanny Still,31,5666,Finnish,female,1926,2009,,,1
1098,Finna,ksm.158470039262400,Riihimäki glass grapponia decorative bottle; Bottle; Glass bottle; Decorative bottle,1968.0,Ceramics,Nanny Still,31,5666,Finnish,female,1926,2009,,,2
1099,Finna,hkm.8C9A2B17-4F38-43E1-92AE-CBA3727C9D3B,Coffee pot; Manual model 18-8,1970.0,Ceramics,Nanny Still,31,5666,Finnish,female,1926,2009,,,2
1100,Finna,hkm.9D7962A4-7359-4503-A21E-218EECA75B07,Candlestick,1970.0,Glass,Nanny Still,31,5666,Finnish,female,1926,2009,,,1
1101,Finna,museovirasto.BA5D23813D4931A432CEC9779D596BA4,Ashtray,1970.0,Glass,Nanny Still,31,5666,Finnish,female,1926,2009,,,1
1102,Finna,satakunnanmuseo.265F927C-4517-40D1-B011-8BBB20BDA729,Candelabra; Wooden candle holder,1970.0,Wood,Nanny Still,31,5666,Finnish,female,1926,2009,,,4
1103,Finna,ksm.158470062625200,Riihimäki glass hourglass 1444 vase; Vase; Glass vase; Flower vase,1971.0,Ceramics,Nanny Still,31,5666,Finnish,female,1926,2009,,,2
1104,Finna,ksm.158470184178000,Riihimäki glass hourglass 1442 glass vase; Vase; Glass vase,1971.0,Other,Nanny Still,31,5666,Finnish,female,1926,2009,,,6
1105,Finna,hkm.AC422CBC-F5B3-4867-BEBC-7B3F115AE4FC,Chassis; Tupru series,1977.0,Other,Nanny Still,31,5666,Finnish,female,1926,2009,,,6
1106,Finna,ksm.165476102802700,Kehrä glasses; Drinking glass; Leg glass,1980.0,Glass,Nanny Still,31,5666,Finnish,female,1926,2009,,,1
1107,Finna,riihimaenmuseo.rhm-104222,Candle; Decorative candle; Candle packaging,1963.0,Glass,Nanny Still,31,5666,Finnish,female,1926,2009,,,1
1110,Finna,museovirasto.3655c3bc-1c07-4f6c-bd98-ebc69087660b,Calling cards; Tele-calling card; Tele nonstop,1992.0,Other,Jukka Veistola,33,6123,Finnish,male,1946,0,,,6
1111,Finna,museovirasto.36b932c1-98c2-4b57-af20-e30349191304,Calling cards; Tele-calling card; Tele nonstop,1992.0,Other,Jukka Veistola,33,6123,Finnish,male,1946,0,,,6
1114,Finna,museovirasto.4a598e51-e791-48b6-a20f-0aed2d53ed67,Calling cards; Tele-calling card; Tele nonstop,1992.0,Other,Jukka Veistola,33,6123,Finnish,male,1946,0,,,6
1117,Finna,museovirasto.91f212a1-4a90-4011-8629-ea290899885d,Calling cards; Tele-calling card; Tele nonstop,1992.0,Other,Jukka Veistola,33,6123,Finnish,male,1946,0,,,6
1124,Finna,museovirasto.f92a4c3e-3659-4ff3-b1ee-355ed09648f2,Calling cards; Tele-calling card; Tele nonstop,1992.0,Other,Jukka Veistola,33,6123,Finnish,male,1946,0,,,6
1125,Finna,lahdenmuseo.lkm-27710,Calling card; Tele nonstop 100,1993.0,Other,Jukka Veistola,33,6123,Finnish,male,1946,0,,,6
1126,Finna,tmk.161032142500400,100 marks (republic of finland); Commemorative coin jean sibelius and the art of music; Coin,1999.0,Metal,Jukka Veistola,33,6123,Finnish,male,1946,0,,,5
1127,Finna,tmk.161032143338000,100 marks (republic of finland); Commemorative coin jean sibelius and the art of music; Coin,1999.0,Metal,Jukka Veistola,33,6123,Finnish,male,1946,0,,,5
1128,Finna,hkm.B24A382B-1B23-4E94-88FC-51E194DE6885,Relief; Plaque; Commemorative plaque of the winter war,1940.0,Metal,Tapio Wirkkala,35,6409,Finnish,male,1915,1985,Q550411,500097462.0,5
1130,Finna,werstas.we-66440,"Relief; Plaster relief, commemorative plaque of the winter war, 1939-1940",1940.0,Ceramics,Tapio Wirkkala,35,6409,Finnish,male,1915,1985,Q550411,500097462.0,2
1131,Finna,werstas.we-66441,"Relief, winter war commemorative plaque; 1939-1940 (winter war)",1940.0,Other,Tapio Wirkkala,35,6409,Finnish,male,1915,1985,Q550411,500097462.0,6
1132,Finna,lappeenrannanmuseot.5ebcc0ea-aa87-4fd4-adec-743000931a58,Finland-sweden national match march 1941 badge; Badge,1941.0,Other,Tapio Wirkkala,35,6409,Finnish,male,1915,1985,Q550411,500097462.0,6
1133,Finna,lappeenrannanmuseot.82c82bbe-f38a-4640-945d-ef916e58ba06,Finland-sweden national match march 1941 badge; Badge,1941.0,Metal,Tapio Wirkkala,35,6409,Finnish,male,1915,1985,Q550411,500097462.0,5
1134,Finna,lappeenrannanmuseot.8FDC7ED6-D9B2-4007-A62B-52B29A10409C,Make; Finland-sweden national match marching band,1941.0,Other,Tapio Wirkkala,35,6409,Finnish,male,1915,1985,Q550411,500097462.0,6
1135,Finna,lappeenrannanmuseot.9468B813-AB73-47F3-89B3-4EB0B28F9909,Finland - sweden national match march 1941; Badge; Participant token; Pin marker; Make,1941.0,Other,Tapio Wirkkala,35,6409,Finnish,male,1915,1985,Q550411,500097462.0,6
1136,Finna,urheilumuseo.167080554056700,Marching badge; Badge of achievement,1941.0,Metal,Tapio Wirkkala,35,6409,Finnish,male,1915,1985,Q550411,500097462.0,5
1137,Finna,werstas.we-1507603,Badge; National match march 1941 marching badge,1941.0,Metal,Tapio Wirkkala,35,6409,Finnish,male,1915,1985,Q550411,500097462.0,5
1138,Finna,ksm.158470262973500,Tuonela stream; Vase; Glass vase,1947.0,Glass,Tapio Wirkkala,35,6409,Finnish,male,1915,1985,Q550411,500097462.0,1
1139,Finna,lappeenrannanmuseot.4EAE0C8D-D454-42D0-A82E-8B3C555F9BA4,Princess armada; Glass bottle; Glass carafe,1947.0,Ceramics,Tapio Wirkkala,35,6409,Finnish,male,1915,1985,Q550411,500097462.0,2
1140,Finna,hkm.BA35E47D-577F-4420-9431-84B8F244EE32,Vase; Chanterelle,1950.0,Glass,Tapio Wirkkala,35,6409,Finnish,male,1915,1985,Q550411,500097462.0,1
1141,Finna,ksm.175793254180500,The canteen tray of the helsinki olympic games village; Tray; Plywood tray,1950.0,Wood,Tapio Wirkkala,35,6409,Finnish,male,1915,1985,Q550411,500097462.0,4
1143,Finna,urheilumuseo.167078824924100,Olympic postcard; Postcard,1952.0,Other,Tapio Wirkkala,35,6409,Finnish,male,1915,1985,Q550411,500097462.0,6
1144,Finna,urheilumuseo.167079594221100,Stamp; Olympic stamp,1952.0,Other,Tapio Wirkkala,35,6409,Finnish,male,1915,1985,Q550411,500097462.0,6
1145,Finna,urheilumuseo.167079594963800,Olympic postage stamp; Stamp,1952.0,Other,Tapio Wirkkala,35,6409,Finnish,male,1915,1985,Q550411,500097462.0,6
1146,Finna,museovirasto.88957F9CD9F0E4302D956B336EC575FE,Coast guard memorial cross; Winter and continuation war memorial cross; Commemorative cross,1953.0,Metal,Tapio Wirkkala,35,6409,Finnish,male,1915,1985,Q550411,500097462.0,5
1147,Finna,museovirasto.04a97dda-b327-4f2e-aa21-42d738a9c172,"5,000 marks; Monetary; Note",1955.0,Paper,Tapio Wirkkala,35,6409,Finnish,male,1915,1985,Q550411,500097462.0,3
1149,Finna,museovirasto.257dbba1-7a38-44d6-b351-611f99843c47,1000 marks; Monetary; Note,1955.0,Paper,Tapio Wirkkala,35,6409,Finnish,male,1915,1985,Q550411,500097462.0,3
1150,Finna,museovirasto.44b69f40-e93c-4b67-9ed9-050ce7ddf5e3,500 marks; Monetary; Note,1955.0,Paper,Tapio Wirkkala,35,6409,Finnish,male,1915,1985,Q550411,500097462.0,3
1152,Finna,museovirasto.8452e1df-7bac-4d97-b5ee-a1c2084c23b0,"10,000 marks; Monetary; Note",1955.0,Paper,Tapio Wirkkala,35,6409,Finnish,male,1915,1985,Q550411,500097462.0,3
1154,Finna,museovirasto.d19c93ca-38ff-4e26-833d-c17677a3f49f,500 marks; Monetary; Note,1955.0,Paper,Tapio Wirkkala,35,6409,Finnish,male,1915,1985,Q550411,500097462.0,3
1155,Finna,museovirasto.d4c7a189-d3d2-46c8-867c-6b910c30864e,"5,000 marks; Monetary; Note",1955.0,Paper,Tapio Wirkkala,35,6409,Finnish,male,1915,1985,Q550411,500097462.0,3
1156,Finna,museovirasto.f3133655-8aef-42bb-b8d3-f37d4831c719,1000 marks; Monetary; Note,1955.0,Paper,Tapio Wirkkala,35,6409,Finnish,male,1915,1985,Q550411,500097462.0,3
1157,Finna,museovirasto.01c38877-7a54-4807-97ab-40832f68d921,500 marks; Monetary; Note,1956.0,Paper,Tapio Wirkkala,35,6409,Finnish,male,1915,1985,Q550411,500097462.0,3
1158,Finna,museovirasto.d6ad7dc6-0b71-4915-a353-ed45c5f9d447,500 marks; Monetary; Note,1956.0,Paper,Tapio Wirkkala,35,6409,Finnish,male,1915,1985,Q550411,500097462.0,3
1159,Finna,hkm.81C3B663-F149-43CF-B0ED-23FB7A9AE676,Vase; Foal's foot,1957.0,Glass,Tapio Wirkkala,35,6409,Finnish,male,1915,1985,Q550411,500097462.0,1
1160,Finna,kymenlaaksonmuseot.KarhE1339:1,Coke bottle; 7172,1957.0,Glass,Tapio Wirkkala,35,6409,Finnish,male,1915,1985,Q550411,500097462.0,1
1162,Finna,museovirasto.8A24089859AC5B9ABEBB5AD6E5427935,Vase,1957.0,Ceramics,Tapio Wirkkala,35,6409,Finnish,male,1915,1985,Q550411,500097462.0,2
1163,Finna,museovirasto.CF1A950AD0DE157DB25A106A3B5901A8,Ashtray,1957.0,Ceramics,Tapio Wirkkala,35,6409,Finnish,male,1915,1985,Q550411,500097462.0,2
1165,Finna,ksm.158470038715600,Iittala vase 3585; Vase; Flower vase; Glass vase,1958.0,Glass,Tapio Wirkkala,35,6409,Finnish,male,1915,1985,Q550411,500097462.0,1
1166,Finna,lahdenmuseo.lkm-114,Chair nikke; Nike no. 9019,1958.0,Wood,Tapio Wirkkala,35,6409,Finnish,male,1915,1985,Q550411,500097462.0,4
1167,Finna,lahdenmuseo.lkm-276,"Coffee table, rhythm plywood; Rhythm plywood no. 9018",1958.0,Ceramics,Tapio Wirkkala,35,6409,Finnish,male,1915,1985,Q550411,500097462.0,2
1168,Finna,lahdenmuseo.lkm-280,"Coffee table, rhythm plywood; Rhythm plywood no. 9011",1958.0,Wood,Tapio Wirkkala,35,6409,Finnish,male,1915,1985,Q550411,500097462.0,4
1169,Finna,lahdenmuseo.lkm-771,"Coffee table, rhythm plywood; Rhythm plywood no. 9016",1958.0,Wood,Tapio Wirkkala,35,6409,Finnish,male,1915,1985,Q550411,500097462.0,4
1170,Finna,lahdenmuseo.lkm-845,Chair nikke; Small chair; No. 9019,1958.0,Wood,Tapio Wirkkala,35,6409,Finnish,male,1915,1985,Q550411,500097462.0,4
1171,Finna,lahdenmuseo.lkm-846,Coffee table rhythm plywood; Rhythm plywood no. 9014,1958.0,Wood,Tapio Wirkkala,35,6409,Finnish,male,1915,1985,Q550411,500097462.0,4
1172,Finna,lahdenmuseo.lkm-866,"Coffee table, rhythm plywood; Rhythm plywood no. 9016",1958.0,Other,Tapio Wirkkala,35,6409,Finnish,male,1915,1985,Q550411,500097462.0,6
1173,Finna,lahdenmuseo.lkm-848,Serving trolley no. 3980; Tea cart; No. 3980,1959.0,Other,Tapio Wirkkala,35,6409,Finnish,male,1915,1985,Q550411,500097462.0,6
1174,Finna,museovirasto.C5FE51A8DA3070C41E752FBE298DA2B5,Coffee pot,1959.0,Ceramics,Tapio Wirkkala,35,6409,Finnish,male,1915,1985,Q550411,500097462.0,2
1175,Finna,heinolanmuseo.hkm-93559,A tumbler; Loss,1960.0,Glass,Tapio Wirkkala,35,6409,Finnish,male,1915,1985,Q550411,500097462.0,1
1176,Finna,heinolanmuseo.hkm-97504,Cheese knife,1960.0,Other,Tapio Wirkkala,35,6409,Finnish,male,1915,1985,Q550411,500097462.0,6
1177,Finna,hkm.1F1B41FE-2DC8-46E0-91EC-B2B3D0F0D24C,Plate; Aircraft carrier,1960.0,Ceramics,Tapio Wirkkala,35,6409,Finnish,male,1915,1985,Q550411,500097462.0,2
1179,Finna,hkm.47A4F9E6-804F-4D23-8509-ACD1CA3C19C4,Plate; Aircraft carrier,1960.0,Ceramics,Tapio Wirkkala,35,6409,Finnish,male,1915,1985,Q550411,500097462.0,2
1180,Finna,hkm.53BBEFFE-DBE7-4366-A5B9-2BB367AC7A73,Bowl; Dessert plate; Aircraft carrier,1960.0,Ceramics,Tapio Wirkkala,35,6409,Finnish,male,1915,1985,Q550411,500097462.0,2
1181,Finna,hkm.5FD70378-7AF9-40E8-A6DB-34FCE686D3CA,Plate; Aircraft carrier,1960.0,Ceramics,Tapio Wirkkala,35,6409,Finnish,male,1915,1985,Q550411,500097462.0,2
1182,Finna,hkm.6A8006A1-E225-4DCE-9E32-44ECD9106595,Ashtray,1960.0,Ceramics,Tapio Wirkkala,35,6409,Finnish,male,1915,1985,Q550411,500097462.0,2
1183,Finna,hkm.7CAC0373-0B8D-4FC5-BA90-EEA255385BF9,Spoon; Caravel; Tea and coffee spoon,1960.0,Other,Tapio Wirkkala,35,6409,Finnish,male,1915,1985,Q550411,500097462.0,6
1184,Finna,hkm.80AFBBAF-14C3-4274-AAAF-F0D8D306CA8C,Spoon; Teaspoon; Caravelle,1960.0,Other,Tapio Wirkkala,35,6409,Finnish,male,1915,1985,Q550411,500097462.0,6
1185,Finna,hkm.83078F50-1362-46CC-ADBA-3EBDF09067BC,A pair of cups; Coffee cup and saucer; Aircraft carrier,1960.0,Ceramics,Tapio Wirkkala,35,6409,Finnish,male,1915,1985,Q550411,500097462.0,2
1186,Finna,hkm.E80AAEF0-ADB4-45A1-A821-4168C9FBACBC,Bowl; Dessert plate; Aircraft carrier,1960.0,Ceramics,Tapio Wirkkala,35,6409,Finnish,male,1915,1985,Q550411,500097462.0,2
1187,Finna,ksm.158470227682400,Iittala vase 3581; Award; Vase; Glass vase,1960.0,Glass,Tapio Wirkkala,35,6409,Finnish,male,1915,1985,Q550411,500097462.0,1
1188,Finna,werstas.we-1218438,"Bowl, glass bowl; Iittala's glass bowl, skdl's art object",1960.0,Glass,Tapio Wirkkala,35,6409,Finnish,male,1915,1985,Q550411,500097462.0,1
1190,Finna,hkm.C89E67BB-248F-4F4E-AC11-F2770DC7E68A,Cup; Trophy; Munkkivuori community school,1962.0,Other,Tapio Wirkkala,35,6409,Finnish,male,1915,1985,Q550411,500097462.0,6
1191,Finna,ksm.158470116445100,Iittala juice glass 2065; Dish; Glass; Drinking glass; Glass of juice,1962.0,Ceramics,Tapio Wirkkala,35,6409,Finnish,male,1915,1985,Q550411,500097462.0,2
1192,Finna,metsastysmuseo.knp-44783,Trophy; Round prize kymenlääni kennelpiiri ry. 10 years 24.3.1963; Tapio wirkkala,1962.0,Glass,Tapio Wirkkala,35,6409,Finnish,male,1915,1985,Q550411,500097462.0,1
1193,Finna,hkm.54972C1C-253A-4F6E-B687-7251BBE30BBF,Note; Ten marks; Sample piece,1963.0,Paper,Tapio Wirkkala,35,6409,Finnish,male,1915,1985,Q550411,500097462.0,3
1194,Finna,hkm.566F9C2A-76CF-47F5-8CD9-219ED624DBC3,Note; Fifty marks,1963.0,Paper,Tapio Wirkkala,35,6409,Finnish,male,1915,1985,Q550411,500097462.0,3
1195,Finna,hkm.DDACE42D-49C3-46E1-B401-96A51EF4E974,Note; One hundred marks; Sample voucher,1963.0,Paper,Tapio Wirkkala,35,6409,Finnish,male,1915,1985,Q550411,500097462.0,3
1196,Finna,museovirasto.05b3265b-a082-4c8a-abb3-88849e2ffebf,10 marks; Monetary; Note,1963.0,Paper,Tapio Wirkkala,35,6409,Finnish,male,1915,1985,Q550411,500097462.0,3
1197,Finna,museovirasto.12dd7c44-eab2-4b71-b651-d2bad610ba86,100 marks; Monetary; Note,1963.0,Paper,Tapio Wirkkala,35,6409,Finnish,male,1915,1985,Q550411,500097462.0,3
1198,Finna,museovirasto.1f7aa471-2add-4d04-bbf6-6cbd615d2fcb,10 marks; Monetary; Note,1963.0,Paper,Tapio Wirkkala,35,6409,Finnish,male,1915,1985,Q550411,500097462.0,3
1199,Finna,museovirasto.27d93371-0d53-4edb-81ba-f499edb049a7,5 marks; Monetary; Note,1963.0,Paper,Tapio Wirkkala,35,6409,Finnish,male,1915,1985,Q550411,500097462.0,3
1200,Finna,museovirasto.3be019f9-f12f-4a8e-b8ce-e9e1cc3a374b,100 marks; Monetary; Note,1963.0,Paper,Tapio Wirkkala,35,6409,Finnish,male,1915,1985,Q550411,500097462.0,3
1202,Finna,museovirasto.7de2cd31-28e0-4922-a624-c8448dedb02d,10 marks; Monetary; Note,1963.0,Paper,Tapio Wirkkala,35,6409,Finnish,male,1915,1985,Q550411,500097462.0,3
1203,Finna,museovirasto.9a7dbbf1-c05e-4795-a18d-3fc5ca4a8c2f,50 marks; Monetary; Note,1963.0,Paper,Tapio Wirkkala,35,6409,Finnish,male,1915,1985,Q550411,500097462.0,3
1204,Finna,museovirasto.a9a0f525-c025-4e3a-9c4b-eefddb5bbc6e,5 marks; Monetary; Note,1963.0,Paper,Tapio Wirkkala,35,6409,Finnish,male,1915,1985,Q550411,500097462.0,3
1205,Finna,museovirasto.afe2edcf-4d89-4fbf-b493-9e3fed8782a2,5 marks; Monetary; Note,1963.0,Paper,Tapio Wirkkala,35,6409,Finnish,male,1915,1985,Q550411,500097462.0,3
1206,Finna,museovirasto.b7f01cbf-0def-4094-9b33-58f49e441993,50 marks; Monetary; Note,1963.0,Paper,Tapio Wirkkala,35,6409,Finnish,male,1915,1985,Q550411,500097462.0,3
1208,Finna,museovirasto.dc02918b-e621-40de-a649-3bcbdb1f9817,50 marks; Monetary; Note,1963.0,Paper,Tapio Wirkkala,35,6409,Finnish,male,1915,1985,Q550411,500097462.0,3
1209,Finna,museovirasto.e551df49-94d0-4097-90b7-d81320d0d175,10 marks; Monetary; Note,1963.0,Paper,Tapio Wirkkala,35,6409,Finnish,male,1915,1985,Q550411,500097462.0,3
1210,Finna,museovirasto.eff091ef-e1e0-4e5d-880f-29ff654d3ba9,100 marks; Monetary; Note,1963.0,Paper,Tapio Wirkkala,35,6409,Finnish,male,1915,1985,Q550411,500097462.0,3
1211,Finna,ksm.158470380923600,Paadar schnapps glass; Haukanmaa 1976 schnapps glass; Glass; Shot glass,1965.0,Ceramics,Tapio Wirkkala,35,6409,Finnish,male,1915,1985,Q550411,500097462.0,2
1213,Finna,hkm.BBBC9B2D-DCF3-4E45-B6D0-73BBFD3451F9,Vase; Finland,1968.0,Glass,Tapio Wirkkala,35,6409,Finnish,male,1915,1985,Q550411,500097462.0,1
1214,Finna,ksm.158470105284200,Iittala ultima thule glass carafe; Jug; Glass caddy; Carafe,1968.0,Glass,Tapio Wirkkala,35,6409,Finnish,male,1915,1985,Q550411,500097462.0,1
1215,Finna,heinolanmuseo.hkm-97719,Jug; Ultimate thule 2433,1970.0,Other,Tapio Wirkkala,35,6409,Finnish,male,1915,1985,Q550411,500097462.0,6
1216,Finna,heinolanmuseo.hkm-97726,Vase; Avena 3429,1970.0,Glass,Tapio Wirkkala,35,6409,Finnish,male,1915,1985,Q550411,500097462.0,1
1217,Finna,hkm.010AB6FF-5AB3-4225-B3E7-9A4F8207E7AC,Spoon; Caravel; Tea and coffee spoon,1970.0,Other,Tapio Wirkkala,35,6409,Finnish,male,1915,1985,Q550411,500097462.0,6
1218,Finna,hkm.02A47862-829E-45C7-9926-3A252C216F05,Cup; Aircraft carrier,1970.0,Ceramics,Tapio Wirkkala,35,6409,Finnish,male,1915,1985,Q550411,500097462.0,2
1220,Finna,hkm.19E8D543-65AB-4A46-81CB-D88E116CBF62,Carafe; Decanter; Ultima thule,1970.0,Glass,Tapio Wirkkala,35,6409,Finnish,male,1915,1985,Q550411,500097462.0,1
1221,Finna,hkm.3943F9D8-F056-440F-918E-98D038863CC1,Tray; Aircraft carrier,1970.0,Ceramics,Tapio Wirkkala,35,6409,Finnish,male,1915,1985,Q550411,500097462.0,2
1222,Finna,hkm.416A4EAE-4A0B-43FF-B37C-EA9D95575934,Plate; Aircraft carrier,1970.0,Other,Tapio Wirkkala,35,6409,Finnish,male,1915,1985,Q550411,500097462.0,6
1223,Finna,hkm.441830C0-98F7-408F-9DCC-7EBFFB7A8DB5,Glass; White wine glass; Aurora borealis,1970.0,Glass,Tapio Wirkkala,35,6409,Finnish,male,1915,1985,Q550411,500097462.0,1
1224,Finna,hkm.4C68AAB1-1A9F-4813-AD7E-B52C998F4E53,Spoon; Coffee spoon; Caravelle,1970.0,Metal,Tapio Wirkkala,35,6409,Finnish,male,1915,1985,Q550411,500097462.0,5
1225,Finna,hkm.5709C0B4-CE45-4457-872D-7D50EEF8875E,Glass; Red wine glass; Ultima thule,1970.0,Glass,Tapio Wirkkala,35,6409,Finnish,male,1915,1985,Q550411,500097462.0,1
1226,Finna,hkm.6831EF7F-F93D-48F1-8642-46F533624873,Cup; Aircraft carrier,1970.0,Glass,Tapio Wirkkala,35,6409,Finnish,male,1915,1985,Q550411,500097462.0,1
1227,Finna,hkm.783174EB-833B-4C67-B0B6-AB88C78D139C,Plate,1970.0,Ceramics,Tapio Wirkkala,35,6409,Finnish,male,1915,1985,Q550411,500097462.0,2
1228,Finna,hkm.957276E0-6B8B-479F-B73F-70742C8D302F,Plate; Aircraft carrier,1970.0,Other,Tapio Wirkkala,35,6409,Finnish,male,1915,1985,Q550411,500097462.0,6
1229,Finna,hkm.9F705F64-EB16-4D11-B618-D10EB7F52FE0,A pair of cups; Mocha cup and saucer,1970.0,Ceramics,Tapio Wirkkala,35,6409,Finnish,male,1915,1985,Q550411,500097462.0,2
1230,Finna,hkm.BFF97B08-E570-4322-9019-3E125CE8EEA8,Tray,1970.0,Other,Tapio Wirkkala,35,6409,Finnish,male,1915,1985,Q550411,500097462.0,6
1231,Finna,hkm.DD34C17A-FFF3-4587-9E62-3550C088E15C,A pair of cups; Teacup and saucer,1970.0,Ceramics,Tapio Wirkkala,35,6409,Finnish,male,1915,1985,Q550411,500097462.0,2
1232,Finna,hkm.DD373451-117A-496D-85D9-24A9A96DCD5B,Tray,1970.0,Other,Tapio Wirkkala,35,6409,Finnish,male,1915,1985,Q550411,500097462.0,6
1233,Finna,hkm.F4EFE052-5EAE-4BB3-9CD2-EC2FF8A240BB,Bowl; Salad bowl,1970.0,Ceramics,Tapio Wirkkala,35,6409,Finnish,male,1915,1985,Q550411,500097462.0,2
1234,Finna,ksm.162919809070800,Iittala paadar dessert plate; Cup; Dish; Dessert cup; Dessert plate,1970.0,Glass,Tapio Wirkkala,35,6409,Finnish,male,1915,1985,Q550411,500097462.0,1
1235,Finna,kymenlaaksonmuseot.KarhE1373:10,Liquor bottle; Finlandia vodka bottle,1970.0,Glass,Tapio Wirkkala,35,6409,Finnish,male,1915,1985,Q550411,500097462.0,1
1236,Finna,kymenlaaksonmuseot.KarhE1373:11,Liquor bottle; Finlandia vodka bottle,1970.0,Glass,Tapio Wirkkala,35,6409,Finnish,male,1915,1985,Q550411,500097462.0,1
1237,Finna,kymenlaaksonmuseot.KarhE1373:13,Liquor bottle; Finlandia vodka bottle,1970.0,Glass,Tapio Wirkkala,35,6409,Finnish,male,1915,1985,Q550411,500097462.0,1
1238,Finna,kymenlaaksonmuseot.KarhE1373:14,Liquor bottle; Finlandia vodka bottle,1970.0,Glass,Tapio Wirkkala,35,6409,Finnish,male,1915,1985,Q550411,500097462.0,1
1239,Finna,kymenlaaksonmuseot.KarhE1373:15,Liquor bottle; Finlandia vodka bottle,1970.0,Glass,Tapio Wirkkala,35,6409,Finnish,male,1915,1985,Q550411,500097462.0,1
1240,Finna,kymenlaaksonmuseot.KarhE1373:16,Liquor bottle; Finlandia vodka bottle,1970.0,Glass,Tapio Wirkkala,35,6409,Finnish,male,1915,1985,Q550411,500097462.0,1
1241,Finna,kymenlaaksonmuseot.KarhE1373:3,Liquor bottle; Finlandia vodka bottle,1970.0,Glass,Tapio Wirkkala,35,6409,Finnish,male,1915,1985,Q550411,500097462.0,1
1242,Finna,kymenlaaksonmuseot.KarhE1373:6,Liquor bottle; Finlandia vodka bottle,1970.0,Glass,Tapio Wirkkala,35,6409,Finnish,male,1915,1985,Q550411,500097462.0,1
1243,Finna,kymenlaaksonmuseot.KarhE1373:7,Liquor bottle; Finlandia vodka bottle,1970.0,Glass,Tapio Wirkkala,35,6409,Finnish,male,1915,1985,Q550411,500097462.0,1
1244,Finna,kymenlaaksonmuseot.KarhE1373:8,Liquor bottle; Finlandia vodka bottle,1970.0,Glass,Tapio Wirkkala,35,6409,Finnish,male,1915,1985,Q550411,500097462.0,1
1245,Finna,urheilumuseo.167078292883000,Prize cup; Challenge cup; Table tennis pekeman round prize,1970.0,Metal,Tapio Wirkkala,35,6409,Finnish,male,1915,1985,Q550411,500097462.0,5
1246,Finna,museovirasto.2FF7482E1407A5C810BB6643025052D5,Necklace; Silver moon,1971.0,Metal,Tapio Wirkkala,35,6409,Finnish,male,1915,1985,Q550411,500097462.0,5
1247,Finna,museovirasto.C615471388E2935F9A07EB1DF200791F,Knife; Sheath; Wirkkala knife,1971.0,Wood,Tapio Wirkkala,35,6409,Finnish,male,1915,1985,Q550411,500097462.0,4
1248,Finna,kymenlaaksonmuseot.KarhE1348:1,Marlin liqueur bottle; Bottle of liquor,1972.0,Glass,Tapio Wirkkala,35,6409,Finnish,male,1915,1985,Q550411,500097462.0,1
1249,Finna,kymenlaaksonmuseot.KarhE1348:2,Marlin liqueur bottle; Bottle of liquor,1972.0,Glass,Tapio Wirkkala,35,6409,Finnish,male,1915,1985,Q550411,500097462.0,1
1250,Finna,metsastysmuseo.knp-40618,Knife; A soap knife,1973.0,Metal,Tapio Wirkkala,35,6409,Finnish,male,1915,1985,Q550411,500097462.0,5
1251,Finna,hkm.2FA56756-F30F-4012-8F49-FEAA1427F273,Ashtray; Eteläsama in the 19th century,1974.0,Other,Tapio Wirkkala,35,6409,Finnish,male,1915,1985,Q550411,500097462.0,6
1252,Finna,kymenlaaksonmuseot.KarhE1373:5,Liquor bottle; Finlandia vodka bottle,1974.0,Glass,Tapio Wirkkala,35,6409,Finnish,male,1915,1985,Q550411,500097462.0,1
1253,Finna,ksm.158470038759600,Iittala arnica vase; Vase; Flower vase; Glass vase,1975.0,Glass,Tapio Wirkkala,35,6409,Finnish,male,1915,1985,Q550411,500097462.0,1
1254,Finna,kymenlaaksonmuseot.KarhE1373:2,Liquor bottle; Finlandia vodka bottle,1975.0,Glass,Tapio Wirkkala,35,6409,Finnish,male,1915,1985,Q550411,500097462.0,1
1255,Finna,museovirasto.342e883f-716a-4f12-a1da-73756cd7c865,100 marks; Monetary; Note,1976.0,Paper,Tapio Wirkkala,35,6409,Finnish,male,1915,1985,Q550411,500097462.0,3
1256,Finna,ksm.162929053687500,Iittala seita ashtray; Ashtray; Serving dish; Ashtray,1977.0,Ceramics,Tapio Wirkkala,35,6409,Finnish,male,1915,1985,Q550411,500097462.0,2
1257,Finna,heinolanmuseo.hkm-97720,Plate; Ultimate thule 2232,1978.0,Glass,Tapio Wirkkala,35,6409,Finnish,male,1915,1985,Q550411,500097462.0,1
1258,Finna,kymenlaaksonmuseot.KarhE1375:1,Liquor bottle; Finlandia vodka bottle pocket mat,1978.0,Glass,Tapio Wirkkala,35,6409,Finnish,male,1915,1985,Q550411,500097462.0,1
1259,Finna,kymenlaaksonmuseot.KarhE1375:2,Liquor bottle; Finlandia vodka bottle pocket mat,1978.0,Glass,Tapio Wirkkala,35,6409,Finnish,male,1915,1985,Q550411,500097462.0,1
1260,Finna,heinolanmuseo.hkm-97718,Bowl; Ultima thule,1979.0,Other,Tapio Wirkkala,35,6409,Finnish,male,1915,1985,Q550411,500097462.0,6
1262,Finna,museovirasto.5568f8c5-87d3-480d-98b0-a08f47acc1da,10 marks; Monetary; Note,1980.0,Paper,Tapio Wirkkala,35,6409,Finnish,male,1915,1985,Q550411,500097462.0,3
1263,Finna,museovirasto.c2f44aa8-87a0-4ab4-8e07-edb8834a5437,10 marks; Monetary; Note,1980.0,Paper,Tapio Wirkkala,35,6409,Finnish,male,1915,1985,Q550411,500097462.0,3
1264,Finna,hkm.71ADCCEF-0C50-470A-864D-B9F3E796AB78,Bottle; Koskenkorva liquor; Product packaging,1981.0,Other,Tapio Wirkkala,35,6409,Finnish,male,1915,1985,Q550411,500097462.0,6
1265,Finna,kymenlaaksonmuseot.KarhE1373:12,Liquor bottle; Finlandia vodka bottle,1981.0,Glass,Tapio Wirkkala,35,6409,Finnish,male,1915,1985,Q550411,500097462.0,1
1266,Finna,kymenlaaksonmuseot.KarhE1373:1,Liquor bottle; Finlandia vodka bottle,1982.0,Other,Tapio Wirkkala,35,6409,Finnish,male,1915,1985,Q550411,500097462.0,6
1267,Finna,kymenlaaksonmuseot.KarhE1373:9,Liquor bottle; Finlandia vodka bottle,1982.0,Glass,Tapio Wirkkala,35,6409,Finnish,male,1915,1985,Q550411,500097462.0,1
1268,Finna,heinolanmuseo.hkm-97426,Schnapps glass; Ultima thule,1962.0,Ceramics,Tapio Wirkkala,35,6409,Finnish,male,1915,1985,Q550411,500097462.0,2
1269,Finna,heinolanmuseo.hkm-97709,A tumbler; Vodka glass 0137/0179,1962.0,Glass,Tapio Wirkkala,35,6409,Finnish,male,1915,1985,Q550411,500097462.0,1
1270,Finna,heinolanmuseo.hkm-97713,Carafe; Ultimate thule 2532,1962.0,Glass,Tapio Wirkkala,35,6409,Finnish,male,1915,1985,Q550411,500097462.0,1
1271,Finna,heinolanmuseo.hkm-97725,Ashtray; Say it,1962.0,Other,Tapio Wirkkala,35,6409,Finnish,male,1915,1985,Q550411,500097462.0,6
1272,Finna,heinolanmuseo.hkm-97747,"Vase; Marble, 3544",1962.0,Glass,Tapio Wirkkala,35,6409,Finnish,male,1915,1985,Q550411,500097462.0,1
1273,Finna,lahdenmuseo.lkm-71160,Television receiver; Black and white television; Telefunken asko de luxe; Telefunken fe 18/53t,1962.0,Other,Tapio Wirkkala,35,6409,Finnish,male,1915,1985,Q550411,500097462.0,6
1274,Finna,lappeenrannanmuseot.14595DE3-7AEE-4942-94C7-C176D186EC4B,Finlandia vodka bottle; A bottle designed by tapio wirkkala for alko in the 1970s,1962.0,Other,Tapio Wirkkala,35,6409,Finnish,male,1915,1985,Q550411,500097462.0,6
1275,Finna,loviisakm.af3d2fc0-9453-43d5-8fd4-36aad495b32f,Plastic salad tongs,1962.0,Metal,Tapio Wirkkala,35,6409,Finnish,male,1915,1985,Q550411,500097462.0,5
1276,Finna,loviisakm.c5885c95-31ec-4e1f-9ec7-381add0553c5,A plastic butter dish,1962.0,Ceramics,Tapio Wirkkala,35,6409,Finnish,male,1915,1985,Q550411,500097462.0,2
1277,Finna,loviisakm.eb2925f7-5614-48fe-ae69-98297c4dcdc9,A plastic dessert bowl,1962.0,Ceramics,Tapio Wirkkala,35,6409,Finnish,male,1915,1985,Q550411,500097462.0,2
1278,Finna,varkaudenmuseot.pju-73762,Country match march badge,1962.0,Metal,Tapio Wirkkala,35,6409,Finnish,male,1915,1985,Q550411,500097462.0,5
1279,Finna,visavuori.pju-75458,"Bottle, finlandia vodka",1962.0,Glass,Tapio Wirkkala,35,6409,Finnish,male,1915,1985,Q550411,500097462.0,1
1280,Finna,ksm.158470346821700,Arabian pehtoori coffee pot; Pot; Coffee pot,1950.0,Ceramics,Antti Nurmesniemi,23,6613,Finnish,male,1927,2003,Q4777425,500003545.0,2
1281,Finna,tmk.161053143142800,Pehtoori pan; Coffee pot; Pot,1958.0,Ceramics,Antti Nurmesniemi,23,6613,Finnish,male,1927,2003,Q4777425,500003545.0,2
1282,Finna,tmk.161053150287400,Pehtoori pan; Coffee pot; Pot,1958.0,Ceramics,Antti Nurmesniemi,23,6613,Finnish,male,1927,2003,Q4777425,500003545.0,2
1283,Finna,tmk.161053155923500,Pehtoori pan; Coffee pot; Pot,1958.0,Ceramics,Antti Nurmesniemi,23,6613,Finnish,male,1927,2003,Q4777425,500003545.0,2
1284,Finna,tmk.161053157491000,Pehtoori pan; Coffee pot; Pot,1958.0,Ceramics,Antti Nurmesniemi,23,6613,Finnish,male,1927,2003,Q4777425,500003545.0,2
1285,Finna,tmk.161053158838700,Pehtoori pan; Coffee pot; Pot,1958.0,Ceramics,Antti Nurmesniemi,23,6613,Finnish,male,1927,2003,Q4777425,500003545.0,2
1286,Finna,tmk.161053160568300,Pehtoori pan; Coffee pot; Pot,1958.0,Ceramics,Antti Nurmesniemi,23,6613,Finnish,male,1927,2003,Q4777425,500003545.0,2
1287,Finna,tmk.161053161404900,Pehtoori pan; Coffee pot; Pot,1958.0,Ceramics,Antti Nurmesniemi,23,6613,Finnish,male,1927,2003,Q4777425,500003545.0,2
1288,Finna,tmk.161053163027300,Pehtoori pan; Coffee pot; Pot,1958.0,Ceramics,Antti Nurmesniemi,23,6613,Finnish,male,1927,2003,Q4777425,500003545.0,2
1289,Finna,tmk.161053198685900,Pikku-pehtori; Coffee pot; Pot,1958.0,Ceramics,Antti Nurmesniemi,23,6613,Finnish,male,1927,2003,Q4777425,500003545.0,2
1290,Finna,tmk.161053203001300,Pikku-pehtori; Coffee pot; Pot,1958.0,Ceramics,Antti Nurmesniemi,23,6613,Finnish,male,1927,2003,Q4777425,500003545.0,2
1291,Finna,tmk.161053204348600,Pikku-pehtori; Coffee pot; Pot,1958.0,Ceramics,Antti Nurmesniemi,23,6613,Finnish,male,1927,2003,Q4777425,500003545.0,2
1292,Finna,tmk.161053206590300,Pikku-pehtori; Coffee pot; Pot,1958.0,Ceramics,Antti Nurmesniemi,23,6613,Finnish,male,1927,2003,Q4777425,500003545.0,2
1293,Finna,tmk.161053207082600,Pikku-pehtori; Coffee pot; Pot,1958.0,Ceramics,Antti Nurmesniemi,23,6613,Finnish,male,1927,2003,Q4777425,500003545.0,2
1294,Finna,tmk.161053207948900,Pikku-pehtori; Coffee pot; Pot,1958.0,Ceramics,Antti Nurmesniemi,23,6613,Finnish,male,1927,2003,Q4777425,500003545.0,2
1295,Finna,hkm.D9B59068-5C24-4A80-9B02-74D7BB6FF091,"Pot; Coffee pot; Pehtoori, finel",1960.0,Ceramics,Antti Nurmesniemi,23,6613,Finnish,male,1927,2003,Q4777425,500003545.0,2
1296,Finna,werstas.we-1611060,Coffee pot; The people's news coffee pot,1960.0,Ceramics,Antti Nurmesniemi,23,6613,Finnish,male,1927,2003,Q4777425,500003545.0,2
1297,Finna,hkm.B7FB080A-A5BE-4197-B77D-5CD1DB9AC0C3,"Pot; Pehthori, finel; Coffee pot",1965.0,Ceramics,Antti Nurmesniemi,23,6613,Finnish,male,1927,2003,Q4777425,500003545.0,2
1298,Finna,hkm.A110AFBA-1EBD-49A6-BBD1-F46CFB959EE8,"Pot; Pehthori, finel; Coffee pot",1967.0,Ceramics,Antti Nurmesniemi,23,6613,Finnish,male,1927,2003,Q4777425,500003545.0,2
1299,Finna,hkm.36941F53-91CD-4BA0-A6D4-E85DBFD92F6E,Pot; Coffee pot; Little pehtoor; Fine,1972.0,Ceramics,Antti Nurmesniemi,23,6613,Finnish,male,1927,2003,Q4777425,500003545.0,2
1300,Finna,lusto.knp-9217,Frying pan; Moveable furniture,1976.0,Other,Antti Nurmesniemi,23,6613,Finnish,male,1927,2003,Q4777425,500003545.0,6
1301,Finna,ksm.165509741393400,"Wärtsilä cast iron pot ""flying saucer""; Pot; Cast iron pot",1977.0,Ceramics,Antti Nurmesniemi,23,6613,Finnish,male,1927,2003,Q4777425,500003545.0,2
1302,Finna,hkm.59bd2df4-19fc-4c32-b820-b5a7890649bf,Subway car; M104 cam carriage,1979.0,Metal,Antti Nurmesniemi,23,6613,Finnish,male,1927,2003,Q4777425,500003545.0,5
1303,Finna,lahdenmuseo.lkm-103127,Armchair,1984.0,Wood,Antti Nurmesniemi,23,6613,Finnish,male,1927,2003,Q4777425,500003545.0,4
1304,Finna,lahdenmuseo.lkm-103128,Armchair,1984.0,Other,Antti Nurmesniemi,23,6613,Finnish,male,1927,2003,Q4777425,500003545.0,6
1305,Finna,museovirasto.08705559F2B1B88D96F67F53456ABC6F,Sugar tongs,1960.0,Other,Bertel Gardberg,10,7381,Finnish,male,1916,2007,,,6
1306,Finna,vantaa.esine:309:1,Knife; Kitchen knife; Karelia,1963.0,Other,Bertel Gardberg,10,7381,Finnish,male,1916,2007,,,6
1307,Finna,vantaa.esine:309:10,Spoon; Tablespoon; Karelia,1963.0,Other,Bertel Gardberg,10,7381,Finnish,male,1916,2007,,,6
1308,Finna,vantaa.esine:309:11,Spoon; Tablespoon; Karelia,1963.0,Other,Bertel Gardberg,10,7381,Finnish,male,1916,2007,,,6
1309,Finna,vantaa.esine:309:12,Spoon; Tablespoon; Karelia,1963.0,Other,Bertel Gardberg,10,7381,Finnish,male,1916,2007,,,6
1310,Finna,vantaa.esine:309:2,Knife; Kitchen knife; Karelia,1963.0,Other,Bertel Gardberg,10,7381,Finnish,male,1916,2007,,,6
1311,Finna,vantaa.esine:309:3,Knife; Kitchen knife; Karelia,1963.0,Other,Bertel Gardberg,10,7381,Finnish,male,1916,2007,,,6
1312,Finna,vantaa.esine:309:4,Knife; Kitchen knife; Karelia,1963.0,Other,Bertel Gardberg,10,7381,Finnish,male,1916,2007,,,6
1313,Finna,vantaa.esine:309:5,Fork; Food fork; Karelia,1963.0,Metal,Bertel Gardberg,10,7381,Finnish,male,1916,2007,,,5
1314,Finna,vantaa.esine:309:6,Fork; Food fork; Karelia,1963.0,Metal,Bertel Gardberg,10,7381,Finnish,male,1916,2007,,,5
1315,Finna,vantaa.esine:309:7,Fork; Food fork; Karelia,1963.0,Metal,Bertel Gardberg,10,7381,Finnish,male,1916,2007,,,5
1316,Finna,vantaa.esine:309:8,Fork; Food fork; Karelia,1963.0,Metal,Bertel Gardberg,10,7381,Finnish,male,1916,2007,,,5
1317,Finna,vantaa.esine:309:9,Spoon; Tablespoon; Karelia,1963.0,Other,Bertel Gardberg,10,7381,Finnish,male,1916,2007,,,6
1318,Finna,museovirasto.0299AA58575A7707CA55EBBB81B667BB,A tea strainer,1968.0,Ceramics,Bertel Gardberg,10,7381,Finnish,male,1916,2007,,,2
1321,Finna,lusto.knp-15816,"Product sample; Genelec speaker back panel, composite plastic sample; 280-m030t rear cover m030 formi gp50 black",2014.0,Metal,Harri Koskinen,18,8417,Finnish,male,1970,0,,,5
1322,Finna,lusto.knp-15817,"Product sample; Genelec speaker front panel, composite plastic sample; 280-m030e front cover m030 formi gp50 black",2014.0,Metal,Harri Koskinen,18,8417,Finnish,male,1970,0,,,5
1323,Finna,lusto.knp-15828,"Product sample; Genelec speaker, composite plastic sample; M030am-6 m030a speaker black 230v",2014.0,Metal,Harri Koskinen,18,8417,Finnish,male,1970,0,,,5
1324,Finna,hkm.247DB3CB-1F4E-4F9F-B241-47DEEDC2CEEA,Make; Lucia; Badge,1989.0,Other,Per-Olof Nyström,25,23348,Finnish,male,1925,1996,,,6
1325,Finna,museovirasto.2D91A74B3091363EBC1620EA9230D121,Napkin,1897.0,Paper,Eliel Saarinen,27,64766,Finnish,male,1873,1950,,,3
1330,Finna,museovirasto.2CB06C56AEBFCCD377B11F3E4058C2C6,Bedside table,1899.0,Ceramics,Eliel Saarinen,27,64766,Finnish,male,1873,1950,,,2
1331,Finna,museovirasto.37A8385080EF433B8BFE86F2B99A0626,Lantern; Lamp,1899.0,Wood,Eliel Saarinen,27,64766,Finnish,male,1873,1950,,,4
1332,Finna,museovirasto.3D3D0D2BD9A7F409FD152FA4AB4B23AA,Lantern; Lamp,1899.0,Wood,Eliel Saarinen,27,64766,Finnish,male,1873,1950,,,4
1333,Finna,museovirasto.82F34EFF925C1A87C852641429853C1B,Bedside table,1899.0,Ceramics,Eliel Saarinen,27,64766,Finnish,male,1873,1950,,,2
1334,Finna,museovirasto.8DE827EBAE738C4524B3F714EC769270,Lantern; Lamp,1899.0,Wood,Eliel Saarinen,27,64766,Finnish,male,1873,1950,,,4
1335,Finna,museovirasto.AE419B15815151ECACE5EDD4D5E83FF3,Table (copy); Small table; Coffee table,1899.0,Wood,Eliel Saarinen,27,64766,Finnish,male,1873,1950,,,4
1336,Finna,museovirasto.B28659211BC3036373E372876F3186A7,Lantern; Lamp,1899.0,Wood,Eliel Saarinen,27,64766,Finnish,male,1873,1950,,,4
1337,Finna,museovirasto.CC496E791648E5DDD1A47A8473FA20EB,Lamp; Lantern,1899.0,Wood,Eliel Saarinen,27,64766,Finnish,male,1873,1950,,,4
1338,Finna,museovirasto.EDB60B20C58AEC74B3E5722B23CC68DD,Lantern; Lamp,1899.0,Wood,Eliel Saarinen,27,64766,Finnish,male,1873,1950,,,4
1339,Finna,museovirasto.1BAEDDFACF8DFD0883F37ABC4B356ABC,Children's bed; Children's bed; Crib; Bed; Bed,1900.0,Other,Eliel Saarinen,27,64766,Finnish,male,1873,1950,,,6
1340,Finna,museovirasto.1BF485CDE7CDA64E7148807CA130E097,Bookcase,1900.0,Wood,Eliel Saarinen,27,64766,Finnish,male,1873,1950,,,4
1341,Finna,museovirasto.1DCC8145C92AEC878B6A49A44678AF95,Drawing; Chalk drawing,1900.0,Wood,Eliel Saarinen,27,64766,Finnish,male,1873,1950,,,4
1342,Finna,museovirasto.262443F320C0E2DEC35655F36E03FD92,Painting; Profile; Half body shot of a boy,1900.0,Wood,Eliel Saarinen,27,64766,Finnish,male,1873,1950,,,4
1343,Finna,museovirasto.28AD1F511187ED28FAAA48572F23BE06,Sofa,1900.0,Wood,Eliel Saarinen,27,64766,Finnish,male,1873,1950,,,4
1344,Finna,museovirasto.407C789B4E3E55EE956CC27BEED7A334,Map ball; Map ball and stand,1900.0,Other,Eliel Saarinen,27,64766,Finnish,male,1873,1950,,,6
1345,Finna,museovirasto.56C1F802432513202914C5F67CA64BA9,Stool; Children's stool,1900.0,Ceramics,Eliel Saarinen,27,64766,Finnish,male,1873,1950,,,2
1346,Finna,museovirasto.5C03EEB915644C4C97E9D0AC0DCB3F50,Drawing; Chalk drawing; Red chalk drawing,1900.0,Paper,Eliel Saarinen,27,64766,Finnish,male,1873,1950,,,3
1347,Finna,museovirasto.6184073CB22B7F89667E167025024305,Bed; Children's bed; Children's bed; Crib; Bed,1900.0,Wood,Eliel Saarinen,27,64766,Finnish,male,1873,1950,,,4
1348,Finna,museovirasto.63F1A0787F1F0387135CDE67A2276B11,Bed; Double bed,1900.0,Wood,Eliel Saarinen,27,64766,Finnish,male,1873,1950,,,4
1349,Finna,museovirasto.663D2F01AE9501BC73091207370CE1FD,Lamp; Pillar lamp,1900.0,Metal,Eliel Saarinen,27,64766,Finnish,male,1873,1950,,,5
1350,Finna,museovirasto.7734F55EFCE625FDC2615C6A4922D385,Cabinet,1900.0,Wood,Eliel Saarinen,27,64766,Finnish,male,1873,1950,,,4
1351,Finna,museovirasto.9F7942333A782F9A5D0F2664ECE46CA8,Stool; Children's stool,1900.0,Ceramics,Eliel Saarinen,27,64766,Finnish,male,1873,1950,,,2
1352,Finna,museovirasto.AE5DD7DEF94192CEC2D65D2E8D1D7092,Armchair; A chesterfield type armchair,1900.0,Other,Eliel Saarinen,27,64766,Finnish,male,1873,1950,,,6
1353,Finna,museovirasto.C204CFCCC77C4ECF8357FAE2E8E77BE1,Cabinet,1900.0,Other,Eliel Saarinen,27,64766,Finnish,male,1873,1950,,,6
1354,Finna,museovirasto.D7758499A1170853249406AFFAD84D4A,Armchair; A chesterfield type armchair,1900.0,Other,Eliel Saarinen,27,64766,Finnish,male,1873,1950,,,6
1355,Finna,museovirasto.F043CFB2E2FF0312ABBE51595812212B,Open fireplace; Hearth,1900.0,Wood,Eliel Saarinen,27,64766,Finnish,male,1873,1950,,,4
1356,Finna,museovirasto.F5FA1A29018EEB0B34D809B2B3629BD0,Chair; Children's chair,1900.0,Ceramics,Eliel Saarinen,27,64766,Finnish,male,1873,1950,,,2
1357,Finna,museovirasto.FC18916239867761A4F7246C6F7E90B1,Cabinet; Wardrobe,1900.0,Other,Eliel Saarinen,27,64766,Finnish,male,1873,1950,,,6
1358,Finna,visavuori.pju-77906,Armchair,1900.0,Other,Eliel Saarinen,27,64766,Finnish,male,1873,1950,,,6
1359,Finna,museovirasto.0BC122689E12F5266A3B2092F5660CD5,"Tiled stove, dismantled; Oven, dismantled",1901.0,Ceramics,Eliel Saarinen,27,64766,Finnish,male,1873,1950,,,2
1360,Finna,museovirasto.24A1511AA20A609D6A1F2E4E3B012867,Oven tile,1901.0,Ceramics,Eliel Saarinen,27,64766,Finnish,male,1873,1950,,,2
1361,Finna,museovirasto.460BBF86C5EDAE8D312596E126D53EC5,Oven tile,1901.0,Other,Eliel Saarinen,27,64766,Finnish,male,1873,1950,,,6
1362,Finna,museovirasto.8078AE723813B37F3B8D13F4059598BD,Oven tile,1901.0,Ceramics,Eliel Saarinen,27,64766,Finnish,male,1873,1950,,,2
1363,Finna,museovirasto.942892D950DFD326BE4EB76A04E0587F,Oven tile,1901.0,Other,Eliel Saarinen,27,64766,Finnish,male,1873,1950,,,6
1364,Finna,museovirasto.D580C0398BF66F6215B89147678234F5,Oven tile,1901.0,Wood,Eliel Saarinen,27,64766,Finnish,male,1873,1950,,,4
1365,Finna,museovirasto.FA92C94250C21409AAF530EA15F4886A,Oven tile,1901.0,Paper,Eliel Saarinen,27,64766,Finnish,male,1873,1950,,,3
1367,Finna,museovirasto.1C61AA85408BA4BAD93F0D759C1BE29F,Small chair with armrests; Chair,1902.0,Wood,Eliel Saarinen,27,64766,Finnish,male,1873,1950,,,4
1368,Finna,museovirasto.231D2D588F05A7A14CE393707D8AD5D7,Chair; Little chair,1902.0,Ceramics,Eliel Saarinen,27,64766,Finnish,male,1873,1950,,,2
1369,Finna,museovirasto.452EC4BB678294A2009D5431ABDA9593,Chair; Small chair with armrests,1902.0,Other,Eliel Saarinen,27,64766,Finnish,male,1873,1950,,,6
1370,Finna,museovirasto.534C1F0BD852DC3D3F284C7CB0A529EF,Small chair; Chair,1902.0,Other,Eliel Saarinen,27,64766,Finnish,male,1873,1950,,,6
1371,Finna,museovirasto.5479A4A46237B2A90D028F0E20044490,Oven; Tile oven,1902.0,Ceramics,Eliel Saarinen,27,64766,Finnish,male,1873,1950,,,2
1372,Finna,museovirasto.6DE448D27F85940304F31A61A3830865,Tiled stove; Oven; Hearth,1902.0,Ceramics,Eliel Saarinen,27,64766,Finnish,male,1873,1950,,,2
1373,Finna,museovirasto.74EB2E4536D8FBD5CED6435E1833855C,Oven; Tile oven,1902.0,Ceramics,Eliel Saarinen,27,64766,Finnish,male,1873,1950,,,2
1374,Finna,museovirasto.88B2898B89ADFAFEC0C5BA89F4D16F64,Oven; Hearth; Tile oven,1902.0,Ceramics,Eliel Saarinen,27,64766,Finnish,male,1873,1950,,,2
1375,Finna,museovirasto.95ED8FDAA62C1604E5EE053AD1D48161,Small chair; Chair,1902.0,Other,Eliel Saarinen,27,64766,Finnish,male,1873,1950,,,6
1376,Finna,museovirasto.9894E72380E87C351B56397EAADEE891,Small chair with armrests; Chair,1902.0,Wood,Eliel Saarinen,27,64766,Finnish,male,1873,1950,,,4
1377,Finna,museovirasto.B2E6A6A7CDEDEDC990932115DBA4C60E,Fireplace,1902.0,Ceramics,Eliel Saarinen,27,64766,Finnish,male,1873,1950,,,2
1378,Finna,museovirasto.DC742C9A49BFA251B1A03161C9EBFABD,Small chair with armrests; Chair,1902.0,Metal,Eliel Saarinen,27,64766,Finnish,male,1873,1950,,,5
1379,Finna,museovirasto.02935D0A1FE6BD5068FBAF4811A04FA7,Candelabra; Lamp,1903.0,Metal,Eliel Saarinen,27,64766,Finnish,male,1873,1950,,,5
1380,Finna,museovirasto.077BD2DEA2AC1CC9624C1CF6A136C2FE,Flower table,1903.0,Other,Eliel Saarinen,27,64766,Finnish,male,1873,1950,,,6
1381,Finna,museovirasto.0FF962C5FB94CCA17B5170D58A2443B1,Cabinet; Bedside table,1903.0,Ceramics,Eliel Saarinen,27,64766,Finnish,male,1873,1950,,,2
1382,Finna,museovirasto.11EAAD0EA2055954E67764030041FC9E,Candelabra; Lamp,1903.0,Metal,Eliel Saarinen,27,64766,Finnish,male,1873,1950,,,5
1383,Finna,museovirasto.174160EF0458907B3BED2B70630BF7C9,Flower table,1903.0,Wood,Eliel Saarinen,27,64766,Finnish,male,1873,1950,,,4
1384,Finna,museovirasto.17AAB31650FD68310124D38D33A18F68,Rack,1903.0,Wood,Eliel Saarinen,27,64766,Finnish,male,1873,1950,,,4
1385,Finna,museovirasto.3FA646C96B8903E6B60A72F8A9C0C0B1,Hearth; Tile oven,1903.0,Other,Eliel Saarinen,27,64766,Finnish,male,1873,1950,,,6
1386,Finna,museovirasto.40EF8BDE5151978444CDC456EF4F61B4,Cabinet; Bedside table,1903.0,Ceramics,Eliel Saarinen,27,64766,Finnish,male,1873,1950,,,2
1387,Finna,museovirasto.45500240F50DB6D4B65AE730382A0F28,Cabinet; Display cabinet,1903.0,Other,Eliel Saarinen,27,64766,Finnish,male,1873,1950,,,6
1388,Finna,museovirasto.51ED29D592C90D639A2B0D447F84F247,Flower table,1903.0,Other,Eliel Saarinen,27,64766,Finnish,male,1873,1950,,,6
1389,Finna,museovirasto.57E301D496B5F58E7D356843420D7B0F,Rack; Drawing roller stand,1903.0,Wood,Eliel Saarinen,27,64766,Finnish,male,1873,1950,,,4
1390,Finna,museovirasto.8E2089D7EA03030E411803CB43689F90,Candelabra,1903.0,Metal,Eliel Saarinen,27,64766,Finnish,male,1873,1950,,,5
1391,Finna,museovirasto.9033DBA68D6EF8D3E7628F425BC9066B,Candlestick,1903.0,Other,Eliel Saarinen,27,64766,Finnish,male,1873,1950,,,6
1392,Finna,museovirasto.908FBBCE4F735C53BAA10834C3595A45,Candelabra; Lamp,1903.0,Metal,Eliel Saarinen,27,64766,Finnish,male,1873,1950,,,5
1393,Finna,museovirasto.9137E1FBC1DEA9827C9298B17D9C03CB,Board; Suur-merijoki mansion,1903.0,Wood,Eliel Saarinen,27,64766,Finnish,male,1873,1950,,,4
1394,Finna,museovirasto.96FE15BC4529C93B5D7E3746A109E8DB,Flower table; Table,1903.0,Ceramics,Eliel Saarinen,27,64766,Finnish,male,1873,1950,,,2
1395,Finna,museovirasto.99D70F39D8F5E01539B130408FB166AF,Sofa,1903.0,Wood,Eliel Saarinen,27,64766,Finnish,male,1873,1950,,,4
1396,Finna,museovirasto.A399E4BD93C6722E36DF7722DC1002BD,Cabinet; Display cabinet,1903.0,Other,Eliel Saarinen,27,64766,Finnish,male,1873,1950,,,6
1397,Finna,museovirasto.A8A7AAE3F71AD27FA4EF73F1A56A9F15,Lamp; Lantern,1903.0,Wood,Eliel Saarinen,27,64766,Finnish,male,1873,1950,,,4
1398,Finna,museovirasto.AFF39FBFAFE3ABEFA1FB9A95240A5E6C,Candelabra; Lamp,1903.0,Metal,Eliel Saarinen,27,64766,Finnish,male,1873,1950,,,5
1399,Finna,museovirasto.B47E7D1E4D40DE4AB0E93B85BF3CAD03,Oven tile,1903.0,Ceramics,Eliel Saarinen,27,64766,Finnish,male,1873,1950,,,2
1400,Finna,museovirasto.B5FCB7A0352EB392960536E2F9AFDBB4,Cabinet; Bedside table,1903.0,Ceramics,Eliel Saarinen,27,64766,Finnish,male,1873,1950,,,2
1401,Finna,museovirasto.BB1D63A53B5838D57BFE9EFA90E78CCC,Split box,1903.0,Wood,Eliel Saarinen,27,64766,Finnish,male,1873,1950,,,4
1402,Finna,museovirasto.BB953A150E42ED4197C185D86B60A6D1,Lamp; Candlestick,1903.0,Ceramics,Eliel Saarinen,27,64766,Finnish,male,1873,1950,,,2
1403,Finna,museovirasto.BCA2C19F3F21EF8EA7C2275898ED8C88,Cabinet; A combination of a drawer and a cabinet,1903.0,Other,Eliel Saarinen,27,64766,Finnish,male,1873,1950,,,6
1404,Finna,museovirasto.CFFFC7CCB934953EBD14A980E9AF5096,Dresser; Dressing table; Dressing table; Table,1903.0,Ceramics,Eliel Saarinen,27,64766,Finnish,male,1873,1950,,,2
1405,Finna,museovirasto.D707830226BEAC612629B1703C2B65BC,Oven tile,1903.0,Ceramics,Eliel Saarinen,27,64766,Finnish,male,1873,1950,,,2
1406,Finna,museovirasto.D89FAE08F9A18679A2B9010B473BBAB5,Oven tile,1903.0,Ceramics,Eliel Saarinen,27,64766,Finnish,male,1873,1950,,,2
1407,Finna,museovirasto.DAF23399350D633D534AC1B6C7749BF4,Table,1903.0,Other,Eliel Saarinen,27,64766,Finnish,male,1873,1950,,,6
1408,Finna,museovirasto.E3BED93DC1E23D31315D24D3C702DAF5,Bedside table; Cabinet,1903.0,Ceramics,Eliel Saarinen,27,64766,Finnish,male,1873,1950,,,2
1409,Finna,museovirasto.EFD50203717A4DD063B0EC05F8C10094,Cabinet; Shelves,1903.0,Other,Eliel Saarinen,27,64766,Finnish,male,1873,1950,,,6
1412,Finna,museovirasto.0AFA2F3C35D75D78A179EFC67A458533,Cabinet; Side table,1905.0,Wood,Eliel Saarinen,27,64766,Finnish,male,1873,1950,,,4
1413,Finna,museovirasto.139AFDA048662287AF89B2853D1B9B80,Ceiling lamp; Fragment,1905.0,Ceramics,Eliel Saarinen,27,64766,Finnish,male,1873,1950,,,2
1414,Finna,museovirasto.1898E3E0AF5933B2293E1EFC14DFC4CC,Cabinet; Side table,1905.0,Wood,Eliel Saarinen,27,64766,Finnish,male,1873,1950,,,4
1415,Finna,museovirasto.2716A961CC3EE7AF8C49BE85E391E353,Chair; Children's chair,1905.0,Other,Eliel Saarinen,27,64766,Finnish,male,1873,1950,,,6
1416,Finna,museovirasto.312B6D372EBF4C77095E4E985FBE8C64,Bench; Rijj's underseat,1905.0,Wood,Eliel Saarinen,27,64766,Finnish,male,1873,1950,,,4
1417,Finna,museovirasto.49F00908EF6496EC0C07C28DFF43BF69,Armchair; Chair,1905.0,Wood,Eliel Saarinen,27,64766,Finnish,male,1873,1950,,,4
1418,Finna,museovirasto.7D005C10038944E00946988C794E7353,Charcoal brush,1905.0,Metal,Eliel Saarinen,27,64766,Finnish,male,1873,1950,,,5
1419,Finna,museovirasto.82BD99A47DB784C9D88A904A5174F218,Closet clock,1905.0,Wood,Eliel Saarinen,27,64766,Finnish,male,1873,1950,,,4
1420,Finna,museovirasto.918767FA212FD17D45F8280A7EEC6989,Coal,1905.0,Other,Eliel Saarinen,27,64766,Finnish,male,1873,1950,,,6
1421,Finna,museovirasto.ADC5E5B26B936B6AECAE0A9A337AEB5B,Chair; Armchair,1905.0,Wood,Eliel Saarinen,27,64766,Finnish,male,1873,1950,,,4
1422,Finna,museovirasto.BA238F0A2C80A81C6B8BF14523ECF2C3,Children's chair; Chair,1905.0,Other,Eliel Saarinen,27,64766,Finnish,male,1873,1950,,,6
1423,Finna,museovirasto.BB04F5756F098750767818DB1993919D,Coal shovel,1905.0,Metal,Eliel Saarinen,27,64766,Finnish,male,1873,1950,,,5
1424,Finna,museovirasto.C57AC73DDC408FA0FE426CAA459827F1,Children's chair; Chair,1905.0,Other,Eliel Saarinen,27,64766,Finnish,male,1873,1950,,,6
1425,Finna,museovirasto.C71E59CE31F5749138B584EBA9FFF3F6,Gaming table,1905.0,Wood,Eliel Saarinen,27,64766,Finnish,male,1873,1950,,,4
1426,Finna,museovirasto.CAF8C6A4D900EFA74D77DA25A41F006C,Chair; Armchair,1905.0,Wood,Eliel Saarinen,27,64766,Finnish,male,1873,1950,,,4
1427,Finna,tmk.160987966987700,Fruit and flower dish; Tableware,1906.0,Metal,Eliel Saarinen,27,64766,Finnish,male,1873,1950,,,5
1428,Finna,museovirasto.243DE7502C8351E00ABBC26E2E45F126,Chair,1907.0,Wood,Eliel Saarinen,27,64766,Finnish,male,1873,1950,,,4
1429,Finna,museovirasto.960AFC09B9ECD000F08F151736AF6913,Writing desk,1907.0,Wood,Eliel Saarinen,27,64766,Finnish,male,1873,1950,,,4
1430,Finna,museovirasto.B53D0B0071A1C0AC9FAE6AAA734A30EB,Board; Interior view; Interior view of hvitträsk,1907.0,Wood,Eliel Saarinen,27,64766,Finnish,male,1873,1950,,,4
1431,Finna,museovirasto.2E03B443387C42723902FDAFDF41E18D,Sofa,1908.0,Ceramics,Eliel Saarinen,27,64766,Finnish,male,1873,1950,,,2
1433,Finna,museovirasto.4007CAC4F34C57A42B61B809322B9B01,Stool (replica); Children's stool,1908.0,Ceramics,Eliel Saarinen,27,64766,Finnish,male,1873,1950,,,2
1434,Finna,museovirasto.532EC5CA599DFE74D8EAB6A06677FDE0,Chair; Armchair,1908.0,Ceramics,Eliel Saarinen,27,64766,Finnish,male,1873,1950,,,2
1435,Finna,museovirasto.56F6A3AEA66228CF64087409E8D1434D,Table; Children's room table,1908.0,Other,Eliel Saarinen,27,64766,Finnish,male,1873,1950,,,6
1436,Finna,museovirasto.5EA54FD4BF682B875F17560791172063,Bedside table,1908.0,Ceramics,Eliel Saarinen,27,64766,Finnish,male,1873,1950,,,2
1437,Finna,museovirasto.6879952E7550C3B74BE8AA9B88FCA872,Stool (replica); Children's stool,1908.0,Ceramics,Eliel Saarinen,27,64766,Finnish,male,1873,1950,,,2
1438,Finna,museovirasto.7352C9DE98E6F29ADA02692DA5B0811E,Armchair; Chair,1908.0,Ceramics,Eliel Saarinen,27,64766,Finnish,male,1873,1950,,,2
1439,Finna,museovirasto.CB0C0CCA155D8EF0E5703AAC97082166,Armchair; Chair,1908.0,Ceramics,Eliel Saarinen,27,64766,Finnish,male,1873,1950,,,2
1440,Finna,museovirasto.D14BFC4A70485757E17980CD4344422A,Hearth; Oven; Tile oven,1908.0,Ceramics,Eliel Saarinen,27,64766,Finnish,male,1873,1950,,,2
1441,Finna,museovirasto.DFD07C8D3522033ABB7D262036EDF7CA,Table; Coffee table,1908.0,Other,Eliel Saarinen,27,64766,Finnish,male,1873,1950,,,6
1442,Finna,museovirasto.FB0F82C9A902D92175053B0B1393B382,Armchair; Chair,1908.0,Ceramics,Eliel Saarinen,27,64766,Finnish,male,1873,1950,,,2
1443,Finna,museovirasto.FF5848D2986CE72260ABA36248820A4F,Table; Bedside table,1908.0,Paper,Eliel Saarinen,27,64766,Finnish,male,1873,1950,,,3
1444,Finna,hkm.1906069E-8FF9-42F4-A853-F70DBB22F27D,Note; Five hundred marks,1909.0,Other,Eliel Saarinen,27,64766,Finnish,male,1873,1950,,,6
1445,Finna,hkm.6A7DFB4B-1714-4FC4-BF78-6AE024E60871,Note; A hundred marks,1909.0,Paper,Eliel Saarinen,27,64766,Finnish,male,1873,1950,,,3
1446,Finna,hkm.80AAC746-4282-4ABE-B762-0C866EA0AF00,Note; Fifty marks,1909.0,Other,Eliel Saarinen,27,64766,Finnish,male,1873,1950,,,6
1448,Finna,museovirasto.0f782198-9bd1-4e5b-8908-8fdefd224d83,500 marks; Monetary; Note,1909.0,Other,Eliel Saarinen,27,64766,Finnish,male,1873,1950,,,6
1449,Finna,museovirasto.1035A90114B037D96B08297DE7CD2FA6,Table; Office desk,1909.0,Wood,Eliel Saarinen,27,64766,Finnish,male,1873,1950,,,4
1450,Finna,museovirasto.11C8C5D53506720EE27B898A5C4D7F42,Station restaurant wooden chair; Chair,1909.0,Wood,Eliel Saarinen,27,64766,Finnish,male,1873,1950,,,4
1451,Finna,museovirasto.17CBC1C1345EAC409D6EC660A9D113C1,Cabinet; Office cabinet,1909.0,Wood,Eliel Saarinen,27,64766,Finnish,male,1873,1950,,,4
1452,Finna,museovirasto.18d61824-8c3c-469c-90ef-58ab1712f99e,5 marks; Monetary; Note,1909.0,Paper,Eliel Saarinen,27,64766,Finnish,male,1873,1950,,,3
1453,Finna,museovirasto.1CA0F542BA9926148173DDA53EDE60DF,Station restaurant wooden chair; Chair,1909.0,Wood,Eliel Saarinen,27,64766,Finnish,male,1873,1950,,,4
1454,Finna,museovirasto.2A495A3C876A1BCB248A487328FD44CA,Office chair; Chair,1909.0,Wood,Eliel Saarinen,27,64766,Finnish,male,1873,1950,,,4
1455,Finna,museovirasto.2E53AA3471D3282D87AC6117690EC553,Chair,1909.0,Wood,Eliel Saarinen,27,64766,Finnish,male,1873,1950,,,4
1456,Finna,museovirasto.313D7556EE4DD6FA3465BD632B0B0F32,Chair,1909.0,Wood,Eliel Saarinen,27,64766,Finnish,male,1873,1950,,,4
1457,Finna,museovirasto.351E10A445396AD2B1F1613888B5941F,Office cabinet; Cabinet,1909.0,Wood,Eliel Saarinen,27,64766,Finnish,male,1873,1950,,,4
1458,Finna,museovirasto.35A0DB9FF8E14DCFC291702E59BE3F1C,Chair,1909.0,Wood,Eliel Saarinen,27,64766,Finnish,male,1873,1950,,,4
1459,Finna,museovirasto.38c04f8f-79be-460b-8dc2-4b3fcf69f0da,500 marks; Monetary; Note,1909.0,Paper,Eliel Saarinen,27,64766,Finnish,male,1873,1950,,,3
1460,Finna,museovirasto.3CF9BD82C8B7036E151BC480D5E5A278,Table; Desk,1909.0,Wood,Eliel Saarinen,27,64766,Finnish,male,1873,1950,,,4
1461,Finna,museovirasto.3a7d97a1-26a0-4bbf-8208-2586f45a7521,100 marks; Monetary; Note,1909.0,Paper,Eliel Saarinen,27,64766,Finnish,male,1873,1950,,,3
1462,Finna,museovirasto.4066EAF7134B585BAC838AF15024A950,Shelves,1909.0,Wood,Eliel Saarinen,27,64766,Finnish,male,1873,1950,,,4
1463,Finna,museovirasto.40CF3EB80B971F7E17EB8CC3BF3D781C,Station restaurant wooden chair; Chair,1909.0,Wood,Eliel Saarinen,27,64766,Finnish,male,1873,1950,,,4
1464,Finna,museovirasto.429767FF3B5CE3A23346D34D74F5D041,Chair,1909.0,Wood,Eliel Saarinen,27,64766,Finnish,male,1873,1950,,,4
1465,Finna,museovirasto.42CB3C2EC720F3DF5746D68F98C83AEF,Office chair; Chair,1909.0,Wood,Eliel Saarinen,27,64766,Finnish,male,1873,1950,,,4
1466,Finna,museovirasto.42E01DC783AF418E7C4DFA9D0D2DCB47,Table; Station restaurant table,1909.0,Wood,Eliel Saarinen,27,64766,Finnish,male,1873,1950,,,4
1467,Finna,museovirasto.4C23B4C8D34EC4320C7221EEF6D8987A,Station restaurant wooden chair; Chair,1909.0,Wood,Eliel Saarinen,27,64766,Finnish,male,1873,1950,,,4
1468,Finna,museovirasto.4CE581A2469F1A15929780D3080D23A6,Chair,1909.0,Wood,Eliel Saarinen,27,64766,Finnish,male,1873,1950,,,4
1469,Finna,museovirasto.4E4A4D0C6AED8F11A020E3EB859E56A9,Chair,1909.0,Wood,Eliel Saarinen,27,64766,Finnish,male,1873,1950,,,4
1470,Finna,museovirasto.516962753AFCD6E56E2B2FD0C728A037,Office chair; Chair,1909.0,Wood,Eliel Saarinen,27,64766,Finnish,male,1873,1950,,,4
1471,Finna,museovirasto.5A05E443BA6726C255A842340B6AA279,Station restaurant wooden chair; Chair,1909.0,Wood,Eliel Saarinen,27,64766,Finnish,male,1873,1950,,,4
1472,Finna,museovirasto.5B6488D428B774B2E65D291F3B5BC7CE,Office chair; Chair,1909.0,Wood,Eliel Saarinen,27,64766,Finnish,male,1873,1950,,,4
1473,Finna,museovirasto.5F2369267CE13C35E832C8CDBE49C865,Sofa; Hallway sofa,1909.0,Wood,Eliel Saarinen,27,64766,Finnish,male,1873,1950,,,4
1474,Finna,museovirasto.6327fee3-5513-423b-bad8-5e01b5a14ffe,5 marks; Monetary; Note,1909.0,Paper,Eliel Saarinen,27,64766,Finnish,male,1873,1950,,,3
1475,Finna,museovirasto.6344D326255A52734242BDF9321EDDED,Station restaurant table; Table,1909.0,Wood,Eliel Saarinen,27,64766,Finnish,male,1873,1950,,,4
1476,Finna,museovirasto.69AE78049091325BD5A004BB39477195,Chair,1909.0,Wood,Eliel Saarinen,27,64766,Finnish,male,1873,1950,,,4
1477,Finna,museovirasto.6EC2520BADC2F07210B6C94E5EC8A8E7,Shelves,1909.0,Wood,Eliel Saarinen,27,64766,Finnish,male,1873,1950,,,4
1478,Finna,museovirasto.704c77fa-d91d-4947-99c3-69c8e50834b5,5 marks; Monetary; Note,1909.0,Paper,Eliel Saarinen,27,64766,Finnish,male,1873,1950,,,3
1479,Finna,museovirasto.743cabd9-5e99-42eb-afcf-e0882e3ee051,20 marks; Monetary; Note,1909.0,Paper,Eliel Saarinen,27,64766,Finnish,male,1873,1950,,,3
1481,Finna,museovirasto.7A50D1706DD86450F80CDCFB3E79EBED,Station restaurant wooden chair; Chair,1909.0,Wood,Eliel Saarinen,27,64766,Finnish,male,1873,1950,,,4
1482,Finna,museovirasto.7AF90669C5B1AFA14D4F715DABD36FC5,Office cabinet; Cabinet,1909.0,Wood,Eliel Saarinen,27,64766,Finnish,male,1873,1950,,,4
1483,Finna,museovirasto.7DFD812A00EEB2227D39197FFD74CBF1,Chair,1909.0,Wood,Eliel Saarinen,27,64766,Finnish,male,1873,1950,,,4
1484,Finna,museovirasto.7FF0A5B4E71D05A34062F2679BD8875C,Chair,1909.0,Wood,Eliel Saarinen,27,64766,Finnish,male,1873,1950,,,4
1485,Finna,museovirasto.83C3258871FB63BC820CBDEDCB66D736,Chair; Station restaurant chair,1909.0,Other,Eliel Saarinen,27,64766,Finnish,male,1873,1950,,,6
1486,Finna,museovirasto.83fb999e-bc4e-4a6c-8cd6-32d9ba154fdc,5 marks; Monetary; Note,1909.0,Paper,Eliel Saarinen,27,64766,Finnish,male,1873,1950,,,3
1487,Finna,museovirasto.87AC2C33A32A2B71D2AC51740A4BA224,Chair,1909.0,Wood,Eliel Saarinen,27,64766,Finnish,male,1873,1950,,,4
1489,Finna,museovirasto.8EC008E1219EF5633A07CAF4B7E3903B,Office chair; Chair,1909.0,Wood,Eliel Saarinen,27,64766,Finnish,male,1873,1950,,,4
1490,Finna,museovirasto.8a8006c0-d6ca-464f-b6b0-cc48013208ee,10 marks; Monetary; Note,1909.0,Other,Eliel Saarinen,27,64766,Finnish,male,1873,1950,,,6
1491,Finna,museovirasto.93BA23FFC69E255CC5B453211330B74F,Office table; Table,1909.0,Wood,Eliel Saarinen,27,64766,Finnish,male,1873,1950,,,4
1492,Finna,museovirasto.944D8AB9D108669BCABCCC0AC53B35CE,Station restaurant wooden chair; Chair,1909.0,Wood,Eliel Saarinen,27,64766,Finnish,male,1873,1950,,,4
1495,Finna,museovirasto.99455853C6D3520290202B5655047B01,Station restaurant table; Table,1909.0,Wood,Eliel Saarinen,27,64766,Finnish,male,1873,1950,,,4
1496,Finna,museovirasto.9BA4F2CC3C8A3AF2F6B036E187294E61,Negotiation table; Table,1909.0,Wood,Eliel Saarinen,27,64766,Finnish,male,1873,1950,,,4
1497,Finna,museovirasto.9E670963ACAEFD76CAE82C5DD4B07804,Station restaurant table; Table,1909.0,Wood,Eliel Saarinen,27,64766,Finnish,male,1873,1950,,,4
1498,Finna,museovirasto.9F53E0B1B0C6778DEF635EE952D76D53,Chair,1909.0,Wood,Eliel Saarinen,27,64766,Finnish,male,1873,1950,,,4
1499,Finna,museovirasto.9f9a83fc-77d4-4ec8-9f30-e3470ce738d4,100 marks; Monetary; Note,1909.0,Paper,Eliel Saarinen,27,64766,Finnish,male,1873,1950,,,3
1500,Finna,museovirasto.A06EB56E173AB4D8A698490570B7CBEA,Chair,1909.0,Wood,Eliel Saarinen,27,64766,Finnish,male,1873,1950,,,4
1501,Finna,museovirasto.A3954161671F05BD93E13C7E26E6A438,Chair,1909.0,Wood,Eliel Saarinen,27,64766,Finnish,male,1873,1950,,,4
1502,Finna,museovirasto.A5DCE85976D812281B648D6E7CF7E3C4,Station restaurant wooden chair; Chair,1909.0,Wood,Eliel Saarinen,27,64766,Finnish,male,1873,1950,,,4
1503,Finna,museovirasto.A5F44B9ACFE998B970FCA835EDF70A0F,Office chair; Chair,1909.0,Wood,Eliel Saarinen,27,64766,Finnish,male,1873,1950,,,4
1504,Finna,museovirasto.ADB3E8BE361794D30589494E4667F7E6,Chair,1909.0,Wood,Eliel Saarinen,27,64766,Finnish,male,1873,1950,,,4
1505,Finna,museovirasto.B2B1957BBF60786C683C10879D793AD6,Chair; Desk chair,1909.0,Wood,Eliel Saarinen,27,64766,Finnish,male,1873,1950,,,4
1506,Finna,museovirasto.B64C289B70D1392500AB98FB7E7ADBF5,Shelves,1909.0,Wood,Eliel Saarinen,27,64766,Finnish,male,1873,1950,,,4
1507,Finna,museovirasto.B6E1A2C0E0AD4800CB4F626857A91877,Chair; The station restaurant's wooden chair,1909.0,Wood,Eliel Saarinen,27,64766,Finnish,male,1873,1950,,,4
1508,Finna,museovirasto.C1439056D90D0824CAB5E7A918E20D3B,Station restaurant chair; Chair,1909.0,Other,Eliel Saarinen,27,64766,Finnish,male,1873,1950,,,6
1509,Finna,museovirasto.C24F045C87A24F7641DA8E2727534BA0,Station restaurant chair; Chair,1909.0,Wood,Eliel Saarinen,27,64766,Finnish,male,1873,1950,,,4
1510,Finna,museovirasto.C4128B2E45BDE0E3E3036BB297BECD76,Table; Conference table,1909.0,Wood,Eliel Saarinen,27,64766,Finnish,male,1873,1950,,,4
1511,Finna,museovirasto.C78936827D270822C76A8FD08612438C,Station restaurant chair; Chair,1909.0,Wood,Eliel Saarinen,27,64766,Finnish,male,1873,1950,,,4
1512,Finna,museovirasto.C7DA7F4DCFF1076D37A561056F756B7A,Office chair; Chair,1909.0,Wood,Eliel Saarinen,27,64766,Finnish,male,1873,1950,,,4
1513,Finna,museovirasto.CCEFC4B9F9EA6FE1A285B1100B3C7CF6,Cabinet; Office cabinet,1909.0,Wood,Eliel Saarinen,27,64766,Finnish,male,1873,1950,,,4
1514,Finna,museovirasto.D4315382AA68382D6F0D8CEA2D62FC69,Station restaurant wooden chair; Chair,1909.0,Wood,Eliel Saarinen,27,64766,Finnish,male,1873,1950,,,4
1515,Finna,museovirasto.DBC804C7F6EE981F992B22700AF71419,Station restaurant wooden chair; Chair,1909.0,Wood,Eliel Saarinen,27,64766,Finnish,male,1873,1950,,,4
1516,Finna,museovirasto.DC29C7FB13B9FD649D7F36D46DEFEEFD,Office chair; Chair,1909.0,Wood,Eliel Saarinen,27,64766,Finnish,male,1873,1950,,,4
1517,Finna,museovirasto.DEE7BA2B5EDC27D80510A362B2A4BA23,Display cabinet,1909.0,Wood,Eliel Saarinen,27,64766,Finnish,male,1873,1950,,,4
1518,Finna,museovirasto.DF13B00592FAD95F788752E792AACA42,Office chair; Chair,1909.0,Wood,Eliel Saarinen,27,64766,Finnish,male,1873,1950,,,4
1519,Finna,museovirasto.DF865760CCF56518EF64AC73C8299996,Office chair; Chair,1909.0,Wood,Eliel Saarinen,27,64766,Finnish,male,1873,1950,,,4
1520,Finna,museovirasto.E9F2E5C963577F81DE7B279688CFAD44,Table; Corner table,1909.0,Wood,Eliel Saarinen,27,64766,Finnish,male,1873,1950,,,4
1521,Finna,museovirasto.EA254ED0E984695E370B277CF32606C6,Chair,1909.0,Wood,Eliel Saarinen,27,64766,Finnish,male,1873,1950,,,4
1522,Finna,museovirasto.EAC1ECBFDE6005F269C6F16A1B5E19BC,Office table; Table; Office desk and upper cabinet,1909.0,Wood,Eliel Saarinen,27,64766,Finnish,male,1873,1950,,,4
1523,Finna,museovirasto.EEE2BF230174B8C586B136625BC31EF9,Chair,1909.0,Wood,Eliel Saarinen,27,64766,Finnish,male,1873,1950,,,4
1524,Finna,museovirasto.EFB691866FBB628C146AD36DBF59C571,Office chair; Chair,1909.0,Wood,Eliel Saarinen,27,64766,Finnish,male,1873,1950,,,4
1525,Finna,museovirasto.F070AE60CFB7D42F9672DF5F6C0EC4CF,Chair,1909.0,Wood,Eliel Saarinen,27,64766,Finnish,male,1873,1950,,,4
1526,Finna,museovirasto.F0CD7048CE56B62C830DA40319186F74,Chair,1909.0,Wood,Eliel Saarinen,27,64766,Finnish,male,1873,1950,,,4
1527,Finna,museovirasto.F6A984F44462545FFEB287D1C20C1B72,Chair; Office chair,1909.0,Wood,Eliel Saarinen,27,64766,Finnish,male,1873,1950,,,4
1528,Finna,museovirasto.F74047976B1A6B0113AE0AE3BD1DC774,Chair,1909.0,Wood,Eliel Saarinen,27,64766,Finnish,male,1873,1950,,,4
1529,Finna,museovirasto.FE03AD7B84A5B2AFE69DCE801C62CA5F,Station restaurant wooden chair; Chair,1909.0,Wood,Eliel Saarinen,27,64766,Finnish,male,1873,1950,,,4
1530,Finna,museovirasto.ad99ea46-cf40-473f-8bfe-8be8735b3c62,5 marks; Monetary; Note,1909.0,Paper,Eliel Saarinen,27,64766,Finnish,male,1873,1950,,,3
1531,Finna,museovirasto.c77299ec-28d7-47af-8135-b28c2d545f09,5 marks; Monetary; Note,1909.0,Paper,Eliel Saarinen,27,64766,Finnish,male,1873,1950,,,3
1532,Finna,museovirasto.c920caba-4e72-4101-93d1-074f807eec7a,5 marks; Monetary; Note,1909.0,Paper,Eliel Saarinen,27,64766,Finnish,male,1873,1950,,,3
1533,Finna,museovirasto.c9f81a9e-3b72-41d4-8166-687166075f94,10 marks; Monetary; Note,1909.0,Paper,Eliel Saarinen,27,64766,Finnish,male,1873,1950,,,3
1534,Finna,museovirasto.fe5ccdb5-e32e-4b97-8ef4-f6071faf8d50,1000 marks; Monetary; Note,1909.0,Paper,Eliel Saarinen,27,64766,Finnish,male,1873,1950,,,3
1535,Finna,tmk.160992591822700,Monetary; A hundred-mark bill; Note,1909.0,Paper,Eliel Saarinen,27,64766,Finnish,male,1873,1950,,,3
1536,Finna,tmk.160992592733600,Monetary; Note; A fifty-mark note,1909.0,Other,Eliel Saarinen,27,64766,Finnish,male,1873,1950,,,6
1539,Finna,museovirasto.08FC3A365F6432ED48B7164367F9542A,Table; Legged table,1910.0,Other,Eliel Saarinen,27,64766,Finnish,male,1873,1950,,,6
1540,Finna,museovirasto.09557B2D663E9E84EB01E7B0A1C3CFE1,Table; Coffee table,1910.0,Ceramics,Eliel Saarinen,27,64766,Finnish,male,1873,1950,,,2
1541,Finna,museovirasto.114748864D408B80F516050565610041,Red wine glass; Glass,1910.0,Glass,Eliel Saarinen,27,64766,Finnish,male,1873,1950,,,1
1542,Finna,museovirasto.1BBF8626EFAD3D038502CF37A4D353C7,Lamp; Hanging lamp,1910.0,Other,Eliel Saarinen,27,64766,Finnish,male,1873,1950,,,6
1543,Finna,museovirasto.1FA4948F8CC5637D2B7C422865426E9A,Glass; Champagne glass,1910.0,Glass,Eliel Saarinen,27,64766,Finnish,male,1873,1950,,,1
1544,Finna,museovirasto.305CFE1F32BF7F0D95A28BAA16E4BBE3,Small chair; Chair,1910.0,Wood,Eliel Saarinen,27,64766,Finnish,male,1873,1950,,,4
1545,Finna,museovirasto.316C02FF04EA88489C9ABAB3D75F0FC4,Glass; Liqueur glass,1910.0,Glass,Eliel Saarinen,27,64766,Finnish,male,1873,1950,,,1
1546,Finna,museovirasto.32CBA759066AC1DFBC0839F958F51797,White wine glass; Glass,1910.0,Glass,Eliel Saarinen,27,64766,Finnish,male,1873,1950,,,1
1547,Finna,museovirasto.4113B25A1893F687D778827BA5783DBA,Armchair,1910.0,Other,Eliel Saarinen,27,64766,Finnish,male,1873,1950,,,6
1548,Finna,museovirasto.41B37365B62A89A3E1FCCFC39B2364D5,Red wine glass; Glass,1910.0,Glass,Eliel Saarinen,27,64766,Finnish,male,1873,1950,,,1
1549,Finna,museovirasto.459148FCBD3724CB6415B0D4B4B499DD,Lamp; Table lamp leg,1910.0,Other,Eliel Saarinen,27,64766,Finnish,male,1873,1950,,,6
1550,Finna,museovirasto.509C54503A7264E7951A5B40C1336DDB,Chair; Little chair,1910.0,Wood,Eliel Saarinen,27,64766,Finnish,male,1873,1950,,,4
1551,Finna,museovirasto.58B03FE3338E54E6B6E9FF4FA6F604A4,Drawing; Musculature exercise; Red chalk drawing,1910.0,Other,Eliel Saarinen,27,64766,Finnish,male,1873,1950,,,6
1552,Finna,museovirasto.6F88ADAECAC30AE13FA7EEEAD15BFCEA,Champagne glass; Glass,1910.0,Glass,Eliel Saarinen,27,64766,Finnish,male,1873,1950,,,1
1553,Finna,museovirasto.713F088F182895DAC5AF5A71C893638C,Glass; Champagne glass,1910.0,Glass,Eliel Saarinen,27,64766,Finnish,male,1873,1950,,,1
1554,Finna,museovirasto.783D450CCE392A74D4AD91D4E44BAFE5,White wine glass; Glass,1910.0,Glass,Eliel Saarinen,27,64766,Finnish,male,1873,1950,,,1
1555,Finna,museovirasto.7E44861307D972CB98EB9A574BE9D38D,White wine glass; Glass,1910.0,Glass,Eliel Saarinen,27,64766,Finnish,male,1873,1950,,,1
1556,Finna,museovirasto.89761D88CC960E72A632431E606C1342,White wine glass; Glass,1910.0,Glass,Eliel Saarinen,27,64766,Finnish,male,1873,1950,,,1
1557,Finna,museovirasto.8F51EA1FEB9AC1A50630BB705B024CCA,Liqueur glass; Glass,1910.0,Glass,Eliel Saarinen,27,64766,Finnish,male,1873,1950,,,1
1558,Finna,museovirasto.9BF9675AACB65A34158920DA919F4FF9,Trash,1910.0,Wood,Eliel Saarinen,27,64766,Finnish,male,1873,1950,,,4
1559,Finna,museovirasto.9DB691032682823912D8ED292B025DCF,Liqueur glass; Glass,1910.0,Glass,Eliel Saarinen,27,64766,Finnish,male,1873,1950,,,1
1560,Finna,museovirasto.9DCE92EDECEA9262BE9BF321A2542B8E,Armchair,1910.0,Other,Eliel Saarinen,27,64766,Finnish,male,1873,1950,,,6
1561,Finna,museovirasto.9E60879E8E03327F4089A5A4543A0160,Red wine glass; Glass,1910.0,Glass,Eliel Saarinen,27,64766,Finnish,male,1873,1950,,,1
1562,Finna,museovirasto.ABD39BBB631A828AB7C6FEBD48B58762,Red chalk drawing; Nude exercise; Drawing,1910.0,Paper,Eliel Saarinen,27,64766,Finnish,male,1873,1950,,,3
1563,Finna,museovirasto.B09206AD819CDA27BE2F5C4B0EC405B1,Red wine glass; Glass,1910.0,Glass,Eliel Saarinen,27,64766,Finnish,male,1873,1950,,,1
1564,Finna,museovirasto.B837CE2086EF3C8C328C5F8BDF938D8D,Red wine glass; Glass,1910.0,Glass,Eliel Saarinen,27,64766,Finnish,male,1873,1950,,,1
1565,Finna,museovirasto.BB0457AD1818E59D4220BB5FBFB86128,Liqueur glass; Glass,1910.0,Glass,Eliel Saarinen,27,64766,Finnish,male,1873,1950,,,1
1566,Finna,museovirasto.BBDB55A1F59386B1D92AFE2503D52542,Sofa,1910.0,Other,Eliel Saarinen,27,64766,Finnish,male,1873,1950,,,6
1567,Finna,museovirasto.BE5B45083AAF3358534ABF66A8723D1A,Pencil drawing; Nude exercise; Drawing,1910.0,Other,Eliel Saarinen,27,64766,Finnish,male,1873,1950,,,6
1568,Finna,museovirasto.C121F93B9527C8B0423DBBFB9AFF92EA,Red wine glass; Glass,1910.0,Glass,Eliel Saarinen,27,64766,Finnish,male,1873,1950,,,1
1569,Finna,museovirasto.C2A14CE133DCEFA029DB0DC067BF2888,Small chair; Chair,1910.0,Wood,Eliel Saarinen,27,64766,Finnish,male,1873,1950,,,4
1570,Finna,museovirasto.C50D4E27F1E2C2F81B19D002D09DBA6C,Liqueur glass; Glass,1910.0,Glass,Eliel Saarinen,27,64766,Finnish,male,1873,1950,,,1
1571,Finna,museovirasto.CA3CC30B593D77B1CE62139B1654D036,Glass; Champagne glass,1910.0,Glass,Eliel Saarinen,27,64766,Finnish,male,1873,1950,,,1
1572,Finna,museovirasto.D40702E0D401711A204A172D2A48F835,Small chair; Chair,1910.0,Wood,Eliel Saarinen,27,64766,Finnish,male,1873,1950,,,4
1573,Finna,museovirasto.DB29056CFC79603ED5F5389453CE6EFE,Liqueur glass; Glass,1910.0,Glass,Eliel Saarinen,27,64766,Finnish,male,1873,1950,,,1
1574,Finna,museovirasto.E02FB9BDD42747B7B4CE9213FA170F90,Small chair; Chair,1910.0,Wood,Eliel Saarinen,27,64766,Finnish,male,1873,1950,,,4
1575,Finna,museovirasto.E3B7D110771C2DB87E34B6533E79706C,Glass; Champagne glass,1910.0,Glass,Eliel Saarinen,27,64766,Finnish,male,1873,1950,,,1
1576,Finna,museovirasto.E5436B170EFF21CEBF61C4903CA66829,White wine glass; Glass,1910.0,Glass,Eliel Saarinen,27,64766,Finnish,male,1873,1950,,,1
1577,Finna,museovirasto.ECA26724D8FA4FC7D3FA1E648D820C00,Glass; Champagne glass,1910.0,Glass,Eliel Saarinen,27,64766,Finnish,male,1873,1950,,,1
1578,Finna,museovirasto.F20A984DAEDC168C37BF3B06D569750F,Armchair,1910.0,Other,Eliel Saarinen,27,64766,Finnish,male,1873,1950,,,6
1579,Finna,museovirasto.F7C431D0FFEE353DB73AC1F2EAE0C350,White wine glass; Glass,1910.0,Glass,Eliel Saarinen,27,64766,Finnish,male,1873,1950,,,1
1580,Finna,pkm.PKMPKE6487:3,Chair,1912.0,Wood,Eliel Saarinen,27,64766,Finnish,male,1873,1950,,,4
1581,Finna,pkm.PKMPKE6487:5,Table,1912.0,Wood,Eliel Saarinen,27,64766,Finnish,male,1873,1950,,,4
1582,Finna,lappeenrannanmuseot.786086B9-33F6-4758-A899-844832347A88,Floor tile from vyborg railway station; Glass brick,1913.0,Glass,Eliel Saarinen,27,64766,Finnish,male,1873,1950,,,1
1583,Finna,museovirasto.A2868999554A9C06ADC36CB9865ADCF0,Lampetti (pair) (copy),1915.0,Other,Eliel Saarinen,27,64766,Finnish,male,1873,1950,,,6
1584,Finna,museovirasto.be12236b-47f1-4ccf-b82b-7f5246924768,Mark; Monetary; Note,1915.0,Other,Eliel Saarinen,27,64766,Finnish,male,1873,1950,,,6
1585,Finna,museovirasto.262249DC4103CFA5352D6992A3293511,Bookcase,1916.0,Other,Eliel Saarinen,27,64766,Finnish,male,1873,1950,,,6
1586,Finna,museovirasto.8FC535D703CEF649C4C826480D885E8E,Oven; Tile oven,1916.0,Other,Eliel Saarinen,27,64766,Finnish,male,1873,1950,,,6
1587,Finna,museovirasto.9CD9709BE6E756A802C9E0DFD5613517,Bookcase,1916.0,Other,Eliel Saarinen,27,64766,Finnish,male,1873,1950,,,6
1588,Finna,museovirasto.CF2DC8B1FCE07BC659D88C1E84C9FAA5,Bookcase,1916.0,Other,Eliel Saarinen,27,64766,Finnish,male,1873,1950,,,6
1591,Finna,hkm.227188B6-174E-4040-B918-E4A545042B7B,Note; A thousand marks,1918.0,Other,Eliel Saarinen,27,64766,Finnish,male,1873,1950,,,6
1593,Finna,hkm.CD7B4F7F-EEA2-474D-A65F-9B7AA02C993B,Note; Ten marks,1918.0,Paper,Eliel Saarinen,27,64766,Finnish,male,1873,1950,,,3
1595,Finna,museovirasto.099699AF0B2EFA3117FC2B74FD23D6E6,Table,1918.0,Wood,Eliel Saarinen,27,64766,Finnish,male,1873,1950,,,4
1596,Finna,museovirasto.0B99F8FEDB2780447D2C0D3058DD0E46,Chair,1918.0,Wood,Eliel Saarinen,27,64766,Finnish,male,1873,1950,,,4
1597,Finna,museovirasto.228CD27749B2F27A6E5BA720F0E9A88B,Chair,1918.0,Wood,Eliel Saarinen,27,64766,Finnish,male,1873,1950,,,4
1598,Finna,museovirasto.4e48822c-b96e-4b0a-baf3-4d8a2b1b51db,100 marks; Monetary; Note,1918.0,Paper,Eliel Saarinen,27,64766,Finnish,male,1873,1950,,,3
1599,Finna,museovirasto.58822A669BDE6E75A6D3AFD15F53B457,Small chair; Chair; Chair prototype,1918.0,Wood,Eliel Saarinen,27,64766,Finnish,male,1873,1950,,,4
1601,Finna,museovirasto.62F297871327057DB8CAFC103AA7F40E,Chair,1918.0,Wood,Eliel Saarinen,27,64766,Finnish,male,1873,1950,,,4
1602,Finna,museovirasto.7221bd03-d13c-4096-9ebd-6708fc196eda,5 marks; Monetary; Note,1918.0,Paper,Eliel Saarinen,27,64766,Finnish,male,1873,1950,,,3
1603,Finna,museovirasto.9A403C1D873434581F38617728F67556,Chair,1918.0,Wood,Eliel Saarinen,27,64766,Finnish,male,1873,1950,,,4
1604,Finna,museovirasto.9D4C5CDDA7BEA24ADF7168CE4FBB797D,Chair,1918.0,Other,Eliel Saarinen,27,64766,Finnish,male,1873,1950,,,6
1605,Finna,museovirasto.9FAFB3A2EA6ED4082B62B7F8341BC5E4,Chair,1918.0,Wood,Eliel Saarinen,27,64766,Finnish,male,1873,1950,,,4
1606,Finna,museovirasto.A147FF37E3AF83932278984A65E10A68,Chair,1918.0,Wood,Eliel Saarinen,27,64766,Finnish,male,1873,1950,,,4
1607,Finna,museovirasto.B08C7D7BBA530ADB90987B990793AEE0,Chair,1918.0,Wood,Eliel Saarinen,27,64766,Finnish,male,1873,1950,,,4
1608,Finna,museovirasto.B3EAC447214714C4009BD65CCF2DFF8C,Chair; Small chair; Chair prototype,1918.0,Wood,Eliel Saarinen,27,64766,Finnish,male,1873,1950,,,4
1609,Finna,museovirasto.BFFC218E0354736BA0E8B024255FAF0D,Chair,1918.0,Wood,Eliel Saarinen,27,64766,Finnish,male,1873,1950,,,4
1610,Finna,museovirasto.C37BC046A30B16DA1052D9E87DE08EF7,Chair; Small chair; Chair prototype,1918.0,Wood,Eliel Saarinen,27,64766,Finnish,male,1873,1950,,,4
1611,Finna,museovirasto.CC74993DE5C8507A9A1D2442FCA56654,Portrait; Loja saarinen,1918.0,Other,Eliel Saarinen,27,64766,Finnish,male,1873,1950,,,6
1612,Finna,museovirasto.F17D2D43CAD42D596EC1FA26B2838562,Chair,1918.0,Other,Eliel Saarinen,27,64766,Finnish,male,1873,1950,,,6
1613,Finna,museovirasto.a203a6a2-6e70-4b6a-9ab1-37443dfb937d,10 marks; Monetary; Note,1918.0,Paper,Eliel Saarinen,27,64766,Finnish,male,1873,1950,,,3
1614,Finna,museovirasto.c5e5210d-9f5a-4e82-8dce-c702d2ce650a,20 marks; Monetary; Note,1918.0,Paper,Eliel Saarinen,27,64766,Finnish,male,1873,1950,,,3
1615,Finna,museovirasto.edeb2631-8c22-43da-a43e-666d0dc7071c,50 marks; Monetary; Note,1918.0,Paper,Eliel Saarinen,27,64766,Finnish,male,1873,1950,,,3
1616,Finna,museovirasto.f548d6b2-0ca3-4d68-9ef1-08ffc01fd41b,20 marks; Monetary; Note,1918.0,Paper,Eliel Saarinen,27,64766,Finnish,male,1873,1950,,,3
1617,Finna,tmk.160992590760000,A ten-mark bill; Monetary; Note,1918.0,Paper,Eliel Saarinen,27,64766,Finnish,male,1873,1950,,,3
1621,Finna,srm.166903300613800,Wall lamp; Lamp,1920.0,Other,Eliel Saarinen,27,64766,Finnish,male,1873,1950,,,6
1622,Finna,hkm.67B26100-02F8-4381-81D5-5AE973C1BA32,Note; A thousand marks,1922.0,Paper,Eliel Saarinen,27,64766,Finnish,male,1873,1950,,,3
1623,Finna,hkm.D74EB44F-8C04-4F04-AB1E-7CC2B0D65EBE,Note; A hundred marks,1922.0,Paper,Eliel Saarinen,27,64766,Finnish,male,1873,1950,,,3
1624,Finna,hkm.DBC668AD-EFEE-449F-98F5-0ADA135F7D80,Note; Five marks,1922.0,Paper,Eliel Saarinen,27,64766,Finnish,male,1873,1950,,,3
1625,Finna,museovirasto.00dc4721-c01d-4f7c-b3ff-c5ed5ca42ea4,20 marks; Monetary; Note,1922.0,Paper,Eliel Saarinen,27,64766,Finnish,male,1873,1950,,,3
1626,Finna,museovirasto.13d48268-f7a3-4ebf-aa56-e2bc9773e3c1,5 marks; Monetary; Note,1922.0,Paper,Eliel Saarinen,27,64766,Finnish,male,1873,1950,,,3
1627,Finna,museovirasto.206d36af-9f81-45e6-b98e-356f6f7bd75a,1000 marks; Monetary; Note,1922.0,Paper,Eliel Saarinen,27,64766,Finnish,male,1873,1950,,,3
1628,Finna,museovirasto.23d710ba-a991-412b-b7a9-c3562f0a69a4,1000 marks; Monetary; Note,1922.0,Paper,Eliel Saarinen,27,64766,Finnish,male,1873,1950,,,3
1629,Finna,museovirasto.404e276e-fc92-4e79-9a36-de9f4ba3016c,10 marks; Monetary; Note,1922.0,Paper,Eliel Saarinen,27,64766,Finnish,male,1873,1950,,,3
1630,Finna,museovirasto.4176621c-a1f0-43d0-b18c-2205b755a767,5 marks; Monetary; Note,1922.0,Paper,Eliel Saarinen,27,64766,Finnish,male,1873,1950,,,3
1631,Finna,museovirasto.4b39b978-5b91-49ef-adb7-33c65c581e61,10 marks; Monetary; Note,1922.0,Other,Eliel Saarinen,27,64766,Finnish,male,1873,1950,,,6
1632,Finna,museovirasto.516643A38A85F91D16C2343D4278F13B,Monetary; Note; 100 marks,1922.0,Paper,Eliel Saarinen,27,64766,Finnish,male,1873,1950,,,3
1633,Finna,museovirasto.5970b9c0-4080-4626-81ca-ceb74f0a31b3,20 marks; Monetary; Note,1922.0,Paper,Eliel Saarinen,27,64766,Finnish,male,1873,1950,,,3
1634,Finna,museovirasto.6449f780-4a32-4c44-ab68-82fb7fe3bad4,20 marks; Monetary; Note,1922.0,Paper,Eliel Saarinen,27,64766,Finnish,male,1873,1950,,,3
1635,Finna,museovirasto.6fb325e6-9829-4a52-b6bc-84a2b4d96188,50 marks; Monetary; Note,1922.0,Other,Eliel Saarinen,27,64766,Finnish,male,1873,1950,,,6
1637,Finna,museovirasto.725fd374-549a-477e-a43e-f0555bf52c0f,500 marks; Monetary; Note,1922.0,Other,Eliel Saarinen,27,64766,Finnish,male,1873,1950,,,6
1639,Finna,museovirasto.8da7df2e-d6f3-4bc7-b862-cd5e5eb70ab2,500 marks; Monetary; Note,1922.0,Other,Eliel Saarinen,27,64766,Finnish,male,1873,1950,,,6
1640,Finna,museovirasto.9b29ff41-1b51-4689-83ea-c8fe03555a78,20 marks; Monetary; Note,1922.0,Paper,Eliel Saarinen,27,64766,Finnish,male,1873,1950,,,3
1641,Finna,museovirasto.9cae62b3-9fd4-48c2-bf44-4e3f5ffe0d45,5 marks; Monetary; Note,1922.0,Paper,Eliel Saarinen,27,64766,Finnish,male,1873,1950,,,3
1642,Finna,museovirasto.9dbde3cf-1dad-40c6-b5be-a52115ec25fe,5 marks; Monetary; Note,1922.0,Other,Eliel Saarinen,27,64766,Finnish,male,1873,1950,,,6
1643,Finna,museovirasto.a1d7029c-de8a-4464-b372-dd2124f097dd,20 marks; Monetary; Note,1922.0,Paper,Eliel Saarinen,27,64766,Finnish,male,1873,1950,,,3
1644,Finna,museovirasto.a6b31396-16d7-49b4-86ab-3dcb4aa0beb2,10 marks; Monetary; Note,1922.0,Paper,Eliel Saarinen,27,64766,Finnish,male,1873,1950,,,3
1645,Finna,museovirasto.ab84e01f-48b6-4e45-8df1-53a1d4778fb2,1000 marks; Monetary; Note,1922.0,Paper,Eliel Saarinen,27,64766,Finnish,male,1873,1950,,,3
1646,Finna,museovirasto.c0d6375e-9b95-444f-8ab9-3c6a13f8ea29,10 marks; Monetary; Note,1922.0,Paper,Eliel Saarinen,27,64766,Finnish,male,1873,1950,,,3
1647,Finna,museovirasto.c0f9f43b-2424-45d0-bb42-5d60b0bf0637,100 marks; Monetary; Note,1922.0,Other,Eliel Saarinen,27,64766,Finnish,male,1873,1950,,,6
1648,Finna,museovirasto.c17d12ba-66b2-480b-9e7d-ed5e73be6a05,1000 marks; Monetary; Note,1922.0,Other,Eliel Saarinen,27,64766,Finnish,male,1873,1950,,,6
1649,Finna,museovirasto.cb0fbaad-ef46-40fc-a384-512cb8f26b9b,1000 marks; Monetary; Note,1922.0,Paper,Eliel Saarinen,27,64766,Finnish,male,1873,1950,,,3
1650,Finna,museovirasto.cb473cde-cfc8-4397-bc38-b3b1c7124b44,5 marks; Monetary; Note,1922.0,Paper,Eliel Saarinen,27,64766,Finnish,male,1873,1950,,,3
1651,Finna,museovirasto.d1c0d184-0675-4469-bc40-6ba87e71fb56,5 marks; Monetary; Note,1922.0,Paper,Eliel Saarinen,27,64766,Finnish,male,1873,1950,,,3
1653,Finna,museovirasto.e3694089-15d9-4cea-a33d-5bdc4806f6a5,50 marks; Monetary; Note,1922.0,Paper,Eliel Saarinen,27,64766,Finnish,male,1873,1950,,,3
1655,Finna,museovirasto.e78b4792-a801-4999-a5ed-aef3b041691c,20 marks; Monetary; Note,1922.0,Paper,Eliel Saarinen,27,64766,Finnish,male,1873,1950,,,3
1656,Finna,museovirasto.e84b1491-e240-49d5-b513-902ae2396e6a,5 marks; Monetary; Note,1922.0,Paper,Eliel Saarinen,27,64766,Finnish,male,1873,1950,,,3
1657,Finna,museovirasto.eaf7ecbd-b1e8-4fbd-97db-4a8f3606da0e,20 marks; Monetary; Note,1922.0,Paper,Eliel Saarinen,27,64766,Finnish,male,1873,1950,,,3
1658,Finna,museovirasto.eba1a2bf-a96d-43aa-998a-6f6a805db002,50 marks; Monetary; Note,1922.0,Paper,Eliel Saarinen,27,64766,Finnish,male,1873,1950,,,3
1659,Finna,museovirasto.ec132e44-05c1-4939-a03a-d2f0aff3fb6f,10 marks; Monetary; Note,1922.0,Paper,Eliel Saarinen,27,64766,Finnish,male,1873,1950,,,3
1660,Finna,tmk.160992590405700,Monetary; Note; A five-mark note,1922.0,Paper,Eliel Saarinen,27,64766,Finnish,male,1873,1950,,,3
1661,Finna,tmk.160992593090100,Monetary; Note; A fifty-mark note,1922.0,Paper,Eliel Saarinen,27,64766,Finnish,male,1873,1950,,,3
1663,Finna,tmk.162969831733100,Ten marks; Monetary; Note,1922.0,Paper,Eliel Saarinen,27,64766,Finnish,male,1873,1950,,,3
1664,Finna,kerava_mui.mui-103442,Chair; The train station restaurant chair,1928.0,Wood,Eliel Saarinen,27,64766,Finnish,male,1873,1950,,,4
1665,Finna,kerava_mui.mui-103443,Chair; The train station restaurant chair,1928.0,Wood,Eliel Saarinen,27,64766,Finnish,male,1873,1950,,,4
1666,Finna,kerava_mui.mui-103444,Chair; A chair in a train station restaurant,1928.0,Wood,Eliel Saarinen,27,64766,Finnish,male,1873,1950,,,4
1667,Finna,kerava_mui.mui-103462,Table; The train station restaurant table,1928.0,Other,Eliel Saarinen,27,64766,Finnish,male,1873,1950,,,6
1668,Finna,hkm.7288940B-729A-4C0B-9FB3-6BE930559C27,Note; Ten marks,1939.0,Paper,Eliel Saarinen,27,64766,Finnish,male,1873,1950,,,3
1669,Finna,museovirasto.243900fa-4612-413b-b0b6-7994c8947f88,20 marks; Monetary; Note,1939.0,Paper,Eliel Saarinen,27,64766,Finnish,male,1873,1950,,,3
1670,Finna,museovirasto.2e093754-810a-4de8-95fd-7872244cea58,5 marks; Monetary; Note,1939.0,Paper,Eliel Saarinen,27,64766,Finnish,male,1873,1950,,,3
1671,Finna,museovirasto.2ee2a42a-1e83-4b4f-a0e4-5c297c87ea49,100 marks; Monetary; Note,1939.0,Paper,Eliel Saarinen,27,64766,Finnish,male,1873,1950,,,3
1672,Finna,museovirasto.57ebdb1a-80a1-4340-90ee-b9c681884ee2,10 marks; Monetary; Note,1939.0,Wood,Eliel Saarinen,27,64766,Finnish,male,1873,1950,,,4
1673,Finna,museovirasto.743dfb28-c2a2-4a3d-a031-aeb28bed704d,10 marks; Monetary; Note,1939.0,Other,Eliel Saarinen,27,64766,Finnish,male,1873,1950,,,6
1674,Finna,museovirasto.9b4a630f-e94d-44d4-a590-a7d7efacc342,20 marks; Monetary; Note,1939.0,Paper,Eliel Saarinen,27,64766,Finnish,male,1873,1950,,,3
1675,Finna,museovirasto.aa9d3b99-9ae2-4170-8858-4b7083486aa5,10 marks; Monetary; Note,1939.0,Paper,Eliel Saarinen,27,64766,Finnish,male,1873,1950,,,3
1676,Finna,museovirasto.f3c6b89e-c4fa-406c-82ab-eb78ffc0313a,"5,000 marks; Monetary; Note",1939.0,Paper,Eliel Saarinen,27,64766,Finnish,male,1873,1950,,,3
1677,Finna,museovirasto.f732763f-1f28-4615-bff0-58d6800fed6e,5 marks; Monetary; Note,1939.0,Paper,Eliel Saarinen,27,64766,Finnish,male,1873,1950,,,3
1678,Finna,museovirasto.fcb68409-3e1d-46d4-8660-1ce329cd2596,5 marks; Monetary; Note,1939.0,Paper,Eliel Saarinen,27,64766,Finnish,male,1873,1950,,,3
1679,Finna,museovirasto.3d7361cd-f704-4d70-bbdb-d164531db45c,1000 marks; Monetary; Note,1941.0,Paper,Eliel Saarinen,27,64766,Finnish,male,1873,1950,,,3
1680,Finna,hkm.8782EAB3-8B80-42A2-8FBF-FC910CF4D437,Note; Five marks,1945.0,Paper,Eliel Saarinen,27,64766,Finnish,male,1873,1950,,,3
1681,Finna,hkm.C7480F7E-5DEF-4150-9CEC-13FD5E3D95BE,Note; Ten marks,1945.0,Paper,Eliel Saarinen,27,64766,Finnish,male,1873,1950,,,3
1682,Finna,museovirasto.0898c293-d46e-45fc-b1ff-d21cf1b34763,10 marks; Monetary; Note,1945.0,Paper,Eliel Saarinen,27,64766,Finnish,male,1873,1950,,,3
1683,Finna,museovirasto.0b57220b-f377-4c1a-895a-c112c35a53be,20 marks; Monetary; Note,1945.0,Paper,Eliel Saarinen,27,64766,Finnish,male,1873,1950,,,3
1684,Finna,museovirasto.1e3666df-cb24-4465-8ed5-cf0e07817017,5 marks; Monetary; Note,1945.0,Paper,Eliel Saarinen,27,64766,Finnish,male,1873,1950,,,3
1685,Finna,museovirasto.3f31ba0f-0c25-43c2-a252-eeb77fd2bbca,1000 marks; Monetary; Note,1945.0,Paper,Eliel Saarinen,27,64766,Finnish,male,1873,1950,,,3
1686,Finna,museovirasto.598fbf8e-4ab0-4b9c-9618-3f2e40a8074d,20 marks; Monetary; Note,1945.0,Wood,Eliel Saarinen,27,64766,Finnish,male,1873,1950,,,4
1687,Finna,museovirasto.7683b84e-a2a7-4a59-9f6c-fb0120823e92,10 marks; Monetary; Note,1945.0,Paper,Eliel Saarinen,27,64766,Finnish,male,1873,1950,,,3
1688,Finna,museovirasto.8e0067dc-5aa0-40b0-b1d0-2bb9ebbfb38c,5 marks; Monetary; Note,1945.0,Paper,Eliel Saarinen,27,64766,Finnish,male,1873,1950,,,3
1689,Finna,museovirasto.8e2283e0-a4ac-49cd-b426-a8aa204917ee,1000 marks; Monetary; Note,1945.0,Paper,Eliel Saarinen,27,64766,Finnish,male,1873,1950,,,3
1690,Finna,museovirasto.906a6904-add4-4a3b-b957-c5334e041e0a,20 marks; Monetary; Note,1945.0,Wood,Eliel Saarinen,27,64766,Finnish,male,1873,1950,,,4
1691,Finna,museovirasto.97556078-4ab5-4859-a8b6-1b08aa67e70d,10 marks; Monetary; Note,1945.0,Other,Eliel Saarinen,27,64766,Finnish,male,1873,1950,,,6
1692,Finna,museovirasto.a14843ae-76fe-43eb-b670-73651824dcfc,1000 marks; Monetary; Note,1945.0,Paper,Eliel Saarinen,27,64766,Finnish,male,1873,1950,,,3
1693,Finna,museovirasto.a1e2eb97-9073-486d-9b4c-fcf2599827a6,5 marks; Monetary; Note,1945.0,Other,Eliel Saarinen,27,64766,Finnish,male,1873,1950,,,6
1694,Finna,museovirasto.ef78f4c6-1de0-4256-a7d0-19ae5942328f,20 marks; Monetary; Note,1945.0,Paper,Eliel Saarinen,27,64766,Finnish,male,1873,1950,,,3
1695,Finna,museovirasto.f6c8c0f0-dd20-419b-80dc-9b6edbff773b,500 marks; Monetary; Note,1945.0,Paper,Eliel Saarinen,27,64766,Finnish,male,1873,1950,,,3
1697,Finna,pkm.PKMPKE6487:4,Chair,1967.0,Other,Eliel Saarinen,27,64766,Finnish,male,1873,1950,,,6
1698,Finna,museovirasto.48F54DB7D7B236ECFAEB807481B26B58,Table (copy); Children's table,1970.0,Other,Eliel Saarinen,27,64766,Finnish,male,1873,1950,,,6
1699,Finna,museovirasto.59B34A0FD8D5CC408B0896B6F635E17B,Corner sofa,1970.0,Wood,Eliel Saarinen,27,64766,Finnish,male,1873,1950,,,4
1700,Finna,museovirasto.814157AC2E96BC87BEAE334A8D7A0802,Lampetti (pair) (copy),1986.0,Glass,Eliel Saarinen,27,64766,Finnish,male,1873,1950,,,1
1702,Finna,museovirasto.019F7FEFAA6173179B31D178DDF61267,First day cover; Envelope; Stamp,2017.0,Paper,Eliel Saarinen,27,64766,Finnish,male,1873,1950,,,3
1703,Finna,museovirasto.0419636182FDC313F5B521767E738708,Stamp; Forever mark,2017.0,Paper,Eliel Saarinen,27,64766,Finnish,male,1873,1950,,,3
1704,Finna,postimuseo.04E2351F-F4A8-46DE-90FD-8D720072DF98,Stamp; Stamp sheet; Model 1917 saarinen,1909.0,Paper,Eliel Saarinen,27,64766,Finnish,male,1873,1950,,,3
1705,Finna,postimuseo.055A91D9-DED1-4108-A5BD-1EF2775FCC64,Stamp; Stamp sheet; Model 1917 saarinen,1909.0,Paper,Eliel Saarinen,27,64766,Finnish,male,1873,1950,,,3
1706,Finna,postimuseo.084B03ED-29F1-48DF-9AF5-CE745ECA5011,"Draft; Stamp alternative design, competition entry; Model 1917 saarinen",1909.0,Other,Eliel Saarinen,27,64766,Finnish,male,1873,1950,,,6
1707,Finna,postimuseo.092FCDBD-51E2-43EC-BDB9-F35AA7D1597D,Stamp; Stamp sheet; Model 1917 saarinen,1909.0,Paper,Eliel Saarinen,27,64766,Finnish,male,1873,1950,,,3
1708,Finna,postimuseo.0CF0F0FF-9407-4A31-A0C3-26AF93F875CB,Stamp; Stamp sheet; Model 1917 saarinen,1909.0,Paper,Eliel Saarinen,27,64766,Finnish,male,1873,1950,,,3
1709,Finna,postimuseo.0D6F10F6-A538-4127-900E-7E388535D59C,Stamp; Stamp sheet; Model 1917 saarinen,1909.0,Paper,Eliel Saarinen,27,64766,Finnish,male,1873,1950,,,3
1710,Finna,postimuseo.0DD870CE-07E0-40D0-A728-5B7AAD3E88E4,Stamp; Stamp sheet; Model 1917 saarinen,1909.0,Paper,Eliel Saarinen,27,64766,Finnish,male,1873,1950,,,3
1711,Finna,postimuseo.149C92E6-DE16-4879-8BB0-F18234190B61,Stamp; Stamp sheet; Model 1917 saarinen,1909.0,Paper,Eliel Saarinen,27,64766,Finnish,male,1873,1950,,,3
1712,Finna,postimuseo.161B5EDE-D6D4-4F4A-A6A9-22E73E562FA0,Stamp; Stamp sheet; Model 1917 saarinen,1909.0,Paper,Eliel Saarinen,27,64766,Finnish,male,1873,1950,,,3
1713,Finna,postimuseo.18E692CE-16B5-4192-BB5D-49443986523F,"Print; Model print of a postage stamp, so-called bern's ark; Model 1917 saarinen",1909.0,Paper,Eliel Saarinen,27,64766,Finnish,male,1873,1950,,,3
1714,Finna,postimuseo.19EAA877-A5AB-4023-AAF5-8748AC39CDB6,Stamp; Stamp sheet; Model 1917 saarinen,1909.0,Paper,Eliel Saarinen,27,64766,Finnish,male,1873,1950,,,3
1715,Finna,postimuseo.1DB0AC73-02AA-4B94-896A-DE373765B404,Stamp; Stamp sheet; Model 1917 saarinen,1909.0,Paper,Eliel Saarinen,27,64766,Finnish,male,1873,1950,,,3
1716,Finna,postimuseo.2FEFBC88-D0DC-47FD-B64A-904E37F0753B,Stamp; Stamp sheet; Model 1917 saarinen,1909.0,Other,Eliel Saarinen,27,64766,Finnish,male,1873,1950,,,6
1717,Finna,postimuseo.35781E79-5502-4146-A42B-2C892D665B20,Stamp; Stamp sheet; Model 1917 saarinen,1909.0,Paper,Eliel Saarinen,27,64766,Finnish,male,1873,1950,,,3
1718,Finna,postimuseo.367DFB97-7E70-43E3-B0D7-28FF6BE10245,Stamp; Stamp sheet; Model 1917 saarinen,1909.0,Paper,Eliel Saarinen,27,64766,Finnish,male,1873,1950,,,3
1719,Finna,postimuseo.36AC6260-2BD9-4A0F-9C89-18EFD6DE3DD8,Stamp; Stamp sheet; Model 1917 saarinen,1909.0,Paper,Eliel Saarinen,27,64766,Finnish,male,1873,1950,,,3
1722,Finna,postimuseo.410A2B40-6E5C-450E-A152-769D0FDCDA5D,Stamp; Stamp sheet; Model 1917 saarinen,1909.0,Paper,Eliel Saarinen,27,64766,Finnish,male,1873,1950,,,3
1723,Finna,postimuseo.43AD85E2-B112-4AAE-B9D6-5C6C5FCF5333,Stamp; Stamp sheet; Model 1917 saarinen,1909.0,Paper,Eliel Saarinen,27,64766,Finnish,male,1873,1950,,,3
1724,Finna,postimuseo.4508318F-668E-4161-B25B-D30B73F2E120,Print; Stamp proof; Model 1917 saarinen,1909.0,Paper,Eliel Saarinen,27,64766,Finnish,male,1873,1950,,,3
1725,Finna,postimuseo.474CB5B8-A7A1-432E-85C8-D6D60B2CECA7,Stamp; Stamp sheet; Model 1917 saarinen,1909.0,Paper,Eliel Saarinen,27,64766,Finnish,male,1873,1950,,,3
1726,Finna,postimuseo.484130A5-0FFF-4381-8CCC-3FA99A9FC23F,Stamp; Stamp sheet; Model 1917 saarinen,1909.0,Paper,Eliel Saarinen,27,64766,Finnish,male,1873,1950,,,3
1727,Finna,postimuseo.488E5B8F-65B2-4EC6-9C5C-EB4D68CB5F1D,Stamp; Stamp sheet; Model 1917 saarinen,1909.0,Paper,Eliel Saarinen,27,64766,Finnish,male,1873,1950,,,3
1728,Finna,postimuseo.496AAFA0-CF7E-45C8-AF9C-3291ED83C679,Stamp; Stamp sheet; Model 1917 saarinen,1909.0,Paper,Eliel Saarinen,27,64766,Finnish,male,1873,1950,,,3
1729,Finna,postimuseo.49AE4BD1-F4FF-46EC-9CBE-8898D9AFD864,Stamp; Stamp sheet; Model 1917 saarinen,1909.0,Paper,Eliel Saarinen,27,64766,Finnish,male,1873,1950,,,3
1730,Finna,postimuseo.4A7798FE-4D69-4EBA-9B41-EB5857A02945,Stamp; Stamp sheet; 100 years of finnish banknote printing,1909.0,Paper,Eliel Saarinen,27,64766,Finnish,male,1873,1950,,,3
1731,Finna,postimuseo.4BCEB548-C9E5-47EE-B73E-DF150FD1CA4D,Stamp; Stamp sheet; Model 1917 saarinen,1909.0,Paper,Eliel Saarinen,27,64766,Finnish,male,1873,1950,,,3
1733,Finna,postimuseo.51AA9BEE-1978-41E2-A79A-B6E64AB224B2,Stamp; Stamp sheet; Model 1917 saarinen,1909.0,Paper,Eliel Saarinen,27,64766,Finnish,male,1873,1950,,,3
1734,Finna,postimuseo.521C08D2-0F4A-4A1F-9270-48D45D42EC12,Stamp; Stamp sheet; Model 1917 saarinen,1909.0,Paper,Eliel Saarinen,27,64766,Finnish,male,1873,1950,,,3
1735,Finna,postimuseo.5C9588B3-C7B6-44E5-B5F9-C2FFEE21C88F,Stamp; Stamp sheet; Model 1917 saarinen,1909.0,Paper,Eliel Saarinen,27,64766,Finnish,male,1873,1950,,,3
1736,Finna,postimuseo.5DC8597E-0739-414D-97B5-E5D6330B7AFD,Stamp; Stamp sheet; Model 1917 saarinen,1909.0,Paper,Eliel Saarinen,27,64766,Finnish,male,1873,1950,,,3
1737,Finna,postimuseo.604933A2-E35F-4F02-989C-9168BAB227C4,Stamp; Stamp sheet; Model 1917 saarinen,1909.0,Paper,Eliel Saarinen,27,64766,Finnish,male,1873,1950,,,3
1738,Finna,postimuseo.60DA5359-CCC1-4279-9CDC-D075B147718E,Stamp; Stamp sheet; Model 1917 saarinen,1909.0,Paper,Eliel Saarinen,27,64766,Finnish,male,1873,1950,,,3
1739,Finna,postimuseo.61F03F2D-2832-490A-9B35-82C0C1B38063,Stamp; Stamp sheet; Model 1917 saarinen,1909.0,Paper,Eliel Saarinen,27,64766,Finnish,male,1873,1950,,,3
1740,Finna,postimuseo.646710B0-6E37-492F-BE96-FC8E4A3CC09E,Stamp; Stamp sheet; Model 1917 saarinen,1909.0,Paper,Eliel Saarinen,27,64766,Finnish,male,1873,1950,,,3
1741,Finna,postimuseo.663B31A4-9471-4139-A302-B2D900011681,Stamp; Stamp sheet; Model 1917 saarinen,1909.0,Paper,Eliel Saarinen,27,64766,Finnish,male,1873,1950,,,3
1742,Finna,postimuseo.6657474A-4DC4-42E9-8C9B-EA2CEE257B40,Stamp; Stamp sheet; Model 1917 saarinen,1909.0,Paper,Eliel Saarinen,27,64766,Finnish,male,1873,1950,,,3
1743,Finna,postimuseo.6678BE41-BD52-4637-BFA5-2399620E7277,Print; Stamp proof; Model 1917 saarinen,1909.0,Paper,Eliel Saarinen,27,64766,Finnish,male,1873,1950,,,3
1744,Finna,postimuseo.66D11602-EC53-4885-8844-D466382571E7,Stamp; Stamp sheet; Model 1917 saarinen,1909.0,Paper,Eliel Saarinen,27,64766,Finnish,male,1873,1950,,,3
1745,Finna,postimuseo.6B34B118-0AED-48D4-916D-2466BF06AF32,Stamp; Stamp sheet; Model 1917 saarinen,1909.0,Paper,Eliel Saarinen,27,64766,Finnish,male,1873,1950,,,3
1746,Finna,postimuseo.6B696144-3B37-49BC-B9C1-D4BAF6F7F0A5,Stamp; Stamp sheet; Model 1917 saarinen,1909.0,Paper,Eliel Saarinen,27,64766,Finnish,male,1873,1950,,,3
1747,Finna,postimuseo.6ECF7C71-5766-42ED-80E0-EF816BCADCBB,Stamp; Stamp sheet; Model 1917 saarinen,1909.0,Paper,Eliel Saarinen,27,64766,Finnish,male,1873,1950,,,3
1748,Finna,postimuseo.7191FF62-A873-432D-8B58-72836BF9A2D3,Stamp; Stamp sheet; Model 1917 saarinen,1909.0,Paper,Eliel Saarinen,27,64766,Finnish,male,1873,1950,,,3
1749,Finna,postimuseo.744C3B0A-6DCE-40E4-B373-B99576DAAF35,Stamp; Stamp sheet; Model 1917 saarinen,1909.0,Paper,Eliel Saarinen,27,64766,Finnish,male,1873,1950,,,3
1751,Finna,postimuseo.7C93291F-4B07-4AC9-9556-145C9DD14297,Stamp; Stamp sheet; Model 1917 saarinen,1909.0,Paper,Eliel Saarinen,27,64766,Finnish,male,1873,1950,,,3
1752,Finna,postimuseo.7DA54708-0084-4701-88CA-1775956F5B60,Stamp; Stamp sheet; Model 1917 saarinen,1909.0,Paper,Eliel Saarinen,27,64766,Finnish,male,1873,1950,,,3
1753,Finna,postimuseo.836FD749-03B9-4994-B075-2DFD0FF220A1,Stamp; Stamp sheet; Model 1917 saarinen,1909.0,Other,Eliel Saarinen,27,64766,Finnish,male,1873,1950,,,6
1754,Finna,postimuseo.8F2B3971-9DD7-4A89-931A-B491977D9647,Stamp; Stamp sheet; Model 1917 saarinen,1909.0,Paper,Eliel Saarinen,27,64766,Finnish,male,1873,1950,,,3
1755,Finna,postimuseo.933566A5-E791-4684-A2D6-BEE21AF7CA83,Stamp; Stamp sheet; Model 1917 saarinen,1909.0,Paper,Eliel Saarinen,27,64766,Finnish,male,1873,1950,,,3
1756,Finna,postimuseo.95CBC3EF-B55D-4DE6-88C8-B9D0D4B3DE9C,Stamp; Stamp sheet; Stamp exhibition 1928,1909.0,Other,Eliel Saarinen,27,64766,Finnish,male,1873,1950,,,6
1757,Finna,postimuseo.966B518B-06AF-4427-898F-CF88DE416343,Stamp; Stamp sheet; Model 1917 saarinen,1909.0,Paper,Eliel Saarinen,27,64766,Finnish,male,1873,1950,,,3
1758,Finna,postimuseo.9770520A-103C-401D-A75B-048391EB7D2D,Stamp; Stamp sheet; Model 1917 saarinen,1909.0,Paper,Eliel Saarinen,27,64766,Finnish,male,1873,1950,,,3
1759,Finna,postimuseo.9D1F31E4-D6C2-4CD4-B8E7-6B4232F44964,Stamp; Stamp sheet; Model 1917 saarinen,1909.0,Paper,Eliel Saarinen,27,64766,Finnish,male,1873,1950,,,3
1760,Finna,postimuseo.9DD9C022-49E4-4C23-AD23-74CFCFB9E92B,Stamp; Stamp sheet; Model 1917 saarinen,1909.0,Paper,Eliel Saarinen,27,64766,Finnish,male,1873,1950,,,3
1761,Finna,postimuseo.9F24A7E8-A900-4EA3-A640-83677920D8E6,Print; Stamp proof; Model 1917 saarinen,1909.0,Paper,Eliel Saarinen,27,64766,Finnish,male,1873,1950,,,3
1762,Finna,postimuseo.A337A53C-7F86-447A-968B-5E1769D00FB2,"Draft; Stamp alternative design, competition entry; Model 1917 saarinen",1909.0,Paper,Eliel Saarinen,27,64766,Finnish,male,1873,1950,,,3
1763,Finna,postimuseo.A90B9F32-80B3-485A-9BB3-4C28383BE10E,Stamp; Stamp sheet; Model 1917 saarinen,1909.0,Paper,Eliel Saarinen,27,64766,Finnish,male,1873,1950,,,3
1764,Finna,postimuseo.AB01E0A3-6500-4F7C-823E-B54C2AC7661D,Stamp; Stamp sheet; Model 1917 saarinen,1909.0,Paper,Eliel Saarinen,27,64766,Finnish,male,1873,1950,,,3
1765,Finna,postimuseo.AF1939AF-4513-48A5-B8CD-3D4B0A7344B4,"Draft; Stamp draft, accepted; Model 1917 saarinen",1909.0,Paper,Eliel Saarinen,27,64766,Finnish,male,1873,1950,,,3
1766,Finna,postimuseo.B1403E05-D6E8-4E50-8EFC-6E09EBD3F6FB,Stamp; Stamp sheet; Model 1917 saarinen,1909.0,Paper,Eliel Saarinen,27,64766,Finnish,male,1873,1950,,,3
1767,Finna,postimuseo.B378244A-A140-44F5-BF06-B75D9DF7C0F9,Stamp; Stamp sheet; Model 1917 saarinen,1909.0,Paper,Eliel Saarinen,27,64766,Finnish,male,1873,1950,,,3
1768,Finna,postimuseo.B5328E03-91A1-4E8F-B04B-4A452A244726,Stamp; Stamp sheet; Model 1917 saarinen,1909.0,Paper,Eliel Saarinen,27,64766,Finnish,male,1873,1950,,,3
1769,Finna,postimuseo.B99F2587-0CDA-4F92-8B8E-A5310346DF3B,Stamp; Stamp sheet; Model 1917 saarinen,1909.0,Paper,Eliel Saarinen,27,64766,Finnish,male,1873,1950,,,3
1772,Finna,postimuseo.C4521229-B958-41D8-A758-E2C0A0E92314,Stamp; Stamp sheet; Model 1917 saarinen,1909.0,Paper,Eliel Saarinen,27,64766,Finnish,male,1873,1950,,,3
1773,Finna,postimuseo.CE1A11C2-3560-440B-ACAE-9D75BBC45E0F,Stamp; Stamp sheet; Model 1917 saarinen,1909.0,Paper,Eliel Saarinen,27,64766,Finnish,male,1873,1950,,,3
1774,Finna,postimuseo.D10DD2A1-1CCF-46D4-82DB-9CA8A1B0E3EE,Stamp; Stamp sheet; Helsinki railway station 100 years,1909.0,Paper,Eliel Saarinen,27,64766,Finnish,male,1873,1950,,,3
1775,Finna,postimuseo.D7E28667-6016-4A29-81E1-85A55A078639,Stamp; Stamp sheet; Model 1917 saarinen,1909.0,Paper,Eliel Saarinen,27,64766,Finnish,male,1873,1950,,,3
1776,Finna,postimuseo.D8195730-71FD-40CC-8581-E0F07C4996E9,Stamp; Stamp sheet; Model 1917 saarinen,1909.0,Paper,Eliel Saarinen,27,64766,Finnish,male,1873,1950,,,3
1778,Finna,postimuseo.DA8F80CF-EA9C-4BD4-9383-513246654124,Stamp; Stamp sheet; Model 1917 saarinen,1909.0,Paper,Eliel Saarinen,27,64766,Finnish,male,1873,1950,,,3
1779,Finna,postimuseo.DE03FCE0-3DAC-4BEF-8E96-55571A062E41,Stamp; Stamp sheet; Model 1917 saarinen,1909.0,Other,Eliel Saarinen,27,64766,Finnish,male,1873,1950,,,6
1780,Finna,postimuseo.E0FDB3C3-64F2-437E-89CA-FB2073B6F3AD,Stamp; Stamp sheet; Model 1917 saarinen,1909.0,Paper,Eliel Saarinen,27,64766,Finnish,male,1873,1950,,,3
1781,Finna,postimuseo.E3732251-D651-4E44-BC8C-83101EC2250E,Stamp; Stamp sheet; Model 1917 saarinen,1909.0,Paper,Eliel Saarinen,27,64766,Finnish,male,1873,1950,,,3
1782,Finna,postimuseo.E9F3551A-7C11-4969-9DF8-D71506B56666,Stamp; Stamp sheet; Model 1917 saarinen,1909.0,Paper,Eliel Saarinen,27,64766,Finnish,male,1873,1950,,,3
1783,Finna,postimuseo.F18A72B8-4011-4CEB-8297-FEEDF3642977,Stamp; Stamp sheet; Model 1917 saarinen,1909.0,Paper,Eliel Saarinen,27,64766,Finnish,male,1873,1950,,,3
1784,Finna,postimuseo.F27712DA-EA22-4E32-BB9D-51C2DDF2EE97,Stamp; Stamp sheet; Model 1917 saarinen,1909.0,Paper,Eliel Saarinen,27,64766,Finnish,male,1873,1950,,,3
1785,Finna,postimuseo.F3192E54-F537-450D-8197-06E2124D70AF,Print; Stamp proof; Model 1917 saarinen,1909.0,Paper,Eliel Saarinen,27,64766,Finnish,male,1873,1950,,,3
1786,Finna,postimuseo.F5F02D77-7CBF-4AE2-8EC5-544733DB1AA3,Stamp; Stamp sheet; Model 1917 saarinen,1909.0,Paper,Eliel Saarinen,27,64766,Finnish,male,1873,1950,,,3
1787,Finna,postimuseo.F86F748D-983E-4F47-8908-A90D00B8DA2A,Stamp; Stamp sheet; Model 1917 saarinen,1909.0,Paper,Eliel Saarinen,27,64766,Finnish,male,1873,1950,,,3
1788,Finna,postimuseo.FE49BC51-EB37-4BC7-B019-820136B04F71,"Print; Model print of a postage stamp, so-called bern's ark; Model 1917 saarinen",1909.0,Paper,Eliel Saarinen,27,64766,Finnish,male,1873,1950,,,3
1789,Finna,srm.166901944222200,Seat; Chair,1909.0,Wood,Eliel Saarinen,27,64766,Finnish,male,1873,1950,,,4
1790,Finna,srm.166903323327000,Seat; Chair,1909.0,Wood,Eliel Saarinen,27,64766,Finnish,male,1873,1950,,,4
1791,Finna,srm.166903329663700,Station restaurant chair; Seat; Chair,1909.0,Wood,Eliel Saarinen,27,64766,Finnish,male,1873,1950,,,4
1792,Finna,srm.166903331144400,Seat; Chair,1909.0,Wood,Eliel Saarinen,27,64766,Finnish,male,1873,1950,,,4
