,id,images,nonPresenterAuthors,subjects,title,year,IndividualAuthor,ArtistOrder
0,lappeenrannanmuseot.0188C337-B8BA-4027-B85E-AE78D062092A,"['/Cover/Show?source=Solr&id=lappeenrannanmuseot.0188C337-B8BA-4027-B85E-AE78D062092A&index=0&size=large', '/Cover/Show?source=Solr&id=lappeenrannanmuseot.0188C337-B8BA-4027-B85E-AE78D062092A&index=1&size=large']","[{'name': 'Aalto, Alvar', 'role': 'suunnittelija'}, {'name': 'Artek', 'role': 'valmistaja'}]","[['huonekalut'], ['naulakot'], ['seinähyllyt'], ['Luukkaan lastenkoti']]",naulakko; seinänaulakko,1930.0,Alvar Aalto,2
1,lappeenrannanmuseot.3db2044e-1b19-4514-903d-5d834aad43c4,"['/Cover/Show?source=Solr&id=lappeenrannanmuseot.3db2044e-1b19-4514-903d-5d834aad43c4&index=0&size=large', '/Cover/Show?source=Solr&id=lappeenrannanmuseot.3db2044e-1b19-4514-903d-5d834aad43c4&index=1&size=large', '/Cover/Show?source=Solr&id=lappeenrannanmuseot.3db2044e-1b19-4514-903d-5d834aad43c4&index=2&size=large']","[{'name': 'Aalto, Alvar', 'role': 'suunnittelija'}]","[['tuolit'], ['sairaalat'], ['tuberkuloosiparantolat']]",tuoli,1930.0,Alvar Aalto,2
2,lappeenrannanmuseot.48FD4DBA-A6F7-4184-AB74-77C387824866,"['/Cover/Show?source=Solr&id=lappeenrannanmuseot.48FD4DBA-A6F7-4184-AB74-77C387824866&index=0&size=large', '/Cover/Show?source=Solr&id=lappeenrannanmuseot.48FD4DBA-A6F7-4184-AB74-77C387824866&index=1&size=large', '/Cover/Show?source=Solr&id=lappeenrannanmuseot.48FD4DBA-A6F7-4184-AB74-77C387824866&index=2&size=large', '/Cover/Show?source=Solr&id=lappeenrannanmuseot.48FD4DBA-A6F7-4184-AB74-77C387824866&index=3&size=large']","[{'name': 'Aalto, Alvar', 'role': 'suunnittelija, varma'}, {'name': 'Artek', 'role': 'valmistaja, varma'}]","[['muotoilu'], ['huonekalut'], ['päiväkodit'], ['lastenkodit'], ['kalusteet'], ['DESIGN'], ['tuolit'], ['LASTENKODIT'], ['1950-LUKU'], ['DESIGN-TUOLIT'], ['huonekalut'], ['päiväkodit'], ['DESIGNETUOTE']]",selkänojallinen pikkutuoli,1930.0,Alvar Aalto,2
3,lappeenrannanmuseot.6219dd3c-87f5-470e-bd59-046e0cb60579,"['/Cover/Show?source=Solr&id=lappeenrannanmuseot.6219dd3c-87f5-470e-bd59-046e0cb60579&index=0&size=large', '/Cover/Show?source=Solr&id=lappeenrannanmuseot.6219dd3c-87f5-470e-bd59-046e0cb60579&index=1&size=large', '/Cover/Show?source=Solr&id=lappeenrannanmuseot.6219dd3c-87f5-470e-bd59-046e0cb60579&index=2&size=large']","[{'name': 'Aalto, Alvar', 'role': 'suunnittelija'}]","[['tuolit'], ['sairaalat'], ['tuberkuloosiparantolat']]",tuoli,1930.0,Alvar Aalto,2
4,lappeenrannanmuseot.67B47DF2-AA24-4415-A480-309EC184921F,"['/Cover/Show?source=Solr&id=lappeenrannanmuseot.67B47DF2-AA24-4415-A480-309EC184921F&index=0&size=large', '/Cover/Show?source=Solr&id=lappeenrannanmuseot.67B47DF2-AA24-4415-A480-309EC184921F&index=1&size=large', '/Cover/Show?source=Solr&id=lappeenrannanmuseot.67B47DF2-AA24-4415-A480-309EC184921F&index=2&size=large']","[{'name': 'Aalto, Alvar', 'role': 'suunnittelija'}, {'name': 'Artek', 'role': 'valmistaja'}]","[['naulakot'], ['huonekalut'], ['seinähyllyt']]",naulakko; seinänaulakko,1930.0,Alvar Aalto,2
5,museovirasto.63E82A0C5A7B76B7E947FC2FDD158257,['/Cover/Show?source=Solr&id=museovirasto.63E82A0C5A7B76B7E947FC2FDD158257&index=0&size=large'],"[{'name': 'Aalto, Alvar', 'role': 'suunnittelija varma', 'id': 'http://urn.fi/URN:NBN:fi:au:finaf:000068760'}]",[['nojatuolit']],nojatuoli,1930.0,Alvar Aalto,2
6,museovirasto.DF5293E56DBC4B60C6F947A3D2CB9CEA,['/Cover/Show?source=Solr&id=museovirasto.DF5293E56DBC4B60C6F947A3D2CB9CEA&index=0&size=large'],"[{'name': 'Aalto, Alvar', 'role': 'suunnittelija varma', 'id': 'http://urn.fi/URN:NBN:fi:au:finaf:000068760'}]",[['nojatuolit']],nojatuoli,1930.0,Alvar Aalto,2
7,husmuseo.hus-4142,['/Cover/Show?source=Solr&id=husmuseo.hus-4142&index=0&size=large'],"[{'name': 'Alvar Aalto', 'role': 'Suunnittelija'}, {'name': 'Alvar Aalto', 'role': 'Suunnittelija'}]","[['synnytyssairaalat'], ['huonekalut'], ['kalusteet'], ['odotustilat'], ['sairaalat'], ['tuolit'], ['1935-2010']]",Tuoli; Artek 69,1935.0,Alvar Aalto,2
8,kymenlaaksonmuseot.KarhE926:1,"['/Cover/Show?source=Solr&id=kymenlaaksonmuseot.KarhE926%3A1&index=0&size=large', '/Cover/Show?source=Solr&id=kymenlaaksonmuseot.KarhE926%3A1&index=1&size=large']","[{'name': 'Alvar Aalto', 'role': 'suunnittelija'}, {'name': 'Karhulan lasitehdas', 'role': 'valmistaja'}, {'name': 'Hugo Rask', 'role': 'puhaltaja'}]","[['maljat'], ['353 rakennusten varustus'], ['hoito ja palveluskunta sisustaminen ja sisustustekstilit'], ['531 taiteet taidekäsityö ja muotoilu'], ['323 perusraaka-aineiden jalostus keramiikka- ja lasiteollisuus'], ['1936 - 1936']]",malja; 9745,1935.0,Alvar Aalto,2
9,kymenlaaksonmuseot.KarhE928:3,"['/Cover/Show?source=Solr&id=kymenlaaksonmuseot.KarhE928%3A3&index=0&size=large', '/Cover/Show?source=Solr&id=kymenlaaksonmuseot.KarhE928%3A3&index=1&size=large', '/Cover/Show?source=Solr&id=kymenlaaksonmuseot.KarhE928%3A3&index=2&size=large']","[{'name': 'Alvar Aalto', 'role': 'suunnittelija'}, {'name': 'Karhulan lasitehdas', 'role': 'valmistaja'}, {'name': 'Hugo Rask', 'role': 'puhaltaja'}]","[['maljakot'], ['531 taiteet taidekäsityö ja muotoilu'], ['323 perusraaka-aineiden jalostus keramiikka- ja lasiteollisuus'], ['353 rakennusten varustus'], ['hoito ja palveluskunta sisustaminen ja sisustustekstilit'], ['1936 - 1936']]",maljakko; 9750; Savoy-maljakko,1935.0,Alvar Aalto,2
10,kymenlaaksonmuseot.KarhE928:5,"['/Cover/Show?source=Solr&id=kymenlaaksonmuseot.KarhE928%3A5&index=0&size=large', '/Cover/Show?source=Solr&id=kymenlaaksonmuseot.KarhE928%3A5&index=1&size=large', '/Cover/Show?source=Solr&id=kymenlaaksonmuseot.KarhE928%3A5&index=2&size=large']","[{'name': 'Alvar Aalto', 'role': 'suunnittelija'}, {'name': 'Hugo Rask', 'role': 'puhaltaja'}, {'name': 'Karhulan lasitehdas', 'role': 'valmistaja'}]","[['maljakot'], ['323 perusraaka-aineiden jalostus keramiikka- ja lasiteollisuus'], ['353 rakennusten varustus'], ['hoito ja palveluskunta sisustaminen ja sisustustekstilit'], ['531 taiteet taidekäsityö ja muotoilu'], ['1936 - 1936']]",maljakko; Savoy-maljakko; 9750,1935.0,Alvar Aalto,2
11,kymenlaaksonmuseot.KarhE923:2,"['/Cover/Show?source=Solr&id=kymenlaaksonmuseot.KarhE923%3A2&index=0&size=large', '/Cover/Show?source=Solr&id=kymenlaaksonmuseot.KarhE923%3A2&index=1&size=large', '/Cover/Show?source=Solr&id=kymenlaaksonmuseot.KarhE923%3A2&index=2&size=large']","[{'name': 'Karhulan lasitehdas', 'role': 'valmistaja'}, {'name': 'Alvar Aalto', 'role': 'suunnittelija'}]","[['maljat'], ['531 taiteet taidekäsityö ja muotoilu'], ['323 perusraaka-aineiden jalostus keramiikka- ja lasiteollisuus'], ['353 rakennusten varustus'], ['hoito ja palveluskunta sisustaminen ja sisustustekstilit'], ['1936 - 1936']]",malja; 9747,1936.0,Alvar Aalto,2
12,kymenlaaksonmuseot.KarhE923:4,"['/Cover/Show?source=Solr&id=kymenlaaksonmuseot.KarhE923%3A4&index=0&size=large', '/Cover/Show?source=Solr&id=kymenlaaksonmuseot.KarhE923%3A4&index=1&size=large', '/Cover/Show?source=Solr&id=kymenlaaksonmuseot.KarhE923%3A4&index=2&size=large']","[{'name': 'Alvar Aalto', 'role': 'suunnittelija'}, {'name': 'Karhulan lasitehdas', 'role': 'valmistaja'}]","[['maljat'], ['353 rakennusten varustus'], ['hoito ja palveluskunta sisustaminen ja sisustustekstilit'], ['323 perusraaka-aineiden jalostus keramiikka- ja lasiteollisuus'], ['531 taiteet taidekäsityö ja muotoilu'], ['1936 - 1936']]",malja; 9747,1936.0,Alvar Aalto,2
13,kymenlaaksonmuseot.KarhE923:6,"['/Cover/Show?source=Solr&id=kymenlaaksonmuseot.KarhE923%3A6&index=0&size=large', '/Cover/Show?source=Solr&id=kymenlaaksonmuseot.KarhE923%3A6&index=1&size=large', '/Cover/Show?source=Solr&id=kymenlaaksonmuseot.KarhE923%3A6&index=2&size=large']","[{'name': 'Alvar Aalto', 'role': 'suunnittelija'}, {'name': 'Karhulan lasitehdas', 'role': 'valmistaja'}]","[['maljat'], ['323 perusraaka-aineiden jalostus keramiikka- ja lasiteollisuus'], ['353 rakennusten varustus'], ['hoito ja palveluskunta sisustaminen ja sisustustekstilit'], ['531 taiteet taidekäsityö ja muotoilu'], ['1936 - 1936']]",malja; 9747,1936.0,Alvar Aalto,2
14,kymenlaaksonmuseot.KarhE924:1,"['/Cover/Show?source=Solr&id=kymenlaaksonmuseot.KarhE924%3A1&index=0&size=large', '/Cover/Show?source=Solr&id=kymenlaaksonmuseot.KarhE924%3A1&index=1&size=large', '/Cover/Show?source=Solr&id=kymenlaaksonmuseot.KarhE924%3A1&index=2&size=large']","[{'name': 'Hugo Rask', 'role': 'puhaltaja'}, {'name': 'Alvar Aalto', 'role': 'suunnittelija'}, {'name': 'Karhulan lasitehdas', 'role': 'valmistaja'}]","[['maljat'], ['531 taiteet taidekäsityö ja muotoilu'], ['353 rakennusten varustus'], ['hoito ja palveluskunta sisustaminen ja sisustustekstilit'], ['323 perusraaka-aineiden jalostus keramiikka- ja lasiteollisuus'], ['1936 - 1936']]",malja; 9746,1936.0,Alvar Aalto,2
15,kymenlaaksonmuseot.KarhE925:2,"['/Cover/Show?source=Solr&id=kymenlaaksonmuseot.KarhE925%3A2&index=0&size=large', '/Cover/Show?source=Solr&id=kymenlaaksonmuseot.KarhE925%3A2&index=1&size=large', '/Cover/Show?source=Solr&id=kymenlaaksonmuseot.KarhE925%3A2&index=2&size=large']","[{'name': 'Karhulan lasitehdas', 'role': 'valmistaja'}, {'name': 'Alvar Aalto', 'role': 'suunnittelija'}, {'name': 'Hugo Rask', 'role': 'puhaltaja'}]","[['maljat'], ['323 perusraaka-aineiden jalostus keramiikka- ja lasiteollisuus'], ['353 rakennusten varustus'], ['hoito ja palveluskunta sisustaminen ja sisustustekstilit'], ['531 taiteet taidekäsityö ja muotoilu'], ['1936 - 1936']]",malja; 9748,1936.0,Alvar Aalto,2
16,kymenlaaksonmuseot.KarhE925:3,"['/Cover/Show?source=Solr&id=kymenlaaksonmuseot.KarhE925%3A3&index=0&size=large', '/Cover/Show?source=Solr&id=kymenlaaksonmuseot.KarhE925%3A3&index=1&size=large']","[{'name': 'Karhulan lasitehdas', 'role': 'valmistaja'}, {'name': 'Hugo Rask', 'role': 'puhaltaja'}, {'name': 'Alvar Aalto', 'role': 'suunnittelija'}]","[['maljat'], ['323 perusraaka-aineiden jalostus keramiikka- ja lasiteollisuus'], ['531 taiteet taidekäsityö ja muotoilu'], ['353 rakennusten varustus'], ['hoito ja palveluskunta sisustaminen ja sisustustekstilit'], ['1936 - 1936']]",malja; 9748,1936.0,Alvar Aalto,2
17,kymenlaaksonmuseot.KarhE927:1,"['/Cover/Show?source=Solr&id=kymenlaaksonmuseot.KarhE927%3A1&index=0&size=large', '/Cover/Show?source=Solr&id=kymenlaaksonmuseot.KarhE927%3A1&index=1&size=large', '/Cover/Show?source=Solr&id=kymenlaaksonmuseot.KarhE927%3A1&index=2&size=large', '/Cover/Show?source=Solr&id=kymenlaaksonmuseot.KarhE927%3A1&index=3&size=large']","[{'name': 'Karhulan lasitehdas', 'role': 'valmistaja'}, {'name': 'Alvar Aalto', 'role': 'suunnittelija'}]","[['maljakot'], ['531 taiteet taidekäsityö ja muotoilu'], ['323 perusraaka-aineiden jalostus keramiikka- ja lasiteollisuus'], ['353 rakennusten varustus'], ['hoito ja palveluskunta sisustaminen ja sisustustekstilit']]",maljakko; Savoy-maljakko,1936.0,Alvar Aalto,2
18,kymenlaaksonmuseot.YLEE2019002:1,"['/Cover/Show?source=Solr&id=kymenlaaksonmuseot.YLEE2019002%3A1&index=0&size=large', '/Cover/Show?source=Solr&id=kymenlaaksonmuseot.YLEE2019002%3A1&index=1&size=large']","[{'name': 'Alvar Aalto', 'role': 'suunnittelija'}]","[['ovet'], ['rivitalot'], ['asuinrakennukset'], ['Kotka -- Sunila'], ['341 rakennukset arkkitehtuuri'], ['342 rakennukset asunnot ja asumukset']]",ovi; asuinhuoneiston ulko-ovi,1936.0,Alvar Aalto,2
19,kymenlaaksonmuseot.KarhE924:2,"['/Cover/Show?source=Solr&id=kymenlaaksonmuseot.KarhE924%3A2&index=0&size=large', '/Cover/Show?source=Solr&id=kymenlaaksonmuseot.KarhE924%3A2&index=1&size=large', '/Cover/Show?source=Solr&id=kymenlaaksonmuseot.KarhE924%3A2&index=2&size=large']","[{'name': 'Hugo Rask', 'role': 'puhaltaja'}, {'name': 'Karhulan lasitehdas', 'role': 'valmistaja'}, {'name': 'Alvar Aalto', 'role': 'suunnittelija'}]","[['maljat'], ['531 taiteet taidekäsityö ja muotoilu'], ['353 rakennusten varustus'], ['hoito ja palveluskunta sisustaminen ja sisustustekstilit'], ['323 perusraaka-aineiden jalostus keramiikka- ja lasiteollisuus'], ['1936 - 1936']]",malja; 9746,1937.0,Alvar Aalto,2
20,kymenlaaksonmuseot.KarhE930:1,"['/Cover/Show?source=Solr&id=kymenlaaksonmuseot.KarhE930%3A1&index=0&size=large', '/Cover/Show?source=Solr&id=kymenlaaksonmuseot.KarhE930%3A1&index=1&size=large', '/Cover/Show?source=Solr&id=kymenlaaksonmuseot.KarhE930%3A1&index=2&size=large']","[{'name': 'Emil Helander', 'role': 'puhaltaja'}, {'name': 'Alvar Aalto', 'role': 'suunnittelija'}, {'name': 'Karhulan lasitehdas', 'role': 'valmistaja'}]","[['maljakot'], ['531 taiteet taidekäsityö ja muotoilu'], ['323 perusraaka-aineiden jalostus keramiikka- ja lasiteollisuus'], ['353 rakennusten varustus'], ['hoito ja palveluskunta sisustaminen ja sisustustekstilit'], ['1936 - 1936']]",maljakko; 9744; Savoy,1937.0,Alvar Aalto,2
21,kymenlaaksonmuseot.KarhE936:1,"['/Cover/Show?source=Solr&id=kymenlaaksonmuseot.KarhE936%3A1&index=0&size=large', '/Cover/Show?source=Solr&id=kymenlaaksonmuseot.KarhE936%3A1&index=1&size=large']","[{'name': 'Alvar Aalto', 'role': 'suunnittelija'}, {'name': 'Karhulan lasitehdas', 'role': 'valmistaja'}]","[['lautaset (astiat)'], ['531 taiteet taidekäsityö ja muotoilu'], ['353 rakennusten varustus'], ['hoito ja palveluskunta sisustaminen ja sisustustekstilit'], ['323 perusraaka-aineiden jalostus keramiikka- ja lasiteollisuus'], ['1939 - 1959']]",lautanen; 9770,1939.0,Alvar Aalto,2
22,postimuseo.62bc3a94-d938-4242-b6e5-f0c378011a87,"['/Cover/Show?source=Solr&id=postimuseo.62bc3a94-d938-4242-b6e5-f0c378011a87&index=0&size=large', '/Cover/Show?source=Solr&id=postimuseo.62bc3a94-d938-4242-b6e5-f0c378011a87&index=1&size=large']","[{'name': 'Aalto, Alvar', 'role': 'suunnittelija'}]","[['postinkäsittely'], ['postitoimipaikat'], ['sisustus'], ['hyllyt'], ['pöydät'], ['postinlajittelu'], ['postitoimistot'], ['käyttöaika 1939-1985']]",lajitteluhylly ja pöytä,1939.0,Alvar Aalto,2
23,postimuseo.e197978e-b983-4b88-b3fc-39066e1ca3bb,"['/Cover/Show?source=Solr&id=postimuseo.e197978e-b983-4b88-b3fc-39066e1ca3bb&index=0&size=large', '/Cover/Show?source=Solr&id=postimuseo.e197978e-b983-4b88-b3fc-39066e1ca3bb&index=1&size=large']","[{'name': 'Aalto, Alvar', 'role': 'suunnittelija'}]","[['kirjoituspöydät'], ['postitoimipaikat'], ['sisustus'], ['postitoimistot'], ['käyttöaika 1930-1985']]",pöytä; kirjoituspöytä,1939.0,Alvar Aalto,2
24,postimuseo.f621e056-29a9-4a01-a202-8feca7d013f5,['/Cover/Show?source=Solr&id=postimuseo.f621e056-29a9-4a01-a202-8feca7d013f5&index=0&size=large'],"[{'name': 'Aalto, Alvar', 'role': 'suunnittelija'}]","[['jakkarat'], ['tuolit'], ['postitoimipaikat'], ['sisustus'], ['postitoimistot'], ['käyttöaika 1930-1985']]",tuoli; jakkara,1939.0,Alvar Aalto,2
25,hkm.5BFD3803-F9A7-46E7-84C4-08A3AA80F055,['/Cover/Show?source=Solr&id=hkm.5BFD3803-F9A7-46E7-84C4-08A3AA80F055&index=0&size=large'],"[{'name': 'Aalto, Alvar', 'role': 'muotoilija', 'id': 'https://isni.org/isni/0000000109136025'}, {'name': 'Huonekalutehdas Korhonen Oy', 'role': 'valmistaja', 'id': 'http://urn.fi/URN:NBN:fi:au:finaf:000016719'}]","[['modernismi (tyyli)'], ['tuolit'], ['pula-ajat'], ['huonekaluteollisuus']]",tuoli; pikkutuoli; Tuoli 69,1942.0,Alvar Aalto,2
26,hkm.66E1C630-D55B-4C39-9221-8A2FCED28102,['/Cover/Show?source=Solr&id=hkm.66E1C630-D55B-4C39-9221-8A2FCED28102&index=0&size=large'],"[{'name': 'Aalto, Alvar', 'role': 'muotoilija', 'id': 'https://isni.org/isni/0000000109136025'}, {'name': 'Huonekalutehdas Korhonen Oy', 'role': 'valmistaja', 'id': 'http://urn.fi/URN:NBN:fi:au:finaf:000016719'}]","[['huonekalut'], ['istuimet'], ['tuolit'], ['nojatuolit'], ['ammattikoulut'], ['ammatillinen koulutus'], ['funktionalismi'], ['käyttöaika 1978 ennen']]",tuoli; nojatuoli; Nojatuoli No 45,1947.0,Alvar Aalto,2
27,hkm.CD00DA53-0A9D-468B-AEA3-8A061A8DE2D5,['/Cover/Show?source=Solr&id=hkm.CD00DA53-0A9D-468B-AEA3-8A061A8DE2D5&index=0&size=large'],"[{'name': 'Aalto, Alvar', 'role': 'suunnittelija', 'id': 'https://isni.org/isni/0000000109136025'}, {'name': 'Artek', 'role': 'jälleenmyyjä', 'id': 'https://isni.org/isni/0000000474486306'}, {'name': 'Huonekalutehdas Korhonen Oy', 'role': 'valmistaja', 'id': 'http://urn.fi/URN:NBN:fi:au:finaf:000016719'}]","[['huonekalut'], ['istuimet'], ['tuolit'], ['nojatuolit'], ['ammattikoulut'], ['ammatillinen koulutus'], ['funktionalismi'], ['käyttöaika 1978 ennen']]",tuoli; nojatuoli; Nojatuoli No 45,1947.0,Alvar Aalto,2
28,lappeenrannanmuseot.819A287A-F8AB-413A-81B2-E77876396363,"['/Cover/Show?source=Solr&id=lappeenrannanmuseot.819A287A-F8AB-413A-81B2-E77876396363&index=0&size=large', '/Cover/Show?source=Solr&id=lappeenrannanmuseot.819A287A-F8AB-413A-81B2-E77876396363&index=1&size=large', '/Cover/Show?source=Solr&id=lappeenrannanmuseot.819A287A-F8AB-413A-81B2-E77876396363&index=2&size=large']","[{'name': 'Aalto, Alvar', 'role': 'suunnittelija'}, {'name': 'Artek', 'role': 'valmistaja'}]","[['kalusteet'], ['seinähyllyt'], ['laatikostot'], ['hyllyt'], ['Luukkaan lastenkoti']]","seinälaatikkohylly; Artekin seinälaatikosto 114B, 2 kpl",1947.0,Alvar Aalto,2
29,heinolanmuseo.hkm-92816,['/Cover/Show?source=Solr&id=heinolanmuseo.hkm-92816&index=0&size=large'],"[{'name': 'Aalto Alvar', 'role': 'Suunnittelija'}]","[['Sisustus'], ['Huonekalut'], ['Tuolit'], ['Istuimet']]",tuoli; Artek 65,1950.0,Alvar Aalto,2
30,hkm.19BC1608-70F9-4078-8F2E-D22DA1FAB8D9,['/Cover/Show?source=Solr&id=hkm.19BC1608-70F9-4078-8F2E-D22DA1FAB8D9&index=0&size=large'],"[{'name': 'Aalto, Alvar', 'role': 'suunnittelija', 'id': 'https://isni.org/isni/0000000109136025'}, {'name': 'Artek', 'role': 'jälleenmyyjä', 'id': 'https://isni.org/isni/0000000474486306'}, {'name': 'Huonekalutehdas Korhonen Oy', 'role': 'valmistaja', 'id': 'http://urn.fi/URN:NBN:fi:au:finaf:000016719'}]","[['huonekalut'], ['pöydät'], ['neuvolat'], ['neuvolatoiminta'], ['koulut'], ['kansakoulu'], ['käyttöaika 1976 ennen']]",pöytä; 81 B,1950.0,Alvar Aalto,2
31,hkm.8E7173B9-8DC2-4561-85BE-A53915633CA7,['/Cover/Show?source=Solr&id=hkm.8E7173B9-8DC2-4561-85BE-A53915633CA7&index=0&size=large'],"[{'name': 'Aalto, Alvar', 'role': 'muotoilija', 'id': 'https://isni.org/isni/0000000109136025'}, {'name': 'Huonekalutehdas Korhonen Oy', 'role': 'valmistaja', 'id': 'http://urn.fi/URN:NBN:fi:au:finaf:000016719'}]","[['huonekalut'], ['pöydät'], ['ammattikoulut'], ['ammatillinen koulutus'], ['funktionalismi'], ['käyttöaika 1978 ennen']]",pöytä; sohvapöytä; pöytä 90A,1950.0,Alvar Aalto,2
32,husmuseo.hus-3654,['/Cover/Show?source=Solr&id=husmuseo.hus-3654&index=0&size=large'],"[{'name': 'Alvar Aalto', 'role': 'Suunnittelija'}, {'name': 'Alvar Aalto', 'role': 'Suunnittelija'}]","[['sairaalat'], ['sairaalakalusteet'], ['odotustilat'], ['poliklinikat'], ['nojatuolit'], ['1959-2022']]",Nojatuoli; Artek 403; Poliklinikan odotustilan tuoli,1950.0,Alvar Aalto,2
33,hkm.5FB7ABD5-2FD7-48BD-BC2A-4EB962CEEEF5,['/Cover/Show?source=Solr&id=hkm.5FB7ABD5-2FD7-48BD-BC2A-4EB962CEEEF5&index=0&size=large'],"[{'name': 'Aalto, Alvar', 'role': 'muotoilija', 'id': 'https://isni.org/isni/0000000109136025'}, {'name': 'Huonekalutehdas Korhonen Oy', 'role': 'valmistaja', 'id': 'http://urn.fi/URN:NBN:fi:au:finaf:000016719'}]",[['vanhainkodit']],pöytä; pikkupöytä; Pöytä 90,1953.0,Alvar Aalto,2
34,hkm.CB8889C3-F23A-4701-A9A0-84AC2793075C,['/Cover/Show?source=Solr&id=hkm.CB8889C3-F23A-4701-A9A0-84AC2793075C&index=0&size=large'],"[{'name': 'Valaistustyö Ky', 'role': 'valmistaja'}, {'name': 'Aalto, Alvar', 'role': 'muotoilija', 'id': 'https://isni.org/isni/0000000109136025'}]","[['valaisimet'], ['valo'], ['kattovalaismet'], ['keinovalo']]",valaisin; kattovalaisin; A622,1953.0,Alvar Aalto,2
35,kymenlaaksonmuseot.KarhE928:1,"['/Cover/Show?source=Solr&id=kymenlaaksonmuseot.KarhE928%3A1&index=0&size=large', '/Cover/Show?source=Solr&id=kymenlaaksonmuseot.KarhE928%3A1&index=1&size=large', '/Cover/Show?source=Solr&id=kymenlaaksonmuseot.KarhE928%3A1&index=2&size=large']","[{'name': 'Hugo Rask', 'role': 'puhaltaja'}, {'name': 'Iittalan lasitehdas', 'role': 'valmistaja'}, {'name': 'Alvar Aalto', 'role': 'suunnittelija'}]","[['maljakot'], ['323 perusraaka-aineiden jalostus keramiikka- ja lasiteollisuus'], ['531 taiteet taidekäsityö ja muotoilu'], ['353 rakennusten varustus'], ['hoito ja palveluskunta sisustaminen ja sisustustekstilit'], ['1936 - 1936']]",maljakko; 3030-140; Savoy-maljakko,1954.0,Alvar Aalto,2
36,kymenlaaksonmuseot.KarhE928:2,"['/Cover/Show?source=Solr&id=kymenlaaksonmuseot.KarhE928%3A2&index=0&size=large', '/Cover/Show?source=Solr&id=kymenlaaksonmuseot.KarhE928%3A2&index=1&size=large', '/Cover/Show?source=Solr&id=kymenlaaksonmuseot.KarhE928%3A2&index=2&size=large']","[{'name': 'Hugo Rask', 'role': 'puhaltaja'}, {'name': 'Alvar Aalto', 'role': 'suunnittelija'}, {'name': 'Iittalan lasitehdas', 'role': 'valmistaja'}]","[['maljakot'], ['323 perusraaka-aineiden jalostus keramiikka- ja lasiteollisuus'], ['353 rakennusten varustus'], ['hoito ja palveluskunta sisustaminen ja sisustustekstilit'], ['531 taiteet taidekäsityö ja muotoilu']]",maljakko; Savoy-maljakko; 3030-140,1955.0,Alvar Aalto,2
37,hkm.16A6E80A-ACF7-4C11-A33E-22ACF69395F4,['/Cover/Show?source=Solr&id=hkm.16A6E80A-ACF7-4C11-A33E-22ACF69395F4&index=0&size=large'],"[{'name': 'Valaistustyö Ky', 'role': 'valmistaja'}, {'name': 'Aalto, Alvar', 'role': 'muotoilija', 'id': 'https://isni.org/isni/0000000109136025'}]","[['valaisimet'], ['kattovalaisimet'], ['museot'], ['näyttelyt'], ['näyttelytekniikka'], ['muotoilijat'], ['muotoilu'], ['käyttöaika 1956']]",valaisin; kattovalaisin; kultakello; A330s,1956.0,Alvar Aalto,2
38,ekm.173342566813300,['/Cover/Show?source=Solr&id=ekm.173342566813300&index=0&size=large'],"[{'name': 'Alvar Aalto', 'role': 'suunnittelija'}, {'name': 'Artek', 'role': 'valmistaja'}]","[['vanhainkodit'], ['huonekalut'], ['kunta-ala'], ['tuolit'], ['julkiset palvelut'], ['nojatuolit'], ['vanhainkoti'], ['huonekalu']]",tuoli; nojatuoli Artek 401,1960.0,Alvar Aalto,2
39,hkm.14F538D2-F6A2-442C-AC78-1205D25451E7,['/Cover/Show?source=Solr&id=hkm.14F538D2-F6A2-442C-AC78-1205D25451E7&index=0&size=large'],"[{'name': 'Aalto, Alvar', 'role': 'suunnittelija', 'id': 'https://isni.org/isni/0000000109136025'}, {'name': 'Artek', 'role': 'valmistuttaja', 'id': 'https://isni.org/isni/0000000474486306'}, {'name': 'Huonekalutehdas Korhonen Oy', 'role': 'valmistaja', 'id': 'http://urn.fi/URN:NBN:fi:au:finaf:000016719'}]","[['huonekalut'], ['pöydät'], ['huvilat'], ['edustus'], ['edustustilaisuudet'], ['muotoilu'], ['design'], ['käyttöaika - 2002']]",pöytä; ruokapöytä; viuhkajalka; X800,1970.0,Alvar Aalto,2
40,hkm.BB836BA7-0524-4CAE-A231-CB9795E0BC24,['/Cover/Show?source=Solr&id=hkm.BB836BA7-0524-4CAE-A231-CB9795E0BC24&index=0&size=large'],"[{'name': 'Aalto, Alvar', 'role': 'suunnittelija', 'id': 'https://isni.org/isni/0000000109136025'}, {'name': 'Artek', 'role': 'valmistuttaja', 'id': 'https://isni.org/isni/0000000474486306'}, {'name': 'Huonekalutehdas Korhonen Oy', 'role': 'valmistaja', 'id': 'http://urn.fi/URN:NBN:fi:au:finaf:000016719'}]","[['huonekalut'], ['pöydät'], ['huvilat'], ['edustus'], ['edustustilaisuudet'], ['muotoilu'], ['design'], ['käyttöaika - 2002']]",pöytä; sohvapöytä; viuhkajalka; X700,1970.0,Alvar Aalto,2
41,hkm.DBB765B0-0408-4554-A5EB-4408EA4F9F3C,['/Cover/Show?source=Solr&id=hkm.DBB765B0-0408-4554-A5EB-4408EA4F9F3C&index=0&size=large'],"[{'name': 'Aalto, Alvar', 'role': 'muotoilija', 'id': 'https://isni.org/isni/0000000109136025'}, {'name': 'Artek', 'role': 'valmistuttaja', 'id': 'https://isni.org/isni/0000000474486306'}, {'name': 'Huonekalutehdas Korhonen Oy', 'role': 'valmistaja', 'id': 'http://urn.fi/URN:NBN:fi:au:finaf:000016719'}]","[['huonekalut'], ['istuimet'], ['jakkarat'], ['penkit'], ['huvilat'], ['edustus'], ['edustustilaisuudet'], ['muotoilu'], ['design'], ['käyttöaika - 2002']]",jakkara; X600,1970.0,Alvar Aalto,2
42,forssanmuseo.pju-107480,['/Cover/Show?source=Solr&id=forssanmuseo.pju-107480&index=0&size=large'],"[{'name': 'Alvar Aalto', 'role': 'Suunnittelija'}, {'name': 'Finlayson Oy', 'role': 'Valmistaja'}]","[['valkoinen (väri)'], ['musta'], ['geometriset kuviot'], ['kuosit (pintakuviointi)'], ['modernismi (tyyli'], ['tyylit)'], ['painokankaat'], ['puuvilla'], ['puuvillateollisuus']]",Riippunäyte; Laura,1987.0,Alvar Aalto,2
43,kymenlaaksonmuseot.KarhE928:4,"['/Cover/Show?source=Solr&id=kymenlaaksonmuseot.KarhE928%3A4&index=0&size=large', '/Cover/Show?source=Solr&id=kymenlaaksonmuseot.KarhE928%3A4&index=1&size=large', '/Cover/Show?source=Solr&id=kymenlaaksonmuseot.KarhE928%3A4&index=2&size=large']","[{'name': 'Iittalan lasitehdas', 'role': 'valmistaja'}, {'name': 'Alvar Aalto', 'role': 'suunnittelija'}]","[['maljakot'], ['353 rakennusten varustus'], ['hoito ja palveluskunta sisustaminen ja sisustustekstilit'], ['323 perusraaka-aineiden jalostus keramiikka- ja lasiteollisuus'], ['531 taiteet taidekäsityö ja muotoilu']]",maljakko; Savoy-maljakko; 3030-140,1990.0,Alvar Aalto,2
44,lusto.knp-15182,"['/Cover/Show?source=Solr&id=lusto.knp-15182&index=0&size=large', '/Cover/Show?source=Solr&id=lusto.knp-15182&index=1&size=large', '/Cover/Show?source=Solr&id=lusto.knp-15182&index=2&size=large', '/Cover/Show?source=Solr&id=lusto.knp-15182&index=3&size=large', '/Cover/Show?source=Solr&id=lusto.knp-15182&index=4&size=large']","[{'name': 'Iittala Group', 'role': 'Valmistaja'}, {'name': 'suunnittelija: Aalto, Alvar', 'role': 'Valmistaja'}]","[['yhtiöt'], ['taideteollisuus'], ['metsäteollisuus'], ['markkinointi'], ['maljakot'], ['mainonta'], ['liikelahjat'], ['astiat']]","Aalto-maljakko; Aalto-vaasi myyntipakkauksessa, Stora Enso -liikelahja; Aalto, tulenpunainen, 95 mm",1990.0,Alvar Aalto,2
45,alvaraalto.aam-118695,"['/Cover/Show?source=Solr&id=alvaraalto.aam-118695&index=0&size=large', '/Cover/Show?source=Solr&id=alvaraalto.aam-118695&index=1&size=large']","[{'name': 'Alvar Aalto', 'role': 'Suunnittelija'}, {'name': 'Aino Aalto', 'role': 'Suunnittelija'}]",[],Riihimäen kukka,,"Alvar Aalto, Aino Aalto",2
46,heinolanmuseo.hkm-100198,['/Cover/Show?source=Solr&id=heinolanmuseo.hkm-100198&index=0&size=large'],"[{'name': 'Aalto Alvar', 'role': 'Suunnittelija'}, {'name': 'Iittala', 'role': 'Valmistaja'}]","[['vaasit'], ['maljakot']]","maljakko; Aaltovaasi; Savoy, 3030-160 mm; yleisesti käytetty nimi",,Alvar Aalto,2
47,hkm.19CC56FF-15FE-46FC-BC75-B8377D1E6DFB,['/Cover/Show?source=Solr&id=hkm.19CC56FF-15FE-46FC-BC75-B8377D1E6DFB&index=0&size=large'],"[{'name': 'Aalto, Alvar', 'role': 'muotoilija', 'id': 'https://isni.org/isni/0000000109136025'}, {'name': 'Huonekalutehdas Korhonen Oy', 'role': 'valmistaja', 'id': 'http://urn.fi/URN:NBN:fi:au:finaf:000016719'}]","[['huonekalut'], ['istuimet'], ['tuolit'], ['modernismi'], ['kalusteet'], ['ravitsemisliikkeet'], ['ravintolat'], ['käyttöaika 1987 ennen']]",tuoli; Tuoli 65,,Alvar Aalto,2
48,hkm.6986FA79-F04A-488B-BE9F-F3F15C7D7051,['/Cover/Show?source=Solr&id=hkm.6986FA79-F04A-488B-BE9F-F3F15C7D7051&index=0&size=large'],"[{'name': 'Aalto, Alvar', 'role': 'muotoilija', 'id': 'https://isni.org/isni/0000000109136025'}, {'name': 'Huonekalutehdas Korhonen Oy', 'role': 'valmistaja', 'id': 'http://urn.fi/URN:NBN:fi:au:finaf:000016719'}]","[['huonekalut'], ['istuimet'], ['tuolit'], ['modernismi'], ['kalusteet'], ['ravitsemisliikkeet'], ['ravintolat'], ['käyttöaika 1987 ennen']]",tuoli; Tuoli 65,,Alvar Aalto,2
49,kymenlaaksonmuseot.KarhE935:1,"['/Cover/Show?source=Solr&id=kymenlaaksonmuseot.KarhE935%3A1&index=0&size=large', '/Cover/Show?source=Solr&id=kymenlaaksonmuseot.KarhE935%3A1&index=1&size=large', '/Cover/Show?source=Solr&id=kymenlaaksonmuseot.KarhE935%3A1&index=2&size=large']","[{'name': 'Karhulan lasitehdas', 'role': 'valmistaja'}, {'name': 'Alvar Aalto', 'role': 'suunnittelija'}]","[['lautaset (astiat)'], ['323 perusraaka-aineiden jalostus keramiikka- ja lasiteollisuus'], ['531 taiteet taidekäsityö ja muotoilu'], ['353 rakennusten varustus'], ['hoito ja palveluskunta sisustaminen ja sisustustekstilit'], ['1936 - 1936']]",lautanen; 9752,,Alvar Aalto,2
50,lastentarhamuseo.ltm-823,"['/Cover/Show?source=Solr&id=lastentarhamuseo.ltm-823&index=0&size=large', '/Cover/Show?source=Solr&id=lastentarhamuseo.ltm-823&index=1&size=large', '/Cover/Show?source=Solr&id=lastentarhamuseo.ltm-823&index=2&size=large', '/Cover/Show?source=Solr&id=lastentarhamuseo.ltm-823&index=3&size=large']","[{'name': 'Aalto, Alvar', 'role': 'Suunnittelija'}, {'name': 'Artek', 'role': 'Valmistaja'}]","[['tuolit'], ['lastenhuonekalut'], ['huonekalut'], ['lastentarhat']]",lasten tuoli; N65,,Alvar Aalto,2
51,loviisakm.3e44c22e-4f96-433b-94fc-74f56abad0ac,"['/Cover/Show?source=Solr&id=loviisakm.3e44c22e-4f96-433b-94fc-74f56abad0ac&index=0&size=large', '/Cover/Show?source=Solr&id=loviisakm.3e44c22e-4f96-433b-94fc-74f56abad0ac&index=1&size=large']","[{'name': 'Sanka Oy', 'role': 'valmistaja'}, {'name': 'Aalto, Alvar', 'role': 'suunnittelija'}]","[['tarjottimet'], ['tarjoiluastiat'], ['ruokailuastiat'], ['muovi (aine, polymeerit)'], ['muovitehtaat'], ['muoviteollisuus'], ['muovituotteet'], ['muotoilu']]",Muovinen cocktailtarjotin,,Alvar Aalto,2
52,postimuseo.270FC0A3-9AE2-4E91-A502-F9F7B2ADC939,['/Cover/Show?source=Solr&id=postimuseo.270FC0A3-9AE2-4E91-A502-F9F7B2ADC939&index=0&size=large'],"[{'name': 'Aalto, Alvar', 'role': 'kuvan kohteen tekijä'}, {'name': 'Lakaniemi, Ari', 'role': 'suunnittelija'}, {'name': 'Rumpu, Susanna', 'role': 'suunnittelija'}, {'name': 'Cartor Security Printing', 'role': 'paino'}]","[['postimerkit'], ['tiede'], ['koulutus'], ['arkkitehtuuri'], ['merkkipäivät'], ['koulutus opetus Teknillinen korkeakoulu Espoo Otaniemi arkkitehtuuri Alvar Aalto rakennus robotti tekniikka teknologia tiede'], ['käyttöaika 24.01.2008'], ['Suomi, Uusimaa, Espoo'], ['Suomi, Uusimaa, Espoo, Otaniemi Espoo']]",postimerkki; postimerkkiarkki; Teknillinen korkeakoulu 100 vuotta,,Alvar Aalto,2
53,varkaudenmuseot.pju-72711,['/Cover/Show?source=Solr&id=varkaudenmuseot.pju-72711&index=0&size=large'],"[{'name': 'Aalto, Alvar', 'role': 'Suunnittelija'}, {'name': 'Artek', 'role': 'Valmistaja'}]","[['valaisimet'], ['sähkölamput'], ['lattiavalaisimet'], ['lamput']]","Valaisin; jalkalamppu, lattiavalaisin",,Alvar Aalto,2
54,alvaraalto.aam-118612,"['/Cover/Show?source=Solr&id=alvaraalto.aam-118612&index=0&size=large', '/Cover/Show?source=Solr&id=alvaraalto.aam-118612&index=1&size=large']","[{'name': 'Aino Aalto', 'role': 'Suunnittelija'}, {'name': 'O.Y. Huonekalu- ja Rakennustyötehdas A.B.', 'role': 'Valmistaja'}]",[],lastenpöytä,1929.0,Aino Aalto,1
55,alvaraalto.aam-118613,['/Cover/Show?source=Solr&id=alvaraalto.aam-118613&index=0&size=large'],"[{'name': 'Aino Aalto', 'role': 'Suunnittelija'}, {'name': 'O.Y. Huonekalu- ja Rakennustyötehdas A.B.', 'role': 'Valmistaja'}]",[],lastenpöytä,1929.0,Aino Aalto,1
56,alvaraalto.aam-118614,"['/Cover/Show?source=Solr&id=alvaraalto.aam-118614&index=0&size=large', '/Cover/Show?source=Solr&id=alvaraalto.aam-118614&index=1&size=large']","[{'name': 'Aino Aalto', 'role': 'Suunnittelija'}, {'name': 'O.Y. Huonekalu- ja Rakennustyötehdas A.B.', 'role': 'Valmistaja'}]",[],"leluhylly, lastenhuoneen kaappi, lelukaappi hylly",1929.0,Aino Aalto,1
57,alvaraalto.aam-118615,['/Cover/Show?source=Solr&id=alvaraalto.aam-118615&index=0&size=large'],"[{'name': 'Aino Aalto', 'role': 'Suunnittelija'}, {'name': 'O.Y. Huonekalu- ja Rakennustyötehdas A.B.', 'role': 'Valmistaja'}]",[],leluhylly,1929.0,Aino Aalto,1
58,alvaraalto.aam-118617,"['/Cover/Show?source=Solr&id=alvaraalto.aam-118617&index=0&size=large', '/Cover/Show?source=Solr&id=alvaraalto.aam-118617&index=1&size=large']","[{'name': 'Aino Aalto', 'role': 'Suunnittelija'}, {'name': 'O.Y. Huonekalu- ja Rakennustyötehdas A.B.', 'role': 'Valmistaja'}]",[],lelukaappi,1929.0,Aino Aalto,1
59,hkm.B2881B8A-EAF4-4A7D-B0A1-B60EEEEA4597,['/Cover/Show?source=Solr&id=hkm.B2881B8A-EAF4-4A7D-B0A1-B60EEEEA4597&index=0&size=large'],"[{'name': 'Marsio-Aalto, Aino', 'role': 'muotoilija', 'id': 'https://isni.org/isni/0000000081211563'}, {'name': 'Karhula Oy / Karhulan lasitehdas', 'role': 'valmistaja', 'id': 'http://urn.fi/URN:NBN:fi:au:finaf:000023279'}]","[['kattaus'], ['astiat'], ['juoma-astiat'], ['juomat']]",kaadin,1930.0,Aino Aalto,1
60,leikki.167905394978400,['/Cover/Show?source=Solr&id=leikki.167905394978400&index=0&size=large'],"[{'name': 'Paulig', 'role': 'valmistaja'}, {'name': 'Aino Aalto', 'role': 'suunnittelija'}]","[['leikkikalut'], ['lelut'], ['leikit'], ['juomalasit'], ['nukenastiat'], ['leikkiastiat'], ['1935\n\t\t\t\t\t\t -  1949\n\t\t\t\t\t\t1930-1940-luvut']]",juomalasi; leikkikalu; lelu,1930.0,Aino Aalto,1
61,ekm.173342204091600,['/Cover/Show?source=Solr&id=ekm.173342204091600&index=0&size=large'],"[{'name': 'Riihimäen lasitehdas', 'role': 'valmistaja'}, {'name': 'Aino Marsio-Aalto', 'role': 'suunnittelija'}]","[['saaristolaiset'], ['lasiesineet'], ['astiat'], ['kattaus'], ['tarjoiluastiat'], ['taloustarvikkeet'], ['kannut'], ['kaatimet']]","kaadin; kannu, Riihimäen Lasi,  malli 5181",1932.0,Aino Aalto,1
62,kymenlaaksonmuseot.KarhE461:1,"['/Cover/Show?source=Solr&id=kymenlaaksonmuseot.KarhE461%3A1&index=0&size=large', '/Cover/Show?source=Solr&id=kymenlaaksonmuseot.KarhE461%3A1&index=1&size=large', '/Cover/Show?source=Solr&id=kymenlaaksonmuseot.KarhE461%3A1&index=2&size=large', '/Cover/Show?source=Solr&id=kymenlaaksonmuseot.KarhE461%3A1&index=3&size=large', '/Cover/Show?source=Solr&id=kymenlaaksonmuseot.KarhE461%3A1&index=4&size=large']","[{'name': 'Karhulan lasitehdas', 'role': 'valmistaja'}, {'name': 'Aino Aalto', 'role': 'suunnittelija'}]","[['lautaset (astiat)'], ['323 perusraaka-aineiden jalostus keramiikka- ja lasiteollisuus'], ['264 ruoan nauttiminen ruokailu'], ['1932 - 1932']]",lautanen; Bölgeblick; 4191; Aalto,1932.0,Aino Aalto,1
63,kymenlaaksonmuseot.KarhE461:13,"['/Cover/Show?source=Solr&id=kymenlaaksonmuseot.KarhE461%3A13&index=0&size=large', '/Cover/Show?source=Solr&id=kymenlaaksonmuseot.KarhE461%3A13&index=1&size=large', '/Cover/Show?source=Solr&id=kymenlaaksonmuseot.KarhE461%3A13&index=2&size=large', '/Cover/Show?source=Solr&id=kymenlaaksonmuseot.KarhE461%3A13&index=3&size=large', '/Cover/Show?source=Solr&id=kymenlaaksonmuseot.KarhE461%3A13&index=4&size=large', '/Cover/Show?source=Solr&id=kymenlaaksonmuseot.KarhE461%3A13&index=5&size=large', '/Cover/Show?source=Solr&id=kymenlaaksonmuseot.KarhE461%3A13&index=6&size=large', '/Cover/Show?source=Solr&id=kymenlaaksonmuseot.KarhE461%3A13&index=7&size=large']","[{'name': 'Aino Aalto', 'role': 'suunnittelija'}, {'name': 'Karhulan lasitehdas', 'role': 'valmistaja'}]","[['juomalasit'], ['272 juomat'], ['huumaavat ja nautintoaineet juomat'], ['323 perusraaka-aineiden jalostus keramiikka- ja lasiteollisuus'], ['1936 - 1936']]",juomalasi; 4052; Bölgeblick; Aalto,1932.0,Aino Aalto,1
64,kymenlaaksonmuseot.KarhE461:14,"['/Cover/Show?source=Solr&id=kymenlaaksonmuseot.KarhE461%3A14&index=0&size=large', '/Cover/Show?source=Solr&id=kymenlaaksonmuseot.KarhE461%3A14&index=1&size=large', '/Cover/Show?source=Solr&id=kymenlaaksonmuseot.KarhE461%3A14&index=2&size=large', '/Cover/Show?source=Solr&id=kymenlaaksonmuseot.KarhE461%3A14&index=3&size=large', '/Cover/Show?source=Solr&id=kymenlaaksonmuseot.KarhE461%3A14&index=4&size=large']","[{'name': 'Aino Aalto', 'role': 'suunnittelija'}, {'name': 'Karhulan lasitehdas', 'role': 'valmistaja'}]","[['juomalasit'], ['snapsilasit'], ['323 perusraaka-aineiden jalostus keramiikka- ja lasiteollisuus'], ['273 juomat'], ['huumaavat ja nautintoaineet Alkoholijuomat'], ['272 juomat'], ['huumaavat ja nautintoaineet juomat'], ['1932 - 1932']]",juomalasi; Bölgeblick; Aalto,1932.0,Aino Aalto,1
65,kymenlaaksonmuseot.KarhE461:16,"['/Cover/Show?source=Solr&id=kymenlaaksonmuseot.KarhE461%3A16&index=0&size=large', '/Cover/Show?source=Solr&id=kymenlaaksonmuseot.KarhE461%3A16&index=1&size=large', '/Cover/Show?source=Solr&id=kymenlaaksonmuseot.KarhE461%3A16&index=2&size=large', '/Cover/Show?source=Solr&id=kymenlaaksonmuseot.KarhE461%3A16&index=3&size=large', '/Cover/Show?source=Solr&id=kymenlaaksonmuseot.KarhE461%3A16&index=4&size=large']","[{'name': 'Karhulan lasitehdas', 'role': 'valmistaja'}, {'name': 'Aino Aalto', 'role': 'suunnittelija'}]","[['snapsilasit'], ['juomalasit'], ['272 juomat'], ['huumaavat ja nautintoaineet juomat'], ['323 perusraaka-aineiden jalostus keramiikka- ja lasiteollisuus'], ['273 juomat'], ['huumaavat ja nautintoaineet Alkoholijuomat'], ['1932 - 1932']]",juomalasi; Bölgeblick; Aalto,1932.0,Aino Aalto,1
66,kymenlaaksonmuseot.KarhE461:18,"['/Cover/Show?source=Solr&id=kymenlaaksonmuseot.KarhE461%3A18&index=0&size=large', '/Cover/Show?source=Solr&id=kymenlaaksonmuseot.KarhE461%3A18&index=1&size=large', '/Cover/Show?source=Solr&id=kymenlaaksonmuseot.KarhE461%3A18&index=2&size=large', '/Cover/Show?source=Solr&id=kymenlaaksonmuseot.KarhE461%3A18&index=3&size=large', '/Cover/Show?source=Solr&id=kymenlaaksonmuseot.KarhE461%3A18&index=4&size=large']","[{'name': 'Karhulan lasitehdas', 'role': 'valmistaja'}, {'name': 'Aino Aalto', 'role': 'suunnittelija'}]","[['maljat'], ['kulhot'], ['323 perusraaka-aineiden jalostus keramiikka- ja lasiteollisuus'], ['264 ruoan nauttiminen ruokailu'], ['1936 - 1936']]",kulho; 4384 C; Bölgeblick; Aalto,1932.0,Aino Aalto,1
67,kymenlaaksonmuseot.KarhE461:1b,"['/Cover/Show?source=Solr&id=kymenlaaksonmuseot.KarhE461%3A1b&index=0&size=large', '/Cover/Show?source=Solr&id=kymenlaaksonmuseot.KarhE461%3A1b&index=1&size=large', '/Cover/Show?source=Solr&id=kymenlaaksonmuseot.KarhE461%3A1b&index=2&size=large', '/Cover/Show?source=Solr&id=kymenlaaksonmuseot.KarhE461%3A1b&index=3&size=large', '/Cover/Show?source=Solr&id=kymenlaaksonmuseot.KarhE461%3A1b&index=4&size=large']","[{'name': 'Aino Aalto', 'role': 'suunnittelija'}, {'name': 'Karhulan lasitehdas', 'role': 'valmistaja'}]","[['lautaset (astiat)'], ['264 ruoan nauttiminen ruokailu'], ['323 perusraaka-aineiden jalostus keramiikka- ja lasiteollisuus'], ['1936 - 1936']]",lautanen; 4191; Bölgeblick; Aalto,1932.0,Aino Aalto,1
68,kymenlaaksonmuseot.KarhE461:20,"['/Cover/Show?source=Solr&id=kymenlaaksonmuseot.KarhE461%3A20&index=0&size=large', '/Cover/Show?source=Solr&id=kymenlaaksonmuseot.KarhE461%3A20&index=1&size=large', '/Cover/Show?source=Solr&id=kymenlaaksonmuseot.KarhE461%3A20&index=2&size=large', '/Cover/Show?source=Solr&id=kymenlaaksonmuseot.KarhE461%3A20&index=3&size=large', '/Cover/Show?source=Solr&id=kymenlaaksonmuseot.KarhE461%3A20&index=4&size=large']","[{'name': 'Aino Aalto', 'role': 'suunnittelija'}, {'name': 'Karhulan lasitehdas', 'role': 'valmistaja'}]","[['maljat'], ['kulhot'], ['264 ruoan nauttiminen ruokailu'], ['323 perusraaka-aineiden jalostus keramiikka- ja lasiteollisuus'], ['1936 - 1936']]",kulho; Bölgeblick; 4384 C; Aalto,1932.0,Aino Aalto,1
69,kymenlaaksonmuseot.KarhE461:23,"['/Cover/Show?source=Solr&id=kymenlaaksonmuseot.KarhE461%3A23&index=0&size=large', '/Cover/Show?source=Solr&id=kymenlaaksonmuseot.KarhE461%3A23&index=1&size=large', '/Cover/Show?source=Solr&id=kymenlaaksonmuseot.KarhE461%3A23&index=2&size=large', '/Cover/Show?source=Solr&id=kymenlaaksonmuseot.KarhE461%3A23&index=3&size=large']","[{'name': 'Karhulan lasitehdas', 'role': 'valmistaja'}, {'name': 'Aino Aalto', 'role': 'suunnittelija'}]","[['kaatimet'], ['kannut'], ['323 perusraaka-aineiden jalostus keramiikka- ja lasiteollisuus'], ['272 juomat'], ['huumaavat ja nautintoaineet juomat'], ['1932 - 1932']]",kaadin; 4644; Bölgeblick; Aalto,1932.0,Aino Aalto,1
70,kymenlaaksonmuseot.KarhE461:26,"['/Cover/Show?source=Solr&id=kymenlaaksonmuseot.KarhE461%3A26&index=0&size=large', '/Cover/Show?source=Solr&id=kymenlaaksonmuseot.KarhE461%3A26&index=1&size=large', '/Cover/Show?source=Solr&id=kymenlaaksonmuseot.KarhE461%3A26&index=2&size=large', '/Cover/Show?source=Solr&id=kymenlaaksonmuseot.KarhE461%3A26&index=3&size=large', '/Cover/Show?source=Solr&id=kymenlaaksonmuseot.KarhE461%3A26&index=4&size=large', '/Cover/Show?source=Solr&id=kymenlaaksonmuseot.KarhE461%3A26&index=5&size=large']","[{'name': 'Aino Aalto', 'role': 'suunnittelija'}, {'name': 'Karhulan lasitehdas', 'role': 'valmistaja'}]","[['lautaset (astiat)'], ['264 ruoan nauttiminen ruokailu'], ['323 perusraaka-aineiden jalostus keramiikka- ja lasiteollisuus'], ['1932 - 1932']]",lautanen; 4191; Bölgeblick; Aalto,1932.0,Aino Aalto,1
71,kymenlaaksonmuseot.KarhE461:27,"['/Cover/Show?source=Solr&id=kymenlaaksonmuseot.KarhE461%3A27&index=0&size=large', '/Cover/Show?source=Solr&id=kymenlaaksonmuseot.KarhE461%3A27&index=1&size=large', '/Cover/Show?source=Solr&id=kymenlaaksonmuseot.KarhE461%3A27&index=2&size=large', '/Cover/Show?source=Solr&id=kymenlaaksonmuseot.KarhE461%3A27&index=3&size=large', '/Cover/Show?source=Solr&id=kymenlaaksonmuseot.KarhE461%3A27&index=4&size=large']","[{'name': 'Karhulan lasitehdas', 'role': 'valmistaja'}, {'name': 'Aino Aalto', 'role': 'suunnittelija'}]","[['lautaset (astiat)'], ['264 ruoan nauttiminen ruokailu'], ['323 perusraaka-aineiden jalostus keramiikka- ja lasiteollisuus'], ['1932 - 1932']]",lautanen; 4191; Bölgeblick; Aalto,1932.0,Aino Aalto,1
72,kymenlaaksonmuseot.KarhE461:29,"['/Cover/Show?source=Solr&id=kymenlaaksonmuseot.KarhE461%3A29&index=0&size=large', '/Cover/Show?source=Solr&id=kymenlaaksonmuseot.KarhE461%3A29&index=1&size=large', '/Cover/Show?source=Solr&id=kymenlaaksonmuseot.KarhE461%3A29&index=2&size=large', '/Cover/Show?source=Solr&id=kymenlaaksonmuseot.KarhE461%3A29&index=3&size=large', '/Cover/Show?source=Solr&id=kymenlaaksonmuseot.KarhE461%3A29&index=4&size=large']","[{'name': 'Karhulan lasitehdas', 'role': 'valmistaja'}, {'name': 'Aino Aalto', 'role': 'suunnittelija'}]","[['lautaset (astiat)'], ['264 ruoan nauttiminen ruokailu'], ['323 perusraaka-aineiden jalostus keramiikka- ja lasiteollisuus'], ['1932 - 1932']]",lautanen; 4191; Bölgeblick; Aalto,1932.0,Aino Aalto,1
73,kymenlaaksonmuseot.KarhE461:3,"['/Cover/Show?source=Solr&id=kymenlaaksonmuseot.KarhE461%3A3&index=0&size=large', '/Cover/Show?source=Solr&id=kymenlaaksonmuseot.KarhE461%3A3&index=1&size=large', '/Cover/Show?source=Solr&id=kymenlaaksonmuseot.KarhE461%3A3&index=2&size=large', '/Cover/Show?source=Solr&id=kymenlaaksonmuseot.KarhE461%3A3&index=3&size=large']","[{'name': 'Aino Aalto', 'role': 'suunnittelija'}, {'name': 'Karhulan lasitehdas', 'role': 'valmistaja'}]","[['kannut'], ['kaatimet'], ['323 perusraaka-aineiden jalostus keramiikka- ja lasiteollisuus'], ['272 juomat'], ['huumaavat ja nautintoaineet juomat'], ['1936 - 1936']]",kaadin; Bölgeblick; 4644; Aalto,1932.0,Aino Aalto,1
74,kymenlaaksonmuseot.KarhE461:31,"['/Cover/Show?source=Solr&id=kymenlaaksonmuseot.KarhE461%3A31&index=0&size=large', '/Cover/Show?source=Solr&id=kymenlaaksonmuseot.KarhE461%3A31&index=1&size=large', '/Cover/Show?source=Solr&id=kymenlaaksonmuseot.KarhE461%3A31&index=2&size=large', '/Cover/Show?source=Solr&id=kymenlaaksonmuseot.KarhE461%3A31&index=3&size=large', '/Cover/Show?source=Solr&id=kymenlaaksonmuseot.KarhE461%3A31&index=4&size=large']","[{'name': 'Karhulan lasitehdas', 'role': 'valmistaja'}, {'name': 'Aino Aalto', 'role': 'suunnittelija'}]","[['lautaset (astiat)'], ['264 ruoan nauttiminen ruokailu'], ['323 perusraaka-aineiden jalostus keramiikka- ja lasiteollisuus'], ['1932 - 1932']]",lautanen; Bölgeblick; 4191; Aalto,1932.0,Aino Aalto,1
75,kymenlaaksonmuseot.KarhE461:32,"['/Cover/Show?source=Solr&id=kymenlaaksonmuseot.KarhE461%3A32&index=0&size=large', '/Cover/Show?source=Solr&id=kymenlaaksonmuseot.KarhE461%3A32&index=1&size=large', '/Cover/Show?source=Solr&id=kymenlaaksonmuseot.KarhE461%3A32&index=2&size=large', '/Cover/Show?source=Solr&id=kymenlaaksonmuseot.KarhE461%3A32&index=3&size=large', '/Cover/Show?source=Solr&id=kymenlaaksonmuseot.KarhE461%3A32&index=4&size=large']","[{'name': 'Karhulan lasitehdas', 'role': 'valmistaja'}, {'name': 'Aino Aalto', 'role': 'suunnittelija'}]","[['lautaset (astiat)'], ['264 ruoan nauttiminen ruokailu'], ['323 perusraaka-aineiden jalostus keramiikka- ja lasiteollisuus'], ['1932 - 1932']]",lautanen; 4190; Bölgeblick; Aalto,1932.0,Aino Aalto,1
76,kymenlaaksonmuseot.KarhE461:33,"['/Cover/Show?source=Solr&id=kymenlaaksonmuseot.KarhE461%3A33&index=0&size=large', '/Cover/Show?source=Solr&id=kymenlaaksonmuseot.KarhE461%3A33&index=1&size=large', '/Cover/Show?source=Solr&id=kymenlaaksonmuseot.KarhE461%3A33&index=2&size=large', '/Cover/Show?source=Solr&id=kymenlaaksonmuseot.KarhE461%3A33&index=3&size=large', '/Cover/Show?source=Solr&id=kymenlaaksonmuseot.KarhE461%3A33&index=4&size=large', '/Cover/Show?source=Solr&id=kymenlaaksonmuseot.KarhE461%3A33&index=5&size=large']","[{'name': 'Aino Aalto', 'role': 'suunnittelija'}, {'name': 'Karhulan lasitehdas', 'role': 'valmistaja'}]","[['juomalasit'], ['323 perusraaka-aineiden jalostus keramiikka- ja lasiteollisuus'], ['272 juomat'], ['huumaavat ja nautintoaineet juomat'], ['1936 - 1936']]",juomalasi; 4056; Bölgeblick; Aalto,1932.0,Aino Aalto,1
77,kymenlaaksonmuseot.KarhE461:35,"['/Cover/Show?source=Solr&id=kymenlaaksonmuseot.KarhE461%3A35&index=0&size=large', '/Cover/Show?source=Solr&id=kymenlaaksonmuseot.KarhE461%3A35&index=1&size=large', '/Cover/Show?source=Solr&id=kymenlaaksonmuseot.KarhE461%3A35&index=2&size=large', '/Cover/Show?source=Solr&id=kymenlaaksonmuseot.KarhE461%3A35&index=3&size=large', '/Cover/Show?source=Solr&id=kymenlaaksonmuseot.KarhE461%3A35&index=4&size=large']","[{'name': 'Aino Aalto', 'role': 'suunnittelija'}, {'name': 'Karhulan lasitehdas', 'role': 'valmistaja'}]","[['lautaset (astiat)'], ['323 perusraaka-aineiden jalostus keramiikka- ja lasiteollisuus'], ['264 ruoan nauttiminen ruokailu'], ['1936 - 1936']]",lautanen; Bölgeblick; 4190; Aalto,1932.0,Aino Aalto,1
78,kymenlaaksonmuseot.KarhE461:25,"['/Cover/Show?source=Solr&id=kymenlaaksonmuseot.KarhE461%3A25&index=0&size=large', '/Cover/Show?source=Solr&id=kymenlaaksonmuseot.KarhE461%3A25&index=1&size=large', '/Cover/Show?source=Solr&id=kymenlaaksonmuseot.KarhE461%3A25&index=2&size=large', '/Cover/Show?source=Solr&id=kymenlaaksonmuseot.KarhE461%3A25&index=3&size=large', '/Cover/Show?source=Solr&id=kymenlaaksonmuseot.KarhE461%3A25&index=4&size=large']","[{'name': 'Aino Aalto', 'role': 'suunnittelija'}, {'name': 'Karhulan lasitehdas', 'role': 'valmistaja'}]","[['maljakot'], ['323 perusraaka-aineiden jalostus keramiikka- ja lasiteollisuus'], ['353 rakennusten varustus'], ['hoito ja palveluskunta sisustaminen ja sisustustekstilit']]",maljakko; 4928; Aalto,1934.0,Aino Aalto,1
79,kymenlaaksonmuseot.KarhE461:4,"['/Cover/Show?source=Solr&id=kymenlaaksonmuseot.KarhE461%3A4&index=0&size=large', '/Cover/Show?source=Solr&id=kymenlaaksonmuseot.KarhE461%3A4&index=1&size=large', '/Cover/Show?source=Solr&id=kymenlaaksonmuseot.KarhE461%3A4&index=2&size=large', '/Cover/Show?source=Solr&id=kymenlaaksonmuseot.KarhE461%3A4&index=3&size=large', '/Cover/Show?source=Solr&id=kymenlaaksonmuseot.KarhE461%3A4&index=4&size=large']","[{'name': 'Karhulan lasitehdas', 'role': 'valmistaja'}, {'name': 'Aino Aalto', 'role': 'suunnittelija'}]","[['maljakot'], ['323 perusraaka-aineiden jalostus keramiikka- ja lasiteollisuus'], ['353 rakennusten varustus'], ['hoito ja palveluskunta sisustaminen ja sisustustekstilit']]",maljakko; 4928; Aalto,1934.0,Aino Aalto,1
80,kymenlaaksonmuseot.KarhE461:7,"['/Cover/Show?source=Solr&id=kymenlaaksonmuseot.KarhE461%3A7&index=0&size=large', '/Cover/Show?source=Solr&id=kymenlaaksonmuseot.KarhE461%3A7&index=1&size=large', '/Cover/Show?source=Solr&id=kymenlaaksonmuseot.KarhE461%3A7&index=2&size=large', '/Cover/Show?source=Solr&id=kymenlaaksonmuseot.KarhE461%3A7&index=3&size=large', '/Cover/Show?source=Solr&id=kymenlaaksonmuseot.KarhE461%3A7&index=4&size=large', '/Cover/Show?source=Solr&id=kymenlaaksonmuseot.KarhE461%3A7&index=5&size=large']","[{'name': 'Aino Aalto', 'role': 'suunnittelija'}, {'name': 'Karhulan lasitehdas', 'role': 'valmistaja'}]","[['pakkaukset'], ['sinappi (mausteet)'], ['juomalasit'], ['272 juomat'], ['huumaavat ja nautintoaineet juomat'], ['263 ruoan nauttiminen mausteet'], ['323 perusraaka-aineiden jalostus keramiikka- ja lasiteollisuus']]",sinappilasi,1934.0,Aino Aalto,1
81,kymenlaaksonmuseot.KarhE461:8,"['/Cover/Show?source=Solr&id=kymenlaaksonmuseot.KarhE461%3A8&index=0&size=large', '/Cover/Show?source=Solr&id=kymenlaaksonmuseot.KarhE461%3A8&index=1&size=large', '/Cover/Show?source=Solr&id=kymenlaaksonmuseot.KarhE461%3A8&index=2&size=large', '/Cover/Show?source=Solr&id=kymenlaaksonmuseot.KarhE461%3A8&index=3&size=large', '/Cover/Show?source=Solr&id=kymenlaaksonmuseot.KarhE461%3A8&index=4&size=large', '/Cover/Show?source=Solr&id=kymenlaaksonmuseot.KarhE461%3A8&index=5&size=large', '/Cover/Show?source=Solr&id=kymenlaaksonmuseot.KarhE461%3A8&index=6&size=large']","[{'name': 'Karhulan lasitehdas', 'role': 'valmistaja'}, {'name': 'Aino Aalto', 'role': 'suunnittelija'}]","[['juomalasit'], ['323 perusraaka-aineiden jalostus keramiikka- ja lasiteollisuus'], ['272 juomat'], ['huumaavat ja nautintoaineet juomat'], ['1932 - 1932']]",juomalasi; Bölgeblick; 4056; Aalto,1934.0,Aino Aalto,1
82,kymenlaaksonmuseot.KarhE461:9,"['/Cover/Show?source=Solr&id=kymenlaaksonmuseot.KarhE461%3A9&index=0&size=large', '/Cover/Show?source=Solr&id=kymenlaaksonmuseot.KarhE461%3A9&index=1&size=large', '/Cover/Show?source=Solr&id=kymenlaaksonmuseot.KarhE461%3A9&index=2&size=large', '/Cover/Show?source=Solr&id=kymenlaaksonmuseot.KarhE461%3A9&index=3&size=large', '/Cover/Show?source=Solr&id=kymenlaaksonmuseot.KarhE461%3A9&index=4&size=large', '/Cover/Show?source=Solr&id=kymenlaaksonmuseot.KarhE461%3A9&index=5&size=large']","[{'name': 'Karhulan lasitehdas', 'role': 'valmistaja'}, {'name': 'Aino Aalto', 'role': 'suunnittelija'}]","[['juomalasit'], ['272 juomat'], ['huumaavat ja nautintoaineet juomat'], ['323 perusraaka-aineiden jalostus keramiikka- ja lasiteollisuus'], ['1936 - 1936']]",juomalasi; Bölgeblick; 4056; Aalto,1934.0,Aino Aalto,1
83,hkm.13D61365-E80D-44BC-ABEB-9DDC72D7C965,['/Cover/Show?source=Solr&id=hkm.13D61365-E80D-44BC-ABEB-9DDC72D7C965&index=0&size=large'],"[{'name': 'Marsio-Aalto, Aino', 'role': 'muotoilija', 'id': 'https://isni.org/isni/0000000081211563'}, {'name': 'Iittala', 'role': 'valmistaja', 'id': 'http://urn.fi/URN:NBN:fi:au:finaf:000037985'}]","[['kattaus'], ['astiat'], ['tarjoiluastiat'], ['juomat'], ['juoma-astiat'], ['taideteollisuus']]",kaadin; kannu,1935.0,Aino Aalto,1
84,kymenlaaksonmuseot.KarhE466:1,"['/Cover/Show?source=Solr&id=kymenlaaksonmuseot.KarhE466%3A1&index=0&size=large', '/Cover/Show?source=Solr&id=kymenlaaksonmuseot.KarhE466%3A1&index=1&size=large', '/Cover/Show?source=Solr&id=kymenlaaksonmuseot.KarhE466%3A1&index=2&size=large', '/Cover/Show?source=Solr&id=kymenlaaksonmuseot.KarhE466%3A1&index=3&size=large', '/Cover/Show?source=Solr&id=kymenlaaksonmuseot.KarhE466%3A1&index=4&size=large']","[{'name': 'Aino Aalto', 'role': 'suunnittelija'}, {'name': 'Karhulan lasitehdas', 'role': 'valmistaja'}]","[['lautaset (astiat)'], ['264 ruoan nauttiminen ruokailu'], ['323 perusraaka-aineiden jalostus keramiikka- ja lasiteollisuus'], ['1936 - 1936']]",lautanen; 4146,1935.0,Aino Aalto,1
85,kymenlaaksonmuseot.KarhE466:11,"['/Cover/Show?source=Solr&id=kymenlaaksonmuseot.KarhE466%3A11&index=0&size=large', '/Cover/Show?source=Solr&id=kymenlaaksonmuseot.KarhE466%3A11&index=1&size=large', '/Cover/Show?source=Solr&id=kymenlaaksonmuseot.KarhE466%3A11&index=2&size=large', '/Cover/Show?source=Solr&id=kymenlaaksonmuseot.KarhE466%3A11&index=3&size=large', '/Cover/Show?source=Solr&id=kymenlaaksonmuseot.KarhE466%3A11&index=4&size=large']","[{'name': 'Karhulan lasitehdas', 'role': 'valmistaja'}, {'name': 'Aino Aalto', 'role': 'suunnittelija'}]","[['lautaset (astiat)'], ['264 ruoan nauttiminen ruokailu'], ['323 perusraaka-aineiden jalostus keramiikka- ja lasiteollisuus'], ['1936 - 1936']]",lautanen; 4147,1935.0,Aino Aalto,1
86,kymenlaaksonmuseot.KarhE466:12,"['/Cover/Show?source=Solr&id=kymenlaaksonmuseot.KarhE466%3A12&index=0&size=large', '/Cover/Show?source=Solr&id=kymenlaaksonmuseot.KarhE466%3A12&index=1&size=large', '/Cover/Show?source=Solr&id=kymenlaaksonmuseot.KarhE466%3A12&index=2&size=large', '/Cover/Show?source=Solr&id=kymenlaaksonmuseot.KarhE466%3A12&index=3&size=large', '/Cover/Show?source=Solr&id=kymenlaaksonmuseot.KarhE466%3A12&index=4&size=large']","[{'name': 'Karhulan lasitehdas', 'role': 'valmistaja'}, {'name': 'Aino Aalto', 'role': 'suunnittelija'}]","[['lautaset (astiat)'], ['323 perusraaka-aineiden jalostus keramiikka- ja lasiteollisuus'], ['264 ruoan nauttiminen ruokailu'], ['1936 - 1936']]",lautanen; 4147,1935.0,Aino Aalto,1
87,kymenlaaksonmuseot.KarhE466:3,"['/Cover/Show?source=Solr&id=kymenlaaksonmuseot.KarhE466%3A3&index=0&size=large', '/Cover/Show?source=Solr&id=kymenlaaksonmuseot.KarhE466%3A3&index=1&size=large', '/Cover/Show?source=Solr&id=kymenlaaksonmuseot.KarhE466%3A3&index=2&size=large', '/Cover/Show?source=Solr&id=kymenlaaksonmuseot.KarhE466%3A3&index=3&size=large', '/Cover/Show?source=Solr&id=kymenlaaksonmuseot.KarhE466%3A3&index=4&size=large']","[{'name': 'Aino Aalto', 'role': 'suunnittelija'}, {'name': 'Karhulan lasitehdas', 'role': 'valmistaja'}]","[['juomalasit'], ['323 perusraaka-aineiden jalostus keramiikka- ja lasiteollisuus'], ['272 juomat'], ['huumaavat ja nautintoaineet juomat'], ['1936 - 1936']]",juomalasi; 4059,1935.0,Aino Aalto,1
88,kymenlaaksonmuseot.KarhE466:4,"['/Cover/Show?source=Solr&id=kymenlaaksonmuseot.KarhE466%3A4&index=0&size=large', '/Cover/Show?source=Solr&id=kymenlaaksonmuseot.KarhE466%3A4&index=1&size=large', '/Cover/Show?source=Solr&id=kymenlaaksonmuseot.KarhE466%3A4&index=2&size=large', '/Cover/Show?source=Solr&id=kymenlaaksonmuseot.KarhE466%3A4&index=3&size=large', '/Cover/Show?source=Solr&id=kymenlaaksonmuseot.KarhE466%3A4&index=4&size=large']","[{'name': 'Karhulan lasitehdas', 'role': 'valmistaja'}, {'name': 'Aino Aalto', 'role': 'suunnittelija'}]","[['maljat'], ['kulhot'], ['264 ruoan nauttiminen ruokailu'], ['323 perusraaka-aineiden jalostus keramiikka- ja lasiteollisuus'], ['1936 - 1936']]",kulho; 4328,1935.0,Aino Aalto,1
89,kymenlaaksonmuseot.KarhE466:5,"['/Cover/Show?source=Solr&id=kymenlaaksonmuseot.KarhE466%3A5&index=0&size=large', '/Cover/Show?source=Solr&id=kymenlaaksonmuseot.KarhE466%3A5&index=1&size=large', '/Cover/Show?source=Solr&id=kymenlaaksonmuseot.KarhE466%3A5&index=2&size=large', '/Cover/Show?source=Solr&id=kymenlaaksonmuseot.KarhE466%3A5&index=3&size=large', '/Cover/Show?source=Solr&id=kymenlaaksonmuseot.KarhE466%3A5&index=4&size=large']","[{'name': 'Aino Aalto', 'role': 'suunnittelija'}, {'name': 'Karhulan lasitehdas', 'role': 'valmistaja'}]","[['maljat'], ['kulhot'], ['323 perusraaka-aineiden jalostus keramiikka- ja lasiteollisuus'], ['264 ruoan nauttiminen ruokailu'], ['1936 - 1936']]",kulho; 4328,1935.0,Aino Aalto,1
90,kymenlaaksonmuseot.KarhE466:6,"['/Cover/Show?source=Solr&id=kymenlaaksonmuseot.KarhE466%3A6&index=0&size=large', '/Cover/Show?source=Solr&id=kymenlaaksonmuseot.KarhE466%3A6&index=1&size=large', '/Cover/Show?source=Solr&id=kymenlaaksonmuseot.KarhE466%3A6&index=2&size=large', '/Cover/Show?source=Solr&id=kymenlaaksonmuseot.KarhE466%3A6&index=3&size=large', '/Cover/Show?source=Solr&id=kymenlaaksonmuseot.KarhE466%3A6&index=4&size=large']","[{'name': 'Karhulan lasitehdas', 'role': 'valmistaja'}, {'name': 'Aino Aalto', 'role': 'suunnittelija'}]","[['lautaset (astiat)'], ['323 perusraaka-aineiden jalostus keramiikka- ja lasiteollisuus'], ['264 ruoan nauttiminen ruokailu'], ['1936 - 1936']]",lautanen; 4146,1935.0,Aino Aalto,1
91,kymenlaaksonmuseot.KarhE466:7,"['/Cover/Show?source=Solr&id=kymenlaaksonmuseot.KarhE466%3A7&index=0&size=large', '/Cover/Show?source=Solr&id=kymenlaaksonmuseot.KarhE466%3A7&index=1&size=large', '/Cover/Show?source=Solr&id=kymenlaaksonmuseot.KarhE466%3A7&index=2&size=large', '/Cover/Show?source=Solr&id=kymenlaaksonmuseot.KarhE466%3A7&index=3&size=large', '/Cover/Show?source=Solr&id=kymenlaaksonmuseot.KarhE466%3A7&index=4&size=large']","[{'name': 'Karhulan lasitehdas', 'role': 'valmistaja'}, {'name': 'Aino Aalto', 'role': 'suunnittelija'}]","[['lautaset (astiat)'], ['323 perusraaka-aineiden jalostus keramiikka- ja lasiteollisuus'], ['264 ruoan nauttiminen ruokailu'], ['1936 - 1936']]",lautanen; 4146,1935.0,Aino Aalto,1
92,kymenlaaksonmuseot.KarhE466:8,"['/Cover/Show?source=Solr&id=kymenlaaksonmuseot.KarhE466%3A8&index=0&size=large', '/Cover/Show?source=Solr&id=kymenlaaksonmuseot.KarhE466%3A8&index=1&size=large', '/Cover/Show?source=Solr&id=kymenlaaksonmuseot.KarhE466%3A8&index=2&size=large', '/Cover/Show?source=Solr&id=kymenlaaksonmuseot.KarhE466%3A8&index=3&size=large', '/Cover/Show?source=Solr&id=kymenlaaksonmuseot.KarhE466%3A8&index=4&size=large']","[{'name': 'Karhulan lasitehdas', 'role': 'valmistaja'}, {'name': 'Aino Aalto', 'role': 'suunnittelija'}]","[['lautaset (astiat)'], ['323 perusraaka-aineiden jalostus keramiikka- ja lasiteollisuus'], ['264 ruoan nauttiminen ruokailu'], ['1936 - 1936']]",lautanen; 4146,1935.0,Aino Aalto,1
93,kymenlaaksonmuseot.KarhE466:9,"['/Cover/Show?source=Solr&id=kymenlaaksonmuseot.KarhE466%3A9&index=0&size=large', '/Cover/Show?source=Solr&id=kymenlaaksonmuseot.KarhE466%3A9&index=1&size=large', '/Cover/Show?source=Solr&id=kymenlaaksonmuseot.KarhE466%3A9&index=2&size=large', '/Cover/Show?source=Solr&id=kymenlaaksonmuseot.KarhE466%3A9&index=3&size=large', '/Cover/Show?source=Solr&id=kymenlaaksonmuseot.KarhE466%3A9&index=4&size=large']","[{'name': 'Aino Aalto', 'role': 'suunnittelija'}, {'name': 'Karhulan lasitehdas', 'role': 'valmistaja'}]","[['lautaset (astiat)'], ['264 ruoan nauttiminen ruokailu'], ['323 perusraaka-aineiden jalostus keramiikka- ja lasiteollisuus'], ['1936 - 1936']]",lautanen; 4146,1935.0,Aino Aalto,1
94,kymenlaaksonmuseot.KarhE461:12,"['/Cover/Show?source=Solr&id=kymenlaaksonmuseot.KarhE461%3A12&index=0&size=large', '/Cover/Show?source=Solr&id=kymenlaaksonmuseot.KarhE461%3A12&index=1&size=large', '/Cover/Show?source=Solr&id=kymenlaaksonmuseot.KarhE461%3A12&index=2&size=large', '/Cover/Show?source=Solr&id=kymenlaaksonmuseot.KarhE461%3A12&index=3&size=large', '/Cover/Show?source=Solr&id=kymenlaaksonmuseot.KarhE461%3A12&index=4&size=large', '/Cover/Show?source=Solr&id=kymenlaaksonmuseot.KarhE461%3A12&index=5&size=large', '/Cover/Show?source=Solr&id=kymenlaaksonmuseot.KarhE461%3A12&index=6&size=large', '/Cover/Show?source=Solr&id=kymenlaaksonmuseot.KarhE461%3A12&index=7&size=large', '/Cover/Show?source=Solr&id=kymenlaaksonmuseot.KarhE461%3A12&index=8&size=large', '/Cover/Show?source=Solr&id=kymenlaaksonmuseot.KarhE461%3A12&index=9&size=large']","[{'name': 'Aino Aalto', 'role': 'suunnittelija'}, {'name': 'Karhulan lasitehdas', 'role': 'valmistaja'}]","[['juomalasit'], ['323 perusraaka-aineiden jalostus keramiikka- ja lasiteollisuus'], ['272 juomat'], ['huumaavat ja nautintoaineet juomat'], ['1936 - 1936']]",juomalasi; 4056; Bölgeblick; Aalto,1945.0,Aino Aalto,1
95,kymenlaaksonmuseot.KarhE461:22,"['/Cover/Show?source=Solr&id=kymenlaaksonmuseot.KarhE461%3A22&index=0&size=large', '/Cover/Show?source=Solr&id=kymenlaaksonmuseot.KarhE461%3A22&index=1&size=large', '/Cover/Show?source=Solr&id=kymenlaaksonmuseot.KarhE461%3A22&index=2&size=large', '/Cover/Show?source=Solr&id=kymenlaaksonmuseot.KarhE461%3A22&index=3&size=large', '/Cover/Show?source=Solr&id=kymenlaaksonmuseot.KarhE461%3A22&index=4&size=large']","[{'name': 'Karhulan lasitehdas', 'role': 'valmistaja'}, {'name': 'Aino Aalto', 'role': 'suunnittelija'}]","[['kannut'], ['kaatimet'], ['272 juomat'], ['huumaavat ja nautintoaineet juomat'], ['323 perusraaka-aineiden jalostus keramiikka- ja lasiteollisuus'], ['1936 - 1936']]",kaadin; 4644; Bölgeblick; Aalto,1945.0,Aino Aalto,1
96,alvaraalto.aam-118566,['/Cover/Show?source=Solr&id=alvaraalto.aam-118566&index=0&size=large'],"[{'name': 'Aino Aalto', 'role': 'Suunnittelija'}, {'name': 'Cariitti Oy Valaisinpaja, Munkinmäentie 9, 02400 KIRKKONUMMI', 'role': 'Valmistaja'}]",[],"kattovalaisin, riippuvalaisin",2006.0,Aino Aalto,1
97,alvaraalto.aam-116704,"['/Cover/Show?source=Solr&id=alvaraalto.aam-116704&index=0&size=large', '/Cover/Show?source=Solr&id=alvaraalto.aam-116704&index=1&size=large', '/Cover/Show?source=Solr&id=alvaraalto.aam-116704&index=2&size=large']","[{'name': 'Aino Aalto', 'role': 'Suunnittelija'}, {'name': 'Ekwall Oy, Pori', 'role': 'Valmistaja'}]",[],nojatuoli,,Aino Aalto,1
98,alvaraalto.aam-116723,['/Cover/Show?source=Solr&id=alvaraalto.aam-116723&index=0&size=large'],"[{'name': 'Aino Aalto', 'role': 'Suunnittelija'}, {'name': 'O.Y. Huonekalu- ja Rakennustyötehdas A.B.', 'role': 'Valmistaja'}]",[],"ruokapöydän tuoli, pikkutuoli",,Aino Aalto,1
99,alvaraalto.aam-116804,['/Cover/Show?source=Solr&id=alvaraalto.aam-116804&index=0&size=large'],"[{'name': 'Aino Aalto', 'role': 'Suunnittelija'}]",[],lastensänky,,Aino Aalto,1
100,alvaraalto.aam-116945,"['/Cover/Show?source=Solr&id=alvaraalto.aam-116945&index=0&size=large', '/Cover/Show?source=Solr&id=alvaraalto.aam-116945&index=1&size=large']","[{'name': 'Aino Aalto', 'role': 'Suunnittelija'}, {'name': 'Karhulan lasitehdas', 'role': 'Valmistaja'}]",[],"leikkeletarjotin ""Maija""",,Aino Aalto,1
101,alvaraalto.aam-117057,"['/Cover/Show?source=Solr&id=alvaraalto.aam-117057&index=0&size=large', '/Cover/Show?source=Solr&id=alvaraalto.aam-117057&index=1&size=large', '/Cover/Show?source=Solr&id=alvaraalto.aam-117057&index=2&size=large']","[{'name': 'Aino Aalto', 'role': 'Suunnittelija'}]",[],"painokangas, ""Lehti""",,Aino Aalto,1
102,alvaraalto.aam-117590,['/Cover/Show?source=Solr&id=alvaraalto.aam-117590&index=0&size=large'],"[{'name': 'Aino Aalto', 'role': 'Suunnittelija'}, {'name': 'O.Y. Huonekalu- ja Rakennustyötehdas A.B.', 'role': 'Valmistaja'}]",[],Jokamiehen kirjoituspöytä,,Aino Aalto,1
103,alvaraalto.aam-117648,"['/Cover/Show?source=Solr&id=alvaraalto.aam-117648&index=0&size=large', '/Cover/Show?source=Solr&id=alvaraalto.aam-117648&index=1&size=large']","[{'name': 'Aino Aalto', 'role': 'Suunnittelija'}]",[],tuoli,,Aino Aalto,1
104,alvaraalto.aam-117652,"['/Cover/Show?source=Solr&id=alvaraalto.aam-117652&index=0&size=large', '/Cover/Show?source=Solr&id=alvaraalto.aam-117652&index=1&size=large']","[{'name': 'Aino Aalto', 'role': 'Suunnittelija'}, {'name': 'O.Y. Huonekalu- ja Rakennustyötehdas A.B.', 'role': 'Valmistaja'}]",[],nojatuoli,,Aino Aalto,1
106,heinolanmuseo.hkm-100203,['/Cover/Show?source=Solr&id=heinolanmuseo.hkm-100203&index=0&size=large'],"[{'name': 'Aalto Aino', 'role': 'Suunnittelija'}, {'name': 'Riihimäen lasitehdas', 'role': 'Valmistaja'}]","[['juomalasit'], ['pikarit']]",pikari; Bölgeblick,,Aino Aalto,1
107,heinolanmuseo.hkm-100204,['/Cover/Show?source=Solr&id=heinolanmuseo.hkm-100204&index=0&size=large'],"[{'name': 'Aalto Aino', 'role': 'Suunnittelija'}, {'name': 'Iittala', 'role': 'Valmistaja'}]","[['käyttöesineet'], ['lautaset (astiat)']]",lautanen; Bölgeblick,,Aino Aalto,1
108,heinolanmuseo.hkm-93527,['/Cover/Show?source=Solr&id=heinolanmuseo.hkm-93527&index=0&size=large'],"[{'name': 'Aalto Aino', 'role': 'Suunnittelija'}, {'name': 'Karhulan Lasi Oy', 'role': 'Valmistaja'}]","[['Juomalasit'], ['Astiat']]",juomalasi; Bölgeblick,,Aino Aalto,1
109,lahdenmuseo.lkm-92424,"['/Cover/Show?source=Solr&id=lahdenmuseo.lkm-92424&index=0&size=large', '/Cover/Show?source=Solr&id=lahdenmuseo.lkm-92424&index=1&size=large', '/Cover/Show?source=Solr&id=lahdenmuseo.lkm-92424&index=2&size=large']","[{'name': 'Aarnio Eero', 'role': 'Suunnittelija'}, {'name': 'Aarnio Eero', 'role': 'Suunnittelija'}, {'name': 'Sokeva Oy', 'role': 'Valmistaja'}]","[['Jakkarat'], ['Tuolit'], ['Huonekalut'], ['1960']]",Tuoli Juttujakkara; jakkara,1960.0,Eero Aarnio,3
110,lahdenmuseo.lkm-56551,['/Cover/Show?source=Solr&id=lahdenmuseo.lkm-56551&index=0&size=large'],"[{'name': 'Aarnio Eero', 'role': 'Suunnittelija'}, {'name': 'Asko Oy', 'role': 'Valmistaja'}]","[['huonekalusuunnittelu'], ['Tuolit'], ['Huonekalut']]","Tuoli Bertil; julkisen tilan tuoli; Bertil nro 2115, nro 08004",1965.0,Eero Aarnio,3
111,urheilumuseo.167079314595700,"['/Cover/Show?source=Solr&id=urheilumuseo.167079314595700&index=0&size=large', '/Cover/Show?source=Solr&id=urheilumuseo.167079314595700&index=1&size=large', '/Cover/Show?source=Solr&id=urheilumuseo.167079314595700&index=2&size=large', '/Cover/Show?source=Solr&id=urheilumuseo.167079314595700&index=3&size=large']","[{'name': 'Eero Aarnio', 'role': 'suunnittelija'}]","[['pallopelit'], ['mailapelit'], ['muut pallopelit'], ['jääkiekko'], ['jääpallo'], ['koripallo'], ['jalkapallo'], ['käyttöaika\n\t\t\t\t\t\t\n\t\t\t\t\t\t1965\n\t\t\t\t\t\t\n\t\t\t\t\t\tLoppuvuosi: 1993?']]",mitali; palkintomitali,1965.0,Eero Aarnio,3
112,urheilumuseo.167079315016600,"['/Cover/Show?source=Solr&id=urheilumuseo.167079315016600&index=0&size=large', '/Cover/Show?source=Solr&id=urheilumuseo.167079315016600&index=1&size=large', '/Cover/Show?source=Solr&id=urheilumuseo.167079315016600&index=2&size=large', '/Cover/Show?source=Solr&id=urheilumuseo.167079315016600&index=3&size=large']","[{'name': 'Eero Aarnio', 'role': 'suunnittelija'}]","[['pallopelit'], ['mailapelit'], ['muut pallopelit'], ['jääkiekko'], ['jääpallo'], ['jalkapallo'], ['koripallo'], ['käyttöaika\n\t\t\t\t\t\t\n\t\t\t\t\t\t1965\n\t\t\t\t\t\t\n\t\t\t\t\t\tLoppuvuosi: 1993?']]",palkintomitali; mitali,1965.0,Eero Aarnio,3
113,hkm.537F2181-CB91-41F0-8E28-4FD59277D06A,['/Cover/Show?source=Solr&id=hkm.537F2181-CB91-41F0-8E28-4FD59277D06A&index=0&size=large'],"[{'name': 'Asko', 'role': 'valmistaja', 'id': 'http://urn.fi/URN:NBN:fi:au:finaf:000000228'}, {'name': 'Aarnio, Eero', 'role': 'suunnittelija', 'id': 'https://isni.org/isni/0000000103503189'}]","[['huonekalut'], ['istuimet'], ['tuolit'], ['futurismi'], ['modernismi'], ['sisustus'], ['muotoilu'], ['lasikuidut'], ['lahjat'], ['syntymäpäivät'], ['käyttöaika 1972-1982']]",tuoli; Pallotuoli nro 08702,1966.0,Eero Aarnio,3
114,hkm.DA20F1DB-6F1E-4C18-8A4E-7B69A967DEC5,['/Cover/Show?source=Solr&id=hkm.DA20F1DB-6F1E-4C18-8A4E-7B69A967DEC5&index=0&size=large'],"[{'name': 'Asko', 'role': 'valmistaja', 'id': 'http://urn.fi/URN:NBN:fi:au:finaf:000000228'}, {'name': 'Aarnio, Eero', 'role': 'muotoilija', 'id': 'https://isni.org/isni/0000000103503189'}, {'name': 'UPO osakeyhtiö', 'role': 'valmistaja', 'id': 'http://urn.fi/URN:NBN:fi:au:finaf:000008077'}]","[['huonekalut'], ['tuolit'], ['kalusteet'], ['istuimet'], ['hotellit'], ['matkustajakodit'], ['majoitusliikkeet'], ['käyttöaika - 1988']]",tuoli; Polaris,1966.0,Eero Aarnio,3
115,hkm.DCD3D5FE-950D-4DB4-8F73-3D3420BD2E0E,['/Cover/Show?source=Solr&id=hkm.DCD3D5FE-950D-4DB4-8F73-3D3420BD2E0E&index=0&size=large'],"[{'name': 'Asko', 'role': 'valmistaja', 'id': 'http://urn.fi/URN:NBN:fi:au:finaf:000000228'}, {'name': 'Aarnio, Eero', 'role': 'suunnittelija', 'id': 'https://isni.org/isni/0000000103503189'}]","[['huonekalut'], ['istuimet'], ['tuolit'], ['futurismi'], ['modernismi'], ['sisustus'], ['muotoilu'], ['lasikuidut'], ['lahjat'], ['käyttöaika 1972-1982']]",tuoli; Pallotuoli nro 08702,1966.0,Eero Aarnio,3
116,werstas.we-1215116,"['/Cover/Show?source=Solr&id=werstas.we-1215116&index=0&size=large', '/Cover/Show?source=Solr&id=werstas.we-1215116&index=1&size=large']","[{'name': 'Hannunen, Antti', 'role': 'Valokuvaaja'}, {'name': 'Eero Aarnio/Asko', 'role': 'Tekijä'}]","[['muotoilu'], ['istuimet'], ['työväentalot'], ['muotoilijat']]",Tuoli; Polaris-tuoli,1966.0,Eero Aarnio,3
117,werstas.we-1215124,"['/Cover/Show?source=Solr&id=werstas.we-1215124&index=0&size=large', '/Cover/Show?source=Solr&id=werstas.we-1215124&index=1&size=large']","[{'name': 'Hannunen, Antti', 'role': 'Valokuvaaja'}, {'name': 'Eero Aarnio/Asko', 'role': 'Tekijä'}]","[['muotoilu'], ['istuimet'], ['työväentalot'], ['muotoilijat']]",Tuoli; Polaris-tuoli,1966.0,Eero Aarnio,3
118,lahdenmuseo.lkm-825,['/Cover/Show?source=Solr&id=lahdenmuseo.lkm-825&index=0&size=large'],"[{'name': 'Aarnio Eero', 'role': 'Suunnittelija'}, {'name': 'Asko Oy', 'role': 'Valmistaja'}]","[['lasikuidut'], ['Muotoilu'], ['lujitemuovi'], ['Nojatuolit'], ['Tuolit'], ['Muovituotteet'], ['Huonekalut'], ['Muovi'], ['1966']]","Tuoli Konjakkituoli, V.S.O.P.; Konjakkituoli, V.S.O.P., nro 08037",1967.0,Eero Aarnio,3
119,lahdenmuseo.lkm-752,"['/Cover/Show?source=Solr&id=lahdenmuseo.lkm-752&index=0&size=large', '/Cover/Show?source=Solr&id=lahdenmuseo.lkm-752&index=1&size=large', '/Cover/Show?source=Solr&id=lahdenmuseo.lkm-752&index=2&size=large']","[{'name': 'Aarnio Eero', 'role': 'Suunnittelija'}, {'name': 'Artekno Oy', 'role': 'Valmistaja'}, {'name': 'Asko Oy', 'role': 'Valmistaja'}]","[['Muotoilu'], ['lasikuidut'], ['lujitemuovi'], ['Ruokapöydät'], ['Pöydät'], ['Huonekalut'], ['Muovituotteet'], ['Muovi'], ['1967']]",Ruokapöytä Kantarelli; Kantarelli nro 14036,1968.0,Eero Aarnio,3
120,lahdenmuseo.lkm-83450,"['/Cover/Show?source=Solr&id=lahdenmuseo.lkm-83450&index=0&size=large', '/Cover/Show?source=Solr&id=lahdenmuseo.lkm-83450&index=1&size=large', '/Cover/Show?source=Solr&id=lahdenmuseo.lkm-83450&index=2&size=large', '/Cover/Show?source=Solr&id=lahdenmuseo.lkm-83450&index=3&size=large', '/Cover/Show?source=Solr&id=lahdenmuseo.lkm-83450&index=4&size=large', '/Cover/Show?source=Solr&id=lahdenmuseo.lkm-83450&index=5&size=large', '/Cover/Show?source=Solr&id=lahdenmuseo.lkm-83450&index=6&size=large', '/Cover/Show?source=Solr&id=lahdenmuseo.lkm-83450&index=7&size=large']","[{'name': 'Aarnio Eero', 'role': 'Suunnittelija'}, {'name': 'Artekno Oy', 'role': 'Valmistaja'}, {'name': 'Asko Oy', 'role': 'Valmistaja'}]","[['lujitemuovi'], ['huonekalusuunnittelu'], ['nojatuolit'], ['muovituotteet'], ['Tuolit'], ['Huonekalut']]",Pallotuoli; Pallotuoli nro 08702,1968.0,Eero Aarnio,3
121,lahdenmuseo.lkm-862,"['/Cover/Show?source=Solr&id=lahdenmuseo.lkm-862&index=0&size=large', '/Cover/Show?source=Solr&id=lahdenmuseo.lkm-862&index=1&size=large', '/Cover/Show?source=Solr&id=lahdenmuseo.lkm-862&index=2&size=large', '/Cover/Show?source=Solr&id=lahdenmuseo.lkm-862&index=3&size=large', '/Cover/Show?source=Solr&id=lahdenmuseo.lkm-862&index=4&size=large', '/Cover/Show?source=Solr&id=lahdenmuseo.lkm-862&index=5&size=large', '/Cover/Show?source=Solr&id=lahdenmuseo.lkm-862&index=6&size=large', '/Cover/Show?source=Solr&id=lahdenmuseo.lkm-862&index=7&size=large', '/Cover/Show?source=Solr&id=lahdenmuseo.lkm-862&index=8&size=large']","[{'name': 'Aarnio Eero', 'role': 'Suunnittelija'}, {'name': 'Artekno Oy', 'role': 'Valmistaja'}, {'name': 'Asko Oy', 'role': 'Valmistaja'}]","[['lasikuidut'], ['lujitemuovi'], ['Muovituotteet'], ['Nojatuolit'], ['Tuolit'], ['Huonekalut'], ['Muovi'], ['1967']]",Tuoli Pastilli; Pastilli nro 02009,1968.0,Eero Aarnio,3
122,lahdenmuseo.lkm-32649,"['/Cover/Show?source=Solr&id=lahdenmuseo.lkm-32649&index=0&size=large', '/Cover/Show?source=Solr&id=lahdenmuseo.lkm-32649&index=1&size=large', '/Cover/Show?source=Solr&id=lahdenmuseo.lkm-32649&index=2&size=large', '/Cover/Show?source=Solr&id=lahdenmuseo.lkm-32649&index=3&size=large', '/Cover/Show?source=Solr&id=lahdenmuseo.lkm-32649&index=4&size=large', '/Cover/Show?source=Solr&id=lahdenmuseo.lkm-32649&index=5&size=large']","[{'name': 'Aarnio Eero', 'role': 'Suunnittelija'}, {'name': 'Asko-Upo Oy', 'role': 'Valmistaja'}]","[['Huonekalut'], ['Muovituotteet'], ['Tuolit']]",Tuoli Polaris; kuppituoli; Polaris nro 08059,1970.0,Eero Aarnio,3
123,lahdenmuseo.lkm-821,"['/Cover/Show?source=Solr&id=lahdenmuseo.lkm-821&index=0&size=large', '/Cover/Show?source=Solr&id=lahdenmuseo.lkm-821&index=1&size=large', '/Cover/Show?source=Solr&id=lahdenmuseo.lkm-821&index=2&size=large']","[{'name': 'Aarnio Eero', 'role': 'Suunnittelija'}, {'name': 'Asko Oy', 'role': 'Valmistaja'}, {'name': 'Askon Tehtaat Oy', 'role': 'Valmistaja'}]","[['huonekalut'], ['tuolit'], ['muotoilu'], ['huonekalusuunnittelu'], ['1965']]",Tuoli Kapteenintuoli; nro 04055,1970.0,Eero Aarnio,3
124,lahdenmuseo.lkm-863,"['/Cover/Show?source=Solr&id=lahdenmuseo.lkm-863&index=0&size=large', '/Cover/Show?source=Solr&id=lahdenmuseo.lkm-863&index=1&size=large', '/Cover/Show?source=Solr&id=lahdenmuseo.lkm-863&index=2&size=large', '/Cover/Show?source=Solr&id=lahdenmuseo.lkm-863&index=3&size=large']","[{'name': 'Aarnio Eero', 'role': 'Suunnittelija'}, {'name': 'Asko Oy', 'role': 'Valmistaja'}]","[['puhallustekniikat'], ['Muotoilu'], ['Nojatuolit'], ['Muovituotteet'], ['Muovi'], ['Tuolit'], ['Huonekalut'], ['1968']]","Tuoli Bing-Bong; Kuplatuoli, Bing-Bong nro 04088",1970.0,Eero Aarnio,3
125,lahdenmuseo.lkm-864,"['/Cover/Show?source=Solr&id=lahdenmuseo.lkm-864&index=0&size=large', '/Cover/Show?source=Solr&id=lahdenmuseo.lkm-864&index=1&size=large', '/Cover/Show?source=Solr&id=lahdenmuseo.lkm-864&index=2&size=large', '/Cover/Show?source=Solr&id=lahdenmuseo.lkm-864&index=3&size=large', '/Cover/Show?source=Solr&id=lahdenmuseo.lkm-864&index=4&size=large', '/Cover/Show?source=Solr&id=lahdenmuseo.lkm-864&index=5&size=large', '/Cover/Show?source=Solr&id=lahdenmuseo.lkm-864&index=6&size=large']","[{'name': 'Hirvisalo Saara', 'role': 'Suunnittelija'}, {'name': 'Aarnio Eero', 'role': 'Suunnittelija'}, {'name': 'Asko Oy', 'role': 'Valmistaja'}, {'name': 'Tikkurilan Silkki Oy', 'role': 'Valmistaja'}, {'name': 'Asko-Yhtymä', 'role': 'Valmistaja'}]","[['ruokailutilat'], ['Ruokailuhuoneet'], ['Ruokailuryhmät'], ['huonekalusuunnittelu'], ['huonekalut'], ['muotoilu'], ['tuolit'], ['1970']]",Tuoli Flamingo; nro 01041,1970.0,Eero Aarnio,3
126,nurmijarvi_mui.mui-71651,"['/Cover/Show?source=Solr&id=nurmijarvi_mui.mui-71651&index=0&size=large', '/Cover/Show?source=Solr&id=nurmijarvi_mui.mui-71651&index=1&size=large', '/Cover/Show?source=Solr&id=nurmijarvi_mui.mui-71651&index=2&size=large']","[{'name': 'Eero Aarnio', 'role': 'Suunnittelija'}, {'name': 'Asko Oy', 'role': 'Valmistaja'}]","[['huonekalut'], ['tuolit'], ['sisustus (elottomat fyysiset kokonaisuudet'], ['fyysiset kokonaisuudet'], ['sisustus'], ['toisenlaiseksi muuttam'], ['istuimet']]",Tuoli; Polaris-tuoli; Eero Aarnio,1970.0,Eero Aarnio,3
127,nurmijarvi_mui.mui-71664,"['/Cover/Show?source=Solr&id=nurmijarvi_mui.mui-71664&index=0&size=large', '/Cover/Show?source=Solr&id=nurmijarvi_mui.mui-71664&index=1&size=large', '/Cover/Show?source=Solr&id=nurmijarvi_mui.mui-71664&index=2&size=large']","[{'name': 'Eero Aarnio', 'role': 'Suunnittelija'}, {'name': 'Asko Oy', 'role': 'Valmistaja'}]","[['huonekalut'], ['tuolit'], ['sisustus (elottomat fyysiset kokonaisuudet'], ['fyysiset kokonaisuudet'], ['sisustus'], ['toisenlaiseksi muuttam'], ['istuimet']]",Tuoli; Polaris-tuoli; Eero Aarnio,1970.0,Eero Aarnio,3
128,lahdenmuseo.lkm-460762,"['/Cover/Show?source=Solr&id=lahdenmuseo.lkm-460762&index=0&size=large', '/Cover/Show?source=Solr&id=lahdenmuseo.lkm-460762&index=1&size=large', '/Cover/Show?source=Solr&id=lahdenmuseo.lkm-460762&index=2&size=large', '/Cover/Show?source=Solr&id=lahdenmuseo.lkm-460762&index=3&size=large', '/Cover/Show?source=Solr&id=lahdenmuseo.lkm-460762&index=4&size=large', '/Cover/Show?source=Solr&id=lahdenmuseo.lkm-460762&index=5&size=large']","[{'name': 'Aarnio Eero', 'role': 'Suunnittelija'}, {'name': 'Asko Oy', 'role': 'Valmistaja'}]","[['sängyt'], ['huonekalut'], ['1970']]",Sänky Abakus; parivuode; nro 33030,1971.0,Eero Aarnio,3
129,lahdenmuseo.lkm-83457,"['/Cover/Show?source=Solr&id=lahdenmuseo.lkm-83457&index=0&size=large', '/Cover/Show?source=Solr&id=lahdenmuseo.lkm-83457&index=1&size=large', '/Cover/Show?source=Solr&id=lahdenmuseo.lkm-83457&index=2&size=large', '/Cover/Show?source=Solr&id=lahdenmuseo.lkm-83457&index=3&size=large']","[{'name': 'Aarnio Eero', 'role': 'Suunnittelija'}, {'name': 'Asko Oy', 'role': 'Valmistaja'}]","[['muovituotteet'], ['muovi'], ['tuolit'], ['huonekalut'], ['lasikuidut'], ['1967']]",Tuoli Orion; julkisen tilan tuoli; Orion nro 08086,1971.0,Eero Aarnio,3
130,lahdenmuseo.lkm-754,"['/Cover/Show?source=Solr&id=lahdenmuseo.lkm-754&index=0&size=large', '/Cover/Show?source=Solr&id=lahdenmuseo.lkm-754&index=1&size=large', '/Cover/Show?source=Solr&id=lahdenmuseo.lkm-754&index=2&size=large', '/Cover/Show?source=Solr&id=lahdenmuseo.lkm-754&index=3&size=large', '/Cover/Show?source=Solr&id=lahdenmuseo.lkm-754&index=4&size=large']","[{'name': 'Aarnio Eero', 'role': 'Suunnittelija'}, {'name': 'Asko Oy', 'role': 'Valmistaja'}, {'name': 'Artekno Oy', 'role': 'Valmistaja'}]","[['Muotoilu'], ['lasikuidut'], ['lujitemuovi'], ['Muovi'], ['Muovituotteet'], ['Nojatuolit'], ['Tuolit'], ['Huonekalut'], ['1972']]",Tuoli Tomaatti; Tomaatti nro 04309,1972.0,Eero Aarnio,3
131,lahdenmuseo.lkm-31768,"['/Cover/Show?source=Solr&id=lahdenmuseo.lkm-31768&index=0&size=large', '/Cover/Show?source=Solr&id=lahdenmuseo.lkm-31768&index=1&size=large', '/Cover/Show?source=Solr&id=lahdenmuseo.lkm-31768&index=2&size=large']","[{'name': 'Aarnio Eero', 'role': 'Suunnittelija'}, {'name': 'Asko Oy', 'role': 'Valmistaja'}]","[['Huonekalut'], ['Tuolit']]",Tuoli Pop-Polaris; Pop-Polaris nro 08093,1973.0,Eero Aarnio,3
132,lahdenmuseo.lkm-31770,"['/Cover/Show?source=Solr&id=lahdenmuseo.lkm-31770&index=0&size=large', '/Cover/Show?source=Solr&id=lahdenmuseo.lkm-31770&index=1&size=large', '/Cover/Show?source=Solr&id=lahdenmuseo.lkm-31770&index=2&size=large']","[{'name': 'Aarnio Eero', 'role': 'Suunnittelija'}, {'name': 'Asko Oy', 'role': 'Valmistaja'}]","[['muovi'], ['Tuolit'], ['Huonekalut']]",Tuoli Pop-Polaris; Pop-Polaris nro 08093,1973.0,Eero Aarnio,3
133,lahdenmuseo.lkm-858,"['/Cover/Show?source=Solr&id=lahdenmuseo.lkm-858&index=0&size=large', '/Cover/Show?source=Solr&id=lahdenmuseo.lkm-858&index=1&size=large', '/Cover/Show?source=Solr&id=lahdenmuseo.lkm-858&index=2&size=large', '/Cover/Show?source=Solr&id=lahdenmuseo.lkm-858&index=3&size=large', '/Cover/Show?source=Solr&id=lahdenmuseo.lkm-858&index=4&size=large', '/Cover/Show?source=Solr&id=lahdenmuseo.lkm-858&index=5&size=large', '/Cover/Show?source=Solr&id=lahdenmuseo.lkm-858&index=6&size=large', '/Cover/Show?source=Solr&id=lahdenmuseo.lkm-858&index=7&size=large']","[{'name': 'Aarnio Eero', 'role': 'Suunnittelija'}, {'name': 'Asko Oy', 'role': 'Valmistaja'}, {'name': 'Asko-Yhtymä', 'role': 'Valmistaja'}]","[['Tuolit'], ['Huonekalut'], ['1973']]",Tuoli Mustang; Mustang nro 04319,1973.0,Eero Aarnio,3
134,lahdenmuseo.lkm-84478,['/Cover/Show?source=Solr&id=lahdenmuseo.lkm-84478&index=0&size=large'],"[{'name': 'Aarnio Eero', 'role': 'Suunnittelija'}, {'name': 'Asko-Upo Oy', 'role': 'Valmistaja'}, {'name': 'Upo Oy', 'role': 'Valmistaja'}]","[['muovituotteet'], ['Muovi'], ['Tuolit'], ['Huonekalut'], ['1972']]",Tuoli Upo 23; Upo-tuoli,1976.0,Eero Aarnio,3
135,lahdenmuseo.lkm-83933,"['/Cover/Show?source=Solr&id=lahdenmuseo.lkm-83933&index=0&size=large', '/Cover/Show?source=Solr&id=lahdenmuseo.lkm-83933&index=1&size=large', '/Cover/Show?source=Solr&id=lahdenmuseo.lkm-83933&index=2&size=large', '/Cover/Show?source=Solr&id=lahdenmuseo.lkm-83933&index=3&size=large', '/Cover/Show?source=Solr&id=lahdenmuseo.lkm-83933&index=4&size=large', '/Cover/Show?source=Solr&id=lahdenmuseo.lkm-83933&index=5&size=large', '/Cover/Show?source=Solr&id=lahdenmuseo.lkm-83933&index=6&size=large']","[{'name': 'Aarnio Eero', 'role': 'Suunnittelija'}, {'name': 'Upo Oy', 'role': 'Valmistaja'}, {'name': 'Asko-Upo Oy', 'role': 'Valmistaja'}]","[['muovituotteet'], ['Muovi'], ['Tuolit'], ['Huonekalut'], ['1972']]",Tuoli Upo 23; Upo-tuoli,1986.0,Eero Aarnio,3
136,lahdenmuseo.lkm-1387,"['/Cover/Show?source=Solr&id=lahdenmuseo.lkm-1387&index=0&size=large', '/Cover/Show?source=Solr&id=lahdenmuseo.lkm-1387&index=1&size=large', '/Cover/Show?source=Solr&id=lahdenmuseo.lkm-1387&index=2&size=large']","[{'name': 'Aarnio Eero', 'role': 'Suunnittelija'}, {'name': 'Upo Oy', 'role': 'Valmistaja'}, {'name': 'Asko-Upo Oy', 'role': 'Valmistaja'}]","[['Muotoilu'], ['Muovituotteet'], ['Muovi'], ['Huonekalut'], ['Tuolit'], ['1972']]",Tuoli Upo 23; Upo 23; U-023,1987.0,Eero Aarnio,3
137,lahdenmuseo.lkm-94565,"['/Cover/Show?source=Solr&id=lahdenmuseo.lkm-94565&index=0&size=large', '/Cover/Show?source=Solr&id=lahdenmuseo.lkm-94565&index=1&size=large', '/Cover/Show?source=Solr&id=lahdenmuseo.lkm-94565&index=2&size=large', '/Cover/Show?source=Solr&id=lahdenmuseo.lkm-94565&index=3&size=large', '/Cover/Show?source=Solr&id=lahdenmuseo.lkm-94565&index=4&size=large', '/Cover/Show?source=Solr&id=lahdenmuseo.lkm-94565&index=5&size=large']","[{'name': 'Aarnio Eero', 'role': 'Suunnittelija'}, {'name': 'Martela Oy', 'role': 'Valmistaja'}]","[['Tuolit'], ['Julkiset tilat'], ['Huonekalut'], ['1993-1994']]",Tuoli Savoy I; julkisen tilan tuoli; Savoy I nro 242A,1995.0,Eero Aarnio,3
138,leikki.167905716209800,['/Cover/Show?source=Solr&id=leikki.167905716209800&index=0&size=large'],"[{'name': 'Melaja Oy', 'role': 'valmistaja'}, {'name': 'Eero Aarnio', 'role': 'suunnittelija'}]","[['leikkikalut'], ['eläinlelut'], ['eläimet'], ['dinosaurukset']]",dinosaurus; Dino; leikkikalu; lelu,2000.0,Eero Aarnio,3
139,leikki.167905716721300,['/Cover/Show?source=Solr&id=leikki.167905716721300&index=0&size=large'],"[{'name': 'Plastex Oy', 'role': 'valmistaja'}, {'name': 'Eero Aarnio', 'role': 'suunnittelija'}]","[['eläimet'], ['eläinlelut'], ['leikkikalut'], ['koirat']]",lelu; Doggy-rakennuspalikat; leikkikalu; rakennuspalikat,2009.0,Eero Aarnio,3
140,leikki.167905717404200,['/Cover/Show?source=Solr&id=leikki.167905717404200&index=0&size=large'],"[{'name': 'Melaja Oy', 'role': 'valmistaja'}, {'name': 'Eero Aarnio', 'role': 'suunnittelija'}]","[['eläimet'], ['eläinlelut'], ['leikkikalut'], ['koirat']]",koira; Wuff; leikkikalu; lelu,2011.0,Eero Aarnio,3
141,leikki.167905717987900,['/Cover/Show?source=Solr&id=leikki.167905717987900&index=0&size=large'],"[{'name': 'Melaja Oy', 'role': 'valmistaja'}, {'name': 'Eero Aarnio', 'role': 'suunnittelija'}]","[['eläimet'], ['eläinlelut'], ['leikkikalut'], ['ponit']]",Pony; Mini Poni; leikkikalu; lelu; poni,2011.0,Eero Aarnio,3
142,leikki.167905734104500,['/Cover/Show?source=Solr&id=leikki.167905734104500&index=0&size=large'],"[{'name': 'Kaj Franck', 'role': 'suunnittelija'}]","[['leikkikalut'], ['puunuket'], ['figuurit'], ['puuesineet']]",Toto-nukke; leikkikalu; lelu; nukke; puunukke,1940.0,Kaj Franck,8
143,leikki.176129097191900,"['/Cover/Show?source=Solr&id=leikki.176129097191900&index=0&size=large', '/Cover/Show?source=Solr&id=leikki.176129097191900&index=1&size=large']","[{'name': 'Kaj Franck', 'role': 'suunnittelija'}]","[['nuket'], ['puuesineet'], ['muotoilu'], ['leikkikalut'], ['puulelut'], ['kansanpuvut'], ['käyttöaika\n\t\t\t\t\t\t\n\t\t\t\t\t\t1945\n\t\t\t\t\t\t -  2023']]",Toto-nukke; nukke; leikkikalu,1945.0,Kaj Franck,8
144,tmk.161027538383700,"['/Cover/Show?source=Solr&id=tmk.161027538383700&index=0&size=large', '/Cover/Show?source=Solr&id=tmk.161027538383700&index=1&size=large']","[{'name': 'Iittala', 'role': 'valmistaja'}, {'name': 'Kaj Franck', 'role': 'suunnittelija'}]","[['tupakointi'], ['astiat'], ['koriste-esineet']]",kulho; lasikulho; tuhkakuppi,1947.0,Kaj Franck,8
145,ksm.163006153460900,['/Cover/Show?source=Solr&id=ksm.163006153460900&index=0&size=large'],"[{'name': 'Kaj Franck', 'role': 'suunnittelija'}, {'name': 'Arabia', 'role': 'valmistaja'}]","[['astiat'], ['kannut'], ['kaatimet'], ['muotoilu'], ['1961-2016 käyttöaika']]",Arabia Kilta kaadin; kannu; kaadin,1948.0,Kaj Franck,8
146,hkm.4B1A5EA4-152F-40FD-8AFE-1B53C42EB7AB,['/Cover/Show?source=Solr&id=hkm.4B1A5EA4-152F-40FD-8AFE-1B53C42EB7AB&index=0&size=large'],"[{'name': 'Arabia', 'role': 'valmistaja', 'id': 'https://isni.org/isni/0000000474635201'}, {'name': 'Franck, Kaj', 'role': 'muotoilija', 'id': 'https://isni.org/isni/0000000110513983'}]","[['juomat'], ['kahvi'], ['kattaus'], ['astiat']]",kuppipari; kahvikuppi ja lautanen; Sointu,1949.0,Kaj Franck,8
147,kuhmu.166E7A5D3F2306AA6CA839EDA1EE4DFB,['/Cover/Show?source=Solr&id=kuhmu.166E7A5D3F2306AA6CA839EDA1EE4DFB&index=0&size=large'],"[{'name': 'Franck, Kaj', 'role': 'suunnittelija'}, {'name': 'Arabia', 'role': 'valmistaja'}]","[['astiat'], ['teekupit'], ['teeastiat']]",Kuppipari,1949.0,Kaj Franck,8
148,tmk.160988559702900,"['/Cover/Show?source=Solr&id=tmk.160988559702900&index=0&size=large', '/Cover/Show?source=Solr&id=tmk.160988559702900&index=1&size=large']","[{'name': 'Arabia Oy', 'role': 'valmistaja'}, {'name': 'Kaj Franck', 'role': 'suunnittelija'}]","[['juomat'], ['astiat']]",leipälautanen; lautanen,1949.0,Kaj Franck,8
149,tmk.160988565241500,"['/Cover/Show?source=Solr&id=tmk.160988565241500&index=0&size=large', '/Cover/Show?source=Solr&id=tmk.160988565241500&index=1&size=large']","[{'name': 'Kaj Franck', 'role': 'suunnittelija'}, {'name': 'Arabia Oy', 'role': 'valmistaja'}]","[['juomat'], ['astiat']]",leipälautanen; lautanen,1949.0,Kaj Franck,8
150,tmk.160988565641400,"['/Cover/Show?source=Solr&id=tmk.160988565641400&index=0&size=large', '/Cover/Show?source=Solr&id=tmk.160988565641400&index=1&size=large']","[{'name': 'Kaj Franck', 'role': 'suunnittelija'}, {'name': 'Arabia Oy', 'role': 'valmistaja'}]","[['juomat'], ['astiat']]",leipälautanen; lautanen,1949.0,Kaj Franck,8
151,tmk.160988566031600,"['/Cover/Show?source=Solr&id=tmk.160988566031600&index=0&size=large', '/Cover/Show?source=Solr&id=tmk.160988566031600&index=1&size=large']","[{'name': 'Kaj Franck', 'role': 'suunnittelija'}, {'name': 'Arabia Oy', 'role': 'valmistaja'}]","[['juomat'], ['astiat']]",leipälautanen; lautanen,1949.0,Kaj Franck,8
152,tmk.160988566514400,"['/Cover/Show?source=Solr&id=tmk.160988566514400&index=0&size=large', '/Cover/Show?source=Solr&id=tmk.160988566514400&index=1&size=large']","[{'name': 'Kaj Franck', 'role': 'suunnittelija'}, {'name': 'Arabia Oy', 'role': 'valmistaja'}]","[['juomat'], ['astiat']]",leipälautanen; lautanen,1949.0,Kaj Franck,8
153,tmk.160988566884200,"['/Cover/Show?source=Solr&id=tmk.160988566884200&index=0&size=large', '/Cover/Show?source=Solr&id=tmk.160988566884200&index=1&size=large']","[{'name': 'Kaj Franck', 'role': 'suunnittelija'}, {'name': 'Arabia Oy', 'role': 'valmistaja'}]","[['juomat'], ['astiat']]",leipälautanen; lautanen,1949.0,Kaj Franck,8
154,tmk.160988567286000,"['/Cover/Show?source=Solr&id=tmk.160988567286000&index=0&size=large', '/Cover/Show?source=Solr&id=tmk.160988567286000&index=1&size=large']","[{'name': 'Kaj Franck', 'role': 'suunnittelija'}, {'name': 'Arabia Oy', 'role': 'valmistaja'}]","[['lautaset (astiat)'], ['kahviastiat']]",leipälautanen; lautanen,1949.0,Kaj Franck,8
155,tmk.160988567771700,"['/Cover/Show?source=Solr&id=tmk.160988567771700&index=0&size=large', '/Cover/Show?source=Solr&id=tmk.160988567771700&index=1&size=large']","[{'name': 'Kaj Franck', 'role': 'suunnittelija'}, {'name': 'Arabia Oy', 'role': 'valmistaja'}]","[['lautaset (astiat)'], ['kahviastiat']]",leipälautanen; lautanen,1949.0,Kaj Franck,8
156,tmk.160988568147400,"['/Cover/Show?source=Solr&id=tmk.160988568147400&index=0&size=large', '/Cover/Show?source=Solr&id=tmk.160988568147400&index=1&size=large']","[{'name': 'Kaj Franck', 'role': 'suunnittelija'}, {'name': 'Arabia Oy', 'role': 'valmistaja'}]","[['lautaset (astiat)'], ['kahviastiat']]",leipälautanen; lautanen,1949.0,Kaj Franck,8
157,tmk.160988568541700,"['/Cover/Show?source=Solr&id=tmk.160988568541700&index=0&size=large', '/Cover/Show?source=Solr&id=tmk.160988568541700&index=1&size=large']","[{'name': 'Kaj Franck', 'role': 'suunnittelija'}, {'name': 'Arabia Oy', 'role': 'valmistaja'}]","[['lautaset (astiat)'], ['kahviastiat']]",leipälautanen; lautanen,1949.0,Kaj Franck,8
158,tmk.160988568931100,"['/Cover/Show?source=Solr&id=tmk.160988568931100&index=0&size=large', '/Cover/Show?source=Solr&id=tmk.160988568931100&index=1&size=large']","[{'name': 'Kaj Franck', 'role': 'suunnittelija'}, {'name': 'Arabia Oy', 'role': 'valmistaja'}]",[['lautaset (astiat)']],leipälautanen; lautanen,1949.0,Kaj Franck,8
159,tmk.160988569297000,"['/Cover/Show?source=Solr&id=tmk.160988569297000&index=0&size=large', '/Cover/Show?source=Solr&id=tmk.160988569297000&index=1&size=large']","[{'name': 'Kaj Franck', 'role': 'suunnittelija'}, {'name': 'Arabia Oy', 'role': 'valmistaja'}]",[['lautaset (astiat)']],leipälautanen; lautanen,1949.0,Kaj Franck,8
160,tmk.169693885636400,['/Cover/Show?source=Solr&id=tmk.169693885636400&index=0&size=large'],"[{'name': 'Arabia Oy', 'role': 'valmistaja'}, {'name': 'Kaj Franck', 'role': 'suunnittelija'}]","[['juomat'], ['astiat']]",kahvikupin aluslautanen,1949.0,Kaj Franck,8
161,tmk.169693973783000,['/Cover/Show?source=Solr&id=tmk.169693973783000&index=0&size=large'],"[{'name': 'Kaj Franck', 'role': 'suunnittelija'}, {'name': 'Arabia Oy', 'role': 'valmistaja'}]","[['juomat'], ['astiat']]",kahvikupin aluslautanen,1949.0,Kaj Franck,8
162,tmk.169693987986400,['/Cover/Show?source=Solr&id=tmk.169693987986400&index=0&size=large'],"[{'name': 'Kaj Franck', 'role': 'suunnittelija'}, {'name': 'Arabia Oy', 'role': 'valmistaja'}]","[['juomat'], ['astiat']]",kahvikupin aluslautanen,1949.0,Kaj Franck,8
163,tmk.169694002904300,['/Cover/Show?source=Solr&id=tmk.169694002904300&index=0&size=large'],"[{'name': 'Kaj Franck', 'role': 'suunnittelija'}, {'name': 'Arabia Oy', 'role': 'valmistaja'}]","[['juomat'], ['astiat']]",kahvikupin aluslautanen,1949.0,Kaj Franck,8
164,tmk.169694012249100,['/Cover/Show?source=Solr&id=tmk.169694012249100&index=0&size=large'],"[{'name': 'Kaj Franck', 'role': 'suunnittelija'}, {'name': 'Arabia Oy', 'role': 'valmistaja'}]","[['juomat'], ['astiat']]",kahvikupin aluslautanen,1949.0,Kaj Franck,8
165,tmk.169701438145100,['/Cover/Show?source=Solr&id=tmk.169701438145100&index=0&size=large'],"[{'name': 'Kaj Franck', 'role': 'suunnittelija'}, {'name': 'Arabia Oy', 'role': 'valmistaja'}]","[['juomat'], ['astiat']]",kahvikupin aluslautanen,1949.0,Kaj Franck,8
166,tmk.169701461852100,['/Cover/Show?source=Solr&id=tmk.169701461852100&index=0&size=large'],"[{'name': 'Kaj Franck', 'role': 'suunnittelija'}, {'name': 'Arabia Oy', 'role': 'valmistaja'}]","[['juomat'], ['astiat']]",kahvikupin aluslautanen,1949.0,Kaj Franck,8
167,tmk.169701474918200,['/Cover/Show?source=Solr&id=tmk.169701474918200&index=0&size=large'],"[{'name': 'Kaj Franck', 'role': 'suunnittelija'}, {'name': 'Arabia Oy', 'role': 'valmistaja'}]","[['juomat'], ['astiat']]",kahvikupin aluslautanen,1949.0,Kaj Franck,8
168,tmk.169701484124000,['/Cover/Show?source=Solr&id=tmk.169701484124000&index=0&size=large'],"[{'name': 'Kaj Franck', 'role': 'suunnittelija'}, {'name': 'Arabia Oy', 'role': 'valmistaja'}]","[['juomat'], ['astiat']]",kahvikupin aluslautanen,1949.0,Kaj Franck,8
169,tmk.169701494493300,['/Cover/Show?source=Solr&id=tmk.169701494493300&index=0&size=large'],"[{'name': 'Kaj Franck', 'role': 'suunnittelija'}, {'name': 'Arabia Oy', 'role': 'valmistaja'}]","[['juomat'], ['astiat']]",kahvikupin aluslautanen,1949.0,Kaj Franck,8
170,tmk.169701503045200,['/Cover/Show?source=Solr&id=tmk.169701503045200&index=0&size=large'],"[{'name': 'Kaj Franck', 'role': 'suunnittelija'}, {'name': 'Arabia Oy', 'role': 'valmistaja'}]","[['juomat'], ['astiat']]",kahvikupin aluslautanen,1949.0,Kaj Franck,8
171,tmk.169701512305400,['/Cover/Show?source=Solr&id=tmk.169701512305400&index=0&size=large'],"[{'name': 'Kaj Franck', 'role': 'suunnittelija'}, {'name': 'Arabia Oy', 'role': 'valmistaja'}]","[['juomat'], ['astiat']]",kahvikupin aluslautanen,1949.0,Kaj Franck,8
172,tmk.169701995176000,"['/Cover/Show?source=Solr&id=tmk.169701995176000&index=0&size=large', '/Cover/Show?source=Solr&id=tmk.169701995176000&index=1&size=large']","[{'name': 'Arabia Oy', 'role': 'valmistaja'}, {'name': 'Kaj Franck', 'role': 'suunnittelija'}]","[['juomat'], ['astiat']]",kahvikuppi,1949.0,Kaj Franck,8
173,tmk.169702020732000,"['/Cover/Show?source=Solr&id=tmk.169702020732000&index=0&size=large', '/Cover/Show?source=Solr&id=tmk.169702020732000&index=1&size=large']","[{'name': 'Arabia Oy', 'role': 'valmistaja'}, {'name': 'Kaj Franck', 'role': 'suunnittelija'}]","[['juomat'], ['astiat']]",kahvikuppi,1949.0,Kaj Franck,8
174,tmk.169702034503900,"['/Cover/Show?source=Solr&id=tmk.169702034503900&index=0&size=large', '/Cover/Show?source=Solr&id=tmk.169702034503900&index=1&size=large']","[{'name': 'Arabia Oy', 'role': 'valmistaja'}, {'name': 'Kaj Franck', 'role': 'suunnittelija'}]","[['juomat'], ['astiat']]",kahvikuppi,1949.0,Kaj Franck,8
175,tmk.169702039168100,"['/Cover/Show?source=Solr&id=tmk.169702039168100&index=0&size=large', '/Cover/Show?source=Solr&id=tmk.169702039168100&index=1&size=large']","[{'name': 'Arabia Oy', 'role': 'valmistaja'}, {'name': 'Kaj Franck', 'role': 'suunnittelija'}]","[['juomat'], ['astiat']]",kahvikuppi,1949.0,Kaj Franck,8
176,tmk.169702044213800,"['/Cover/Show?source=Solr&id=tmk.169702044213800&index=0&size=large', '/Cover/Show?source=Solr&id=tmk.169702044213800&index=1&size=large']","[{'name': 'Arabia Oy', 'role': 'valmistaja'}, {'name': 'Kaj Franck', 'role': 'suunnittelija'}]","[['juomat'], ['astiat']]",kahvikuppi,1949.0,Kaj Franck,8
177,tmk.169702050377000,"['/Cover/Show?source=Solr&id=tmk.169702050377000&index=0&size=large', '/Cover/Show?source=Solr&id=tmk.169702050377000&index=1&size=large']","[{'name': 'Arabia Oy', 'role': 'valmistaja'}, {'name': 'Kaj Franck', 'role': 'suunnittelija'}]","[['juomat'], ['astiat']]",kahvikuppi,1949.0,Kaj Franck,8
178,tmk.169702054696200,"['/Cover/Show?source=Solr&id=tmk.169702054696200&index=0&size=large', '/Cover/Show?source=Solr&id=tmk.169702054696200&index=1&size=large']","[{'name': 'Arabia Oy', 'role': 'valmistaja'}, {'name': 'Kaj Franck', 'role': 'suunnittelija'}]","[['juomat'], ['astiat']]",kahvikuppi,1949.0,Kaj Franck,8
179,tmk.169702107408100,"['/Cover/Show?source=Solr&id=tmk.169702107408100&index=0&size=large', '/Cover/Show?source=Solr&id=tmk.169702107408100&index=1&size=large']","[{'name': 'Arabia Oy', 'role': 'valmistaja'}, {'name': 'Kaj Franck', 'role': 'suunnittelija'}]","[['juomat'], ['astiat']]",kahvikuppi,1949.0,Kaj Franck,8
180,tmk.169702117308000,"['/Cover/Show?source=Solr&id=tmk.169702117308000&index=0&size=large', '/Cover/Show?source=Solr&id=tmk.169702117308000&index=1&size=large']","[{'name': 'Arabia Oy', 'role': 'valmistaja'}, {'name': 'Kaj Franck', 'role': 'suunnittelija'}]","[['juomat'], ['astiat']]",kahvikuppi,1949.0,Kaj Franck,8
181,tmk.169702123835200,"['/Cover/Show?source=Solr&id=tmk.169702123835200&index=0&size=large', '/Cover/Show?source=Solr&id=tmk.169702123835200&index=1&size=large']","[{'name': 'Arabia Oy', 'role': 'valmistaja'}, {'name': 'Kaj Franck', 'role': 'suunnittelija'}]","[['juomat'], ['astiat']]",kahvikuppi,1949.0,Kaj Franck,8
182,heinolanmuseo.hkm-99860,['/Cover/Show?source=Solr&id=heinolanmuseo.hkm-99860&index=0&size=large'],"[{'name': 'Franck Kaj', 'role': 'Suunnittelija'}, {'name': 'Nuutajärven lasitehdas', 'role': 'Valmistaja'}]","[['juoma-astiat'], ['tarjoiluastiat'], ['juomalasit'], ['1950-1953']]",juomalasi; 5023,1950.0,Kaj Franck,8
183,hkm.1BE426CF-E2A8-442E-BFE4-4D8979A9E7D3,['/Cover/Show?source=Solr&id=hkm.1BE426CF-E2A8-442E-BFE4-4D8979A9E7D3&index=0&size=large'],"[{'name': 'Nuutajärven lasitehdas', 'role': 'valmistaja'}, {'name': 'Franck, Kaj', 'role': 'muotoilija', 'id': 'https://isni.org/isni/0000000110513983'}]","[['astiat'], ['kattaus'], ['muotoilu'], ['juomat'], ['alkoholijuomat'], ['juoma-astiat'], ['tarjoiluastiat']]",karahvi; annoskarahvi; malli 1541,1950.0,Kaj Franck,8
184,hkm.605D1792-3753-4071-9924-2EE2D2A96DEA,['/Cover/Show?source=Solr&id=hkm.605D1792-3753-4071-9924-2EE2D2A96DEA&index=0&size=large'],"[{'name': 'Nuutajärven lasitehdas', 'role': 'valmistaja'}, {'name': 'Franck, Kaj', 'role': 'muotoilija', 'id': 'https://isni.org/isni/0000000110513983'}]","[['muotoilu'], ['taideteollisuus'], ['keräily'], ['koriste-esineet'], ['sisustus']]",maljakko; lasivaasi; Prisma,1950.0,Kaj Franck,8
185,hkm.C3A34D6D-6E9D-4B42-A106-588F23654193,['/Cover/Show?source=Solr&id=hkm.C3A34D6D-6E9D-4B42-A106-588F23654193&index=0&size=large'],"[{'name': 'Arabia', 'role': 'valmistaja', 'id': 'https://isni.org/isni/0000000474635201'}, {'name': 'Franck, Kaj', 'role': 'muotoilija', 'id': 'https://isni.org/isni/0000000110513983'}]","[['kahvi'], ['kattaus'], ['astiat'], ['tarjoiluastiat']]",sokerikko,1950.0,Kaj Franck,8
186,ilomantsi.knp-295277,['/Cover/Show?source=Solr&id=ilomantsi.knp-295277&index=0&size=large'],"[{'name': 'Still, Nanny', 'role': 'Suunnittelija'}, {'name': 'Franck, Kaj', 'role': 'Suunnittelija'}, {'name': 'Riihimäen Lasi', 'role': 'Valmistaja'}, {'name': 'Nuutajärven lasi', 'role': 'Valmistaja'}]","[['snapsilasit'], ['astiat'], ['juomalasit'], ['karahvit'], ['tarjoiluastiat'], ['tarjottimet']]",Karahvisetti; Karahvi; Snapsilasi,1950.0,"Kaj Franck, Nanny Still",8
187,ksm.158470239597000,['/Cover/Show?source=Solr&id=ksm.158470239597000&index=0&size=large'],"[{'name': 'Kaj Franck', 'role': 'suunnittelija'}]","[['kannut'], ['Kartio-kannut'], ['Franck Kaj'], ['Nuutajärvi'], ['1955-1992 käyttöaika']]",Kartio-kannu; kannu; kaadin; lasikannu,1950.0,Kaj Franck,8
188,tmk.161024105056400,"['/Cover/Show?source=Solr&id=tmk.161024105056400&index=0&size=large', '/Cover/Show?source=Solr&id=tmk.161024105056400&index=1&size=large']","[{'name': 'Hackman & Co', 'role': 'valmistaja'}, {'name': 'Kaj Franck', 'role': 'suunnittelija'}]",[['kauhat']],kauha; liemikauha,1950.0,Kaj Franck,8
189,tmk.161024106089700,"['/Cover/Show?source=Solr&id=tmk.161024106089700&index=0&size=large', '/Cover/Show?source=Solr&id=tmk.161024106089700&index=1&size=large']","[{'name': 'Hackman & Co', 'role': 'valmistaja'}, {'name': 'Kaj Franck', 'role': 'suunnittelija'}]","[['haarukat'], ['ruokailuvälineet']]",haarukka; leivoshaarukka,1950.0,Kaj Franck,8
190,tmk.161024106807700,"['/Cover/Show?source=Solr&id=tmk.161024106807700&index=0&size=large', '/Cover/Show?source=Solr&id=tmk.161024106807700&index=1&size=large']","[{'name': 'Hackman & Co', 'role': 'valmistaja'}, {'name': 'Kaj Franck', 'role': 'suunnittelija'}]","[['ruokailuvälineet'], ['lusikat']]",kahvilusikka; lusikka,1950.0,Kaj Franck,8
191,tmk.161027539376000,"['/Cover/Show?source=Solr&id=tmk.161027539376000&index=0&size=large', '/Cover/Show?source=Solr&id=tmk.161027539376000&index=1&size=large']","[{'name': 'Iittala', 'role': 'valmistaja'}, {'name': 'Kaj Franck', 'role': 'suunnittelija'}]","[['astiat'], ['koriste-esineet']]",kulho; lasikulho,1950.0,Kaj Franck,8
192,mkm.166867484078600,['/Cover/Show?source=Solr&id=mkm.166867484078600&index=0&size=large'],"[{'name': 'Arabia', 'role': 'valmistaja'}, {'name': 'Kaj Franck', 'role': 'muotoilija'}]",[],Kahvikuppi,1951.0,Kaj Franck,8
193,hkm.75688194-478D-4355-81AF-CDD6BA986715,['/Cover/Show?source=Solr&id=hkm.75688194-478D-4355-81AF-CDD6BA986715&index=0&size=large'],"[{'name': 'Arabia', 'role': 'valmistaja', 'id': 'https://isni.org/isni/0000000474635201'}, {'name': 'Franck, Kaj', 'role': 'muotoilija', 'id': 'https://isni.org/isni/0000000110513983'}]","[['kattaus'], ['astiat'], ['juomat'], ['juoma-astiat'], ['tee']]","kaadin, kannu; teekannu; KF",1952.0,Kaj Franck,8
194,hkm.853A0196-22E2-4A87-8505-9915F79EAFEB,['/Cover/Show?source=Solr&id=hkm.853A0196-22E2-4A87-8505-9915F79EAFEB&index=0&size=large'],"[{'name': 'Arabia', 'role': 'valmistaja', 'id': 'https://isni.org/isni/0000000474635201'}, {'name': 'Franck, Kaj', 'role': 'muotoilija', 'id': 'https://isni.org/isni/0000000110513983'}]","[['kattaus'], ['astiat']]",munakuppi; Kilta; BA,1952.0,Kaj Franck,8
195,lappeenrannanmuseot.2F2EF831-7B69-4482-A91B-87214DAD4F3E,"['/Cover/Show?source=Solr&id=lappeenrannanmuseot.2F2EF831-7B69-4482-A91B-87214DAD4F3E&index=0&size=large', '/Cover/Show?source=Solr&id=lappeenrannanmuseot.2F2EF831-7B69-4482-A91B-87214DAD4F3E&index=1&size=large', '/Cover/Show?source=Solr&id=lappeenrannanmuseot.2F2EF831-7B69-4482-A91B-87214DAD4F3E&index=2&size=large']","[{'name': 'Hackman & Co Sorsakoski', 'role': 'valmistaja'}, {'name': 'Franck, Kaj', 'role': 'suunnittelija'}]","[['logot'], ['lusikat'], ['aterimet'], ['teollisuus'], ['teollisuusperintö'], ['Paraisten kalkkivuori']]",lusikka; Paraisten Kalkkivuori Osakeyhtiön lusikka,1952.0,Kaj Franck,8
196,lappeenrannanmuseot.4D3F42C5-CDC7-444B-8F51-7D772F7BFDE4,"['/Cover/Show?source=Solr&id=lappeenrannanmuseot.4D3F42C5-CDC7-444B-8F51-7D772F7BFDE4&index=0&size=large', '/Cover/Show?source=Solr&id=lappeenrannanmuseot.4D3F42C5-CDC7-444B-8F51-7D772F7BFDE4&index=1&size=large', '/Cover/Show?source=Solr&id=lappeenrannanmuseot.4D3F42C5-CDC7-444B-8F51-7D772F7BFDE4&index=2&size=large']","[{'name': 'Hackman & Co Sorsakoski', 'role': 'valmistaja'}, {'name': 'Franck, Kaj', 'role': 'suunnittelija'}]","[['logot'], ['teollisuusperintö'], ['teollisuus'], ['aterimet'], ['lusikat'], ['Paraisten kalkkivuori']]",lusikka; Paraisten Kalkkivuori Osakeyhtiön lusikka,1952.0,Kaj Franck,8
197,lappeenrannanmuseot.F4ECC9A8-7F4F-424F-A484-42D4D085EEBF,"['/Cover/Show?source=Solr&id=lappeenrannanmuseot.F4ECC9A8-7F4F-424F-A484-42D4D085EEBF&index=0&size=large', '/Cover/Show?source=Solr&id=lappeenrannanmuseot.F4ECC9A8-7F4F-424F-A484-42D4D085EEBF&index=1&size=large', '/Cover/Show?source=Solr&id=lappeenrannanmuseot.F4ECC9A8-7F4F-424F-A484-42D4D085EEBF&index=2&size=large']","[{'name': 'Hackman & Co Sorsakoski', 'role': 'valmistaja'}, {'name': 'Franck, Kaj', 'role': 'suunnittelija'}]","[['lusikat'], ['aterimet'], ['logot'], ['teollisuusperintö'], ['teollisuus'], ['Paraisten kalkkivuori']]",lusikka; Paraisten Kalkkivuori Osakeyhtiön lusikka,1952.0,Kaj Franck,8
198,ekm.173342163702600,"['/Cover/Show?source=Solr&id=ekm.173342163702600&index=0&size=large', '/Cover/Show?source=Solr&id=ekm.173342163702600&index=1&size=large']","[{'name': 'Arabia', 'role': 'valmistaja'}, {'name': 'Kaj Franck', 'role': 'suunnittelija'}]","[['saaristolaiset'], ['kahviastiastot'], ['astiat'], ['kattaus'], ['kahvikupit'], ['taloustarvikkeet']]",kahvikuppi; Arabia Kilta,1953.0,Kaj Franck,8
199,ekm.173342174745600,['/Cover/Show?source=Solr&id=ekm.173342174745600&index=0&size=large'],"[{'name': 'Arabia', 'role': 'valmistaja'}, {'name': 'Kaj Franck', 'role': 'suunnittelija'}]","[['saaristolaiset'], ['astiat'], ['kattaus'], ['tarjoiluastiat'], ['kulhot'], ['tarjoiluvadit']]",vati; vihannesastia Arabia Kilta,1953.0,Kaj Franck,8
200,hkm.30352157-7524-406A-8135-9A3156F680C7,['/Cover/Show?source=Solr&id=hkm.30352157-7524-406A-8135-9A3156F680C7&index=0&size=large'],"[{'name': 'Arabia', 'role': 'valmistaja', 'id': 'https://isni.org/isni/0000000474635201'}, {'name': 'Franck, Kaj', 'role': 'muotoilija', 'id': 'https://isni.org/isni/0000000110513983'}]","[['kattaus'], ['astiat mausteet']]",sirotin; suolasirotin; malli F,1953.0,Kaj Franck,8
201,hkm.8B586D30-D3F8-4B34-9066-C0A87E135A35,['/Cover/Show?source=Solr&id=hkm.8B586D30-D3F8-4B34-9066-C0A87E135A35&index=0&size=large'],"[{'name': 'Arabia', 'role': 'valmistaja', 'id': 'https://isni.org/isni/0000000474635201'}, {'name': 'Franck, Kaj', 'role': 'muotoilija', 'id': 'https://isni.org/isni/0000000110513983'}]","[['kahvi'], ['kattaus'], ['astiat'], ['juoma-astiat']]",kuppipari; kahvikuppi ja lautanen; Hippu,1953.0,Kaj Franck,8
202,hkm.CEB9C357-3953-498D-8E8B-2F42C3D0C637,['/Cover/Show?source=Solr&id=hkm.CEB9C357-3953-498D-8E8B-2F42C3D0C637&index=0&size=large'],"[{'name': 'Arabia', 'role': 'valmistaja', 'id': 'https://isni.org/isni/0000000474635201'}, {'name': 'Franck, Kaj', 'role': 'muotoilija', 'id': 'https://isni.org/isni/0000000110513983'}]","[['taloustarvikkeet. astiat'], ['ruoanvalmistusastiat'], ['vuoat'], ['keramiikkateollisuus'], ['käyttöaika - 1994']]",vuoka; Kesto; uunivuoka,1953.0,Kaj Franck,8
203,ksm.158470062549400,['/Cover/Show?source=Solr&id=ksm.158470062549400&index=0&size=large'],"[{'name': 'Arabia', 'role': 'valmistaja'}, {'name': 'Kaj Franck', 'role': 'suunnittelija'}]","[['Kilta'], ['astiat'], ['vadit'], ['Arabia'], ['1953-1990 käyttöaika']]",Arabia Kilta-vihannesvati; vati; vihannesvati; posliinivati,1953.0,Kaj Franck,8
204,ksm.158470112791900,['/Cover/Show?source=Solr&id=ksm.158470112791900&index=0&size=large'],"[{'name': 'Arabia', 'role': 'valmistaja'}, {'name': 'Kaj Franck', 'role': 'suunnittelija'}]","[['keramiikka'], ['fajanssi'], ['taloustarvikkeet'], ['säilytys'], ['Kilta'], ['1955-2002 käyttöaika']]",Arabian Kilta-purnukka; purkki; purnukka; säilytyspurkki; purnukka,1953.0,Kaj Franck,8
205,ksm.158470112796100,['/Cover/Show?source=Solr&id=ksm.158470112796100&index=0&size=large'],"[{'name': 'Arabia', 'role': 'valmistaja'}, {'name': 'Kaj Franck', 'role': 'suunnittelija'}]","[['keramiikka'], ['fajanssi'], ['teeastiat'], ['teekannut'], ['nautintoaineet'], ['tee'], ['Kilta-astiasto'], ['2002-2003 käyttöaika']]",Arabia Kilta-teekannu; kannu;kaadin; teekannu; teekaadin,1953.0,Kaj Franck,8
206,ksm.158470115919200,['/Cover/Show?source=Solr&id=ksm.158470115919200&index=0&size=large'],"[{'name': 'Arabia', 'role': 'valmistaja'}, {'name': 'Kaj Franck', 'role': 'suunnittelija'}]","[['astiat'], ['kupi'], ['munakupit'], ['Kilta-astiasto'], ['Arabia'], ['Franck Kaj'], ['1960-1990 käyttöaika']]",Arabia Kilta-munakuppi; astia;kuppi; munakuppi,1953.0,Kaj Franck,8
207,ksm.158470116302500,['/Cover/Show?source=Solr&id=ksm.158470116302500&index=0&size=large'],"[{'name': 'Arabia', 'role': 'valmistaja'}, {'name': 'Kaj Franck', 'role': 'suunnittelija'}]","[['astiat'], ['kahvikuppiparit'], ['kahvikupit'], ['aluset'], ['asetit'], ['Arabia'], ['Kaj Franck'], ['Kilta-astiasto'], ['1953-1990 käyttöaika']]",Arabia Kilta-kahvikuppipari; astia;kuppi;asetti; kahvikuppi; kupin asetti,1953.0,Kaj Franck,8
208,ksm.158470193960600,['/Cover/Show?source=Solr&id=ksm.158470193960600&index=0&size=large'],"[{'name': 'Arabia', 'role': 'valmistaja'}, {'name': 'Kaj Franck', 'role': 'suunnittelija'}]","[['astiat'], ['ruokailuastiat'], ['kannut'], ['kaatimet'], ['taloustarvikkeet'], ['keramiikka'], ['Kilta-astiat'], ['1953-2015 käyttöaika']]",Arabia Kilta-maitokannu; kannu; maitokannu; kaadin,1953.0,Kaj Franck,8
209,ksm.162920038988800,['/Cover/Show?source=Solr&id=ksm.162920038988800&index=0&size=large'],"[{'name': 'Kaj Franck', 'role': 'suunnittelija'}, {'name': 'Arabia', 'role': 'valmistaja'}]","[['keramiikka'], ['muotoilu'], ['keraamiset astiat'], ['tarjoiluastiat'], ['kulhot'], ['kaatimet'], ['1970-2013 käyttöaika']]",Arabia Kilta kastikekulho; kulho;kaadin; kastikekulho; kastikekaadin,1953.0,Kaj Franck,8
210,museovirasto.094F007A4B886991F5333A388218EC7A,['/Cover/Show?source=Solr&id=museovirasto.094F007A4B886991F5333A388218EC7A&index=0&size=large'],"[{'name': 'Arabia', 'role': 'valmistuttaja'}, {'name': 'Franck, Kaj', 'role': 'suunnittelija'}, {'name': 'Juurikkala, Anja', 'role': 'koristemaalari'}]","[['taloustarvikkeet'], ['astiat'], ['kannut']]",maitokannu,1953.0,Kaj Franck,8
211,museovirasto.1A2EBC669C1C657A3F49CDA28D6862BB,['/Cover/Show?source=Solr&id=museovirasto.1A2EBC669C1C657A3F49CDA28D6862BB&index=0&size=large'],"[{'name': 'Arabia', 'role': 'valmistaja'}, {'name': 'Franck, Kaj', 'role': 'suunnittelija'}]","[['astiat'], ['höyrylaivat'], ['jäänmurtajat'], ['keramiikka'], ['kulhot'], ['museolaivat'], ['taloustarvikkeet'], ['tarjoiluastiat']]",kulho,1953.0,Kaj Franck,8
212,museovirasto.2294B672C5443D781D82A079A2E82F22,['/Cover/Show?source=Solr&id=museovirasto.2294B672C5443D781D82A079A2E82F22&index=0&size=large'],"[{'name': 'Arabia', 'role': 'valmistaja'}, {'name': 'Franck, Kaj', 'role': 'suunnittelija'}]","[['astiat'], ['höyrylaivat'], ['jäänmurtajat'], ['kahviastiat'], ['keramiikka'], ['lautaset'], ['museolaivat'], ['taloustarvikkeet'], ['aluslautaset']]",aluslautanen; lautanen,1953.0,Kaj Franck,8
213,museovirasto.39756A58EDC247844C61989CFCC50870,['/Cover/Show?source=Solr&id=museovirasto.39756A58EDC247844C61989CFCC50870&index=0&size=large'],"[{'name': 'Arabia', 'role': 'valmistaja'}, {'name': 'Franck, Kaj', 'role': 'suunnittelija'}, {'name': 'Juurikkala, Anja', 'role': 'koristemaalari'}]","[['taloustarvikkeet'], ['astiat'], ['kannut']]",maitokannu,1953.0,Kaj Franck,8
214,museovirasto.74DC6F6F413B326EC805164F7BA2FB57,['/Cover/Show?source=Solr&id=museovirasto.74DC6F6F413B326EC805164F7BA2FB57&index=0&size=large'],"[{'name': 'Arabia', 'role': 'valmistaja'}, {'name': 'Franck, Kaj', 'role': 'suunnittelija'}]","[['aluslautaset'], ['astiat'], ['höyrylaivat'], ['jäänmurtajat'], ['kahviastiat'], ['keramiikka'], ['lautaset'], ['museolaivat'], ['taloustarvikkeet']]",lautanen; aluslautanen,1953.0,Kaj Franck,8
215,museovirasto.7E566CF21EF50FF5CC1E54B270207044,['/Cover/Show?source=Solr&id=museovirasto.7E566CF21EF50FF5CC1E54B270207044&index=0&size=large'],"[{'name': 'Arabia', 'role': 'valmistaja'}, {'name': 'Franck, Kaj', 'role': 'suunnittelija'}]","[['aluslautaset'], ['astiat'], ['höyrylaivat'], ['jäänmurtajat'], ['kahviastiat'], ['keramiikka'], ['lautaset'], ['museolaivat'], ['taloustarvikkeet']]",aluslautanen; lautanen,1953.0,Kaj Franck,8
216,museovirasto.9BAA88CE3C4C88B284056DE75C744351,['/Cover/Show?source=Solr&id=museovirasto.9BAA88CE3C4C88B284056DE75C744351&index=0&size=large'],"[{'name': 'Arabia', 'role': 'valmistaja'}, {'name': 'Franck, Kaj', 'role': 'suunnittelija'}]","[['aluslautaset'], ['astiat'], ['höyrylaivat'], ['jäänmurtajat'], ['kahviastiat'], ['keramiikka'], ['lautaset'], ['museolaivat'], ['taloustarvikkeet']]",aluslautanen; lautanen,1953.0,Kaj Franck,8
217,museovirasto.A67942C3ED9670FECC58F6E77E992CB6,['/Cover/Show?source=Solr&id=museovirasto.A67942C3ED9670FECC58F6E77E992CB6&index=0&size=large'],"[{'name': 'Arabia', 'role': 'valmistaja'}, {'name': 'Franck, Kaj', 'role': 'suunnittelija'}]","[['aluslautaset'], ['astiat'], ['höyrylaivat'], ['jäänmurtajat'], ['kahviastiat'], ['keramiikka'], ['lautaset'], ['museolaivat'], ['taloustarvikkeet']]",aluslautanen; lautanen,1953.0,Kaj Franck,8
218,museovirasto.EE85AD781F8CF54AB2786B62C482AB52,['/Cover/Show?source=Solr&id=museovirasto.EE85AD781F8CF54AB2786B62C482AB52&index=0&size=large'],"[{'name': 'Arabia', 'role': 'valmistaja'}, {'name': 'Franck, Kaj', 'role': 'suunnittelija'}, {'name': 'Juurikkala, Anja', 'role': 'koristemaalari'}]","[['taloustarvikkeet'], ['astiat'], ['kannut']]",maitokannu,1953.0,Kaj Franck,8
219,hkm.27BE7AB2-4CBF-479E-8E42-792097B36649,['/Cover/Show?source=Solr&id=hkm.27BE7AB2-4CBF-479E-8E42-792097B36649&index=0&size=large'],"[{'name': 'Arabia', 'role': 'valmistaja', 'id': 'https://isni.org/isni/0000000474635201'}, {'name': 'Franck, Kaj', 'role': 'muotoilija', 'id': 'https://isni.org/isni/0000000110513983'}]","[['kahvi'], ['kattaus'], ['astiat'], ['juomat'], ['juoma-astiat']]",kaadin; kermakko; malli MM,1954.0,Kaj Franck,8
220,hkm.AB7A7EFE-7D61-4AA5-AD53-08C729ADE918,['/Cover/Show?source=Solr&id=hkm.AB7A7EFE-7D61-4AA5-AD53-08C729ADE918&index=0&size=large'],"[{'name': 'Nuutajärven lasitehdas', 'role': 'valmistaja'}, {'name': 'Franck, Kaj', 'role': 'muotoilija', 'id': 'https://isni.org/isni/0000000110513983'}]",[],maljakko,1954.0,Kaj Franck,8
221,ksm.158470112778900,['/Cover/Show?source=Solr&id=ksm.158470112778900&index=0&size=large'],"[{'name': 'Kaj Franck', 'role': 'suunnittelija'}]","[['lasi'], ['lasiesineet'], ['astiat'], ['kannut'], ['kaatimet'], ['Nuutajärvi'], ['2003 käyttöaika']]",Nuutajärven lasikannu; kannu; kaadin; lasikannu; lasikaadin,1954.0,Kaj Franck,8
222,ksm.165519021874900,['/Cover/Show?source=Solr&id=ksm.165519021874900&index=0&size=large'],"[{'name': 'Arabia', 'role': 'valmistaja'}, {'name': 'Kaj Franck', 'role': 'suunnittelija'}]","[['lautaset (astiat)'], ['astiat'], ['kahviastiastot'], ['muotoilu'], ['kahvikupit'], ['aluslautaset'], ['1954-2013']]",Arabia Sointu kahvikuppi ja aluslautanen; kahvikuppi; aluslautanen; kahvikuppi ja asetti,1954.0,Kaj Franck,8
223,museovirasto.3A3216A1B47892DEAE2AEC4E953B2D14,['/Cover/Show?source=Solr&id=museovirasto.3A3216A1B47892DEAE2AEC4E953B2D14&index=0&size=large'],"[{'name': 'Arabia', 'role': 'valmistaja'}, {'name': 'Franck, Kaj', 'role': 'suunnittelija'}, {'name': 'Lindqvist, Edvin', 'role': 'suunnittelija'}]","[['astiat'], ['höyrylaivat'], ['jäänmurtajat'], ['keramiikka'], ['kulhot'], ['museolaivat'], ['taloustarvikkeet'], ['tarjoiluastiat']]",kulho,1954.0,Kaj Franck,8
224,museovirasto.48D4474609152FA3A8C8CF0C8FFE989D,['/Cover/Show?source=Solr&id=museovirasto.48D4474609152FA3A8C8CF0C8FFE989D&index=0&size=large'],"[{'name': 'Arabia', 'role': 'valmistaja'}, {'name': 'Franck, Kaj', 'role': 'suunnittelija'}, {'name': 'Lindqvist, Edvin', 'role': 'suunnittelija'}]","[['astiat'], ['höyrylaivat'], ['jäänmurtajat'], ['keramiikka'], ['kulhot'], ['museolaivat'], ['taloustarvikkeet'], ['tarjoiluastiat']]",kulho,1954.0,Kaj Franck,8
225,museovirasto.5B46BF482C61AB0A49E716345AB8BD54,['/Cover/Show?source=Solr&id=museovirasto.5B46BF482C61AB0A49E716345AB8BD54&index=0&size=large'],"[{'name': 'Arabia', 'role': 'valmistaja'}, {'name': 'Franck, Kaj', 'role': 'suunnittelija'}, {'name': 'Lindqvist, Edvin', 'role': 'suunnittelija'}]","[['astiat'], ['höyrylaivat'], ['jäänmurtajat'], ['keramiikka'], ['kulhot'], ['museolaivat'], ['taloustarvikkeet'], ['tarjoiluastiat']]",kulho,1954.0,Kaj Franck,8
226,museovirasto.943DDBDFF4BFCC8F556B6C7FAE2A3D15,['/Cover/Show?source=Solr&id=museovirasto.943DDBDFF4BFCC8F556B6C7FAE2A3D15&index=0&size=large'],"[{'name': 'Arabia', 'role': 'valmistaja'}, {'name': 'Franck, Kaj', 'role': 'suunnittelija'}, {'name': 'Lindqvist, Edvin', 'role': 'suunnittelija'}]","[['astiat'], ['höyrylaivat'], ['jäänmurtajat'], ['museolaivat'], ['kulhot'], ['tarjoiluastiat'], ['fajanssi'], ['taloustarvikkeet']]",kulho; Kilta; fajanssikulho,1954.0,Kaj Franck,8
227,museovirasto.B26A8096E6DE6194383AA3048F52E95F,['/Cover/Show?source=Solr&id=museovirasto.B26A8096E6DE6194383AA3048F52E95F&index=0&size=large'],"[{'name': 'Arabia', 'role': 'valmistaja'}, {'name': 'Franck, Kaj', 'role': 'suunnittelija'}, {'name': 'Lindqvist, Edvin', 'role': 'suunnittelija'}]","[['astiat'], ['höyrylaivat'], ['jäänmurtajat'], ['keramiikka'], ['kulhot'], ['museolaivat'], ['taloustarvikkeet'], ['tarjoiluastiat']]",kulho,1954.0,Kaj Franck,8
228,museovirasto.FA5EB1F83AF66CC6864DBFED23547C2E,['/Cover/Show?source=Solr&id=museovirasto.FA5EB1F83AF66CC6864DBFED23547C2E&index=0&size=large'],"[{'name': 'Franck, Kaj', 'role': 'suunnittelija'}]","[['kaatimet'], ['muotoilu']]",kaadin,1954.0,Kaj Franck,8
229,tmk.161001584841800,['/Cover/Show?source=Solr&id=tmk.161001584841800&index=0&size=large'],"[{'name': 'Kaj Franck', 'role': 'suunnittelija'}, {'name': 'Arabia Oy', 'role': 'valmistaja'}]","[['kupit'], ['astiat'], ['teekupit']]",kuppi + lautanen; teekuppi,1954.0,Kaj Franck,8
230,tmk.161006672979200,['/Cover/Show?source=Solr&id=tmk.161006672979200&index=0&size=large'],"[{'name': 'Arabia Oy', 'role': 'valmistaja'}, {'name': 'Kaj Franck', 'role': 'suunnittelija'}]","[['astiat'], ['kupit'], ['asetit'], ['kahvikupit']]",kahvikuppi; kuppi + lautanen,1954.0,Kaj Franck,8
231,heinolanmuseo.hkm-100415,"['/Cover/Show?source=Solr&id=heinolanmuseo.hkm-100415&index=0&size=large', '/Cover/Show?source=Solr&id=heinolanmuseo.hkm-100415&index=1&size=large']","[{'name': 'Kaipiainen Birger', 'role': 'Suunnittelija'}, {'name': 'Franck Kaj', 'role': 'Suunnittelija'}, {'name': 'Arabia', 'role': 'Valmistaja'}]","[['kaatimet'], ['kannut']]",kannu; FA,1955.0,Kaj Franck,8
232,heinolanmuseo.hkm-100416,"['/Cover/Show?source=Solr&id=heinolanmuseo.hkm-100416&index=0&size=large', '/Cover/Show?source=Solr&id=heinolanmuseo.hkm-100416&index=1&size=large']","[{'name': 'Kaipiainen Birger', 'role': 'Suunnittelija'}, {'name': 'Franck Kaj', 'role': 'Suunnittelija'}, {'name': 'Arabia', 'role': 'Valmistaja'}]","[['kaatimet'], ['kannut']]",kannu; FA,1955.0,Kaj Franck,8
233,heinolanmuseo.hkm-100418,"['/Cover/Show?source=Solr&id=heinolanmuseo.hkm-100418&index=0&size=large', '/Cover/Show?source=Solr&id=heinolanmuseo.hkm-100418&index=1&size=large']","[{'name': 'Kaipiainen Birger', 'role': 'Suunnittelija'}, {'name': 'Franck Kaj', 'role': 'Suunnittelija'}, {'name': 'Arabia', 'role': 'Valmistaja'}]","[['perhoset'], ['kaatimet'], ['kannut']]","kannu; FA 0,75",1955.0,Kaj Franck,8
234,heinolanmuseo.hkm-100419,"['/Cover/Show?source=Solr&id=heinolanmuseo.hkm-100419&index=0&size=large', '/Cover/Show?source=Solr&id=heinolanmuseo.hkm-100419&index=1&size=large']","[{'name': 'Kaipiainen Birger', 'role': 'Suunnittelija'}, {'name': 'Franck Kaj', 'role': 'Suunnittelija'}, {'name': 'Arabia', 'role': 'Valmistaja'}]","[['kaatimet'], ['kannut']]","kannu; FA 0,5",1955.0,Kaj Franck,8
235,hkm.26B96F17-DAC6-427F-B952-10A05CA89FDD,['/Cover/Show?source=Solr&id=hkm.26B96F17-DAC6-427F-B952-10A05CA89FDD&index=0&size=large'],"[{'name': 'Nuutajärven lasitehdas', 'role': 'valmistaja'}, {'name': 'Franck, Kaj', 'role': 'muotoilija', 'id': 'https://isni.org/isni/0000000110513983'}]",[],malja,1955.0,Kaj Franck,8
236,hkm.8A6E59DB-8E06-4A54-919B-9DDDF8A30F6A,['/Cover/Show?source=Solr&id=hkm.8A6E59DB-8E06-4A54-919B-9DDDF8A30F6A&index=0&size=large'],"[{'name': 'Nuutajärven lasitehdas', 'role': 'valmistaja'}, {'name': 'Franck, Kaj', 'role': 'muotoilija', 'id': 'https://isni.org/isni/0000000110513983'}]",[],maljakko,1955.0,Kaj Franck,8
237,hkm.EF7D52D6-CC09-48F9-A8EC-5FDAC06228D5,['/Cover/Show?source=Solr&id=hkm.EF7D52D6-CC09-48F9-A8EC-5FDAC06228D5&index=0&size=large'],"[{'name': 'Nuutajärven lasitehdas', 'role': 'valmistaja'}, {'name': 'Franck, Kaj', 'role': 'muotoilija', 'id': 'https://isni.org/isni/0000000110513983'}]",[],maljakko,1955.0,Kaj Franck,8
238,tmk.160998644324000,['/Cover/Show?source=Solr&id=tmk.160998644324000&index=0&size=large'],"[{'name': 'Nuutajärven Lasitehdas Oy', 'role': 'valmistaja'}, {'name': 'Kaj Franck', 'role': 'suunnittelija'}]","[['maljakot'], ['astiat']]",maljakko,1955.0,Kaj Franck,8
239,mkm.166867484084000,['/Cover/Show?source=Solr&id=mkm.166867484084000&index=0&size=large'],"[{'name': 'Arabia', 'role': 'valmistaja'}, {'name': 'Raija Uosikkinen', 'role': 'suunnittelija'}, {'name': 'Kaj Franck', 'role': 'muotoilija'}]",[],Kahvikuppi,1956.0,Kaj Franck,8
240,museovirasto.6F15389DC8E23D20DEAAD6F41D8944D5,"['/Cover/Show?source=Solr&id=museovirasto.6F15389DC8E23D20DEAAD6F41D8944D5&index=0&size=large', '/Cover/Show?source=Solr&id=museovirasto.6F15389DC8E23D20DEAAD6F41D8944D5&index=1&size=large']","[{'name': 'Arabia', 'role': 'valmistaja'}, {'name': 'Franck, Kaj', 'role': 'suunnittelija'}, {'name': 'Uosikkinen, Raija', 'role': 'suunnittelija'}]","[['astiat'], ['höyrylaivat'], ['jäänmurtajat'], ['museolaivat'], ['taloustarvikkeet'], ['keramiikka'], ['fajanssi'], ['teeastiastot'], ['teekannut']]",kannu; teekannu,1956.0,Kaj Franck,8
241,ksm.158470038708700,['/Cover/Show?source=Solr&id=ksm.158470038708700&index=0&size=large'],"[{'name': 'Kaj Franck', 'role': 'suunnittelija'}, {'name': 'Iittalan Lasitehdas', 'role': 'valmistaja'}]","[['maljakot'], ['lasimaljakot'], ['koristemaljakot'], ['1958-1980 käyttöaika']]",Iittala Kartio-maljakko; maljakko; kukkamaljakko,1957.0,Kaj Franck,8
242,ksm.158470112783300,['/Cover/Show?source=Solr&id=ksm.158470112783300&index=0&size=large'],"[{'name': 'Kaj Franck', 'role': 'suunnittelija'}]","[['lasi'], ['lasiesineet'], ['astiat'], ['juomalasit'], ['Kartio'], ['Nuutajärvi'], ['2003 käyttöaika']]",Nuutajärvi Kartio puristejuomalasi 5027; lasi; juomalasi,1958.0,Kaj Franck,8
243,ksm.158470112787600,['/Cover/Show?source=Solr&id=ksm.158470112787600&index=0&size=large'],"[{'name': 'Kaj Franck', 'role': 'suunnittelija'}]","[['lasi'], ['lasiesineet'], ['astiat'], ['juomalasit'], ['snapsilasit'], ['Kartio'], ['Nuutajärvi'], ['2003 käyttöaika']]",Nuutajärvi Kartio puristesnapsilasi 5027; lasi; snapsilasi,1958.0,Kaj Franck,8
244,mkm.166867484104600,['/Cover/Show?source=Solr&id=mkm.166867484104600&index=0&size=large'],"[{'name': 'Arabia', 'role': 'valmistaja'}, {'name': 'Kaj Franck', 'role': 'muotoilija'}, {'name': 'Raija Uosikkinen', 'role': 'suunnittelija'}]","[['Etelä-Savo'], ['Mäntyharju'], ['kahvi'], ['astiat'], ['posliini']]",Kahvikuppi,1958.0,Kaj Franck,8
245,heinolanmuseo.hkm-86128,['/Cover/Show?source=Solr&id=heinolanmuseo.hkm-86128&index=0&size=large'],"[{'name': 'Franck Kaj', 'role': 'Suunnittelija'}, {'name': 'Nuutajärven lasitehdas', 'role': 'Valmistaja'}]","[['Juomalasit'], ['Matkamuistot']]",matkamuisto; Mehulasi 1725,1959.0,Kaj Franck,8
246,heinolanmuseo.hkm-100189,['/Cover/Show?source=Solr&id=heinolanmuseo.hkm-100189&index=0&size=large'],"[{'name': 'Franck Kaj', 'role': 'Suunnittelija'}, {'name': 'Nuutajärven lasitehdas', 'role': 'Valmistaja'}]","[['käyttöesineet'], ['maljat'], ['kulhot'], ['1960-1963']]","kulho; Fasetti, 5037, 5537",1960.0,Kaj Franck,8
247,heinolanmuseo.hkm-97809,['/Cover/Show?source=Solr&id=heinolanmuseo.hkm-97809&index=0&size=large'],"[{'name': 'Franck Kaj', 'role': 'Suunnittelija'}, {'name': 'Arabia', 'role': 'Valmistaja'}]","[['kahviastiastot'], ['kahvikulttuuri'], ['juoma-astiat'], ['kahvikupit']]",kahvikuppi; LA,1960.0,Kaj Franck,8
248,heinolanmuseo.hkm-97810,['/Cover/Show?source=Solr&id=heinolanmuseo.hkm-97810&index=0&size=large'],"[{'name': 'Franck Kaj', 'role': 'Suunnittelija'}, {'name': 'Arabia', 'role': 'Valmistaja'}]","[['kahvikulttuuri'], ['aluslautaset'], ['lautaset (astiat)']]",aluslautanen; LA,1960.0,Kaj Franck,8
249,heinolanmuseo.hkm-97812,['/Cover/Show?source=Solr&id=heinolanmuseo.hkm-97812&index=0&size=large'],"[{'name': 'Franck Kaj', 'role': 'Suunnittelija'}, {'name': 'Arabia', 'role': 'Valmistaja'}]","[['kahviastiastot'], ['kahvikulttuuri'], ['lautaset (astiat)']]",leipälautanen; LA,1960.0,Kaj Franck,8
250,hkm.04DE52D4-B0A5-4552-843E-5B1DDDDBA988,['/Cover/Show?source=Solr&id=hkm.04DE52D4-B0A5-4552-843E-5B1DDDDBA988&index=0&size=large'],"[{'name': 'Nuutajärven lasitehdas', 'role': 'valmistaja'}, {'name': 'Franck, Kaj', 'role': 'muotoilija', 'id': 'https://isni.org/isni/0000000110513983'}]","[['muotoilu'], ['taideteollisuus'], ['keräily'], ['koriste-esineet'], ['sisustus']]",maljakko,1960.0,Kaj Franck,8
251,hkm.9ED2F808-5192-45CF-B3DD-A0FDA19C8528,['/Cover/Show?source=Solr&id=hkm.9ED2F808-5192-45CF-B3DD-A0FDA19C8528&index=0&size=large'],"[{'name': 'Franck, Kaj', 'role': 'muotoilija', 'id': 'https://isni.org/isni/0000000110513983'}]","[['koriste-esineet'], ['sisustus'], ['koristekasvit'], ['tarjoiluastiat'], ['astiat'], ['käyttöaika 1960-']]",karahvi; Kartio,1960.0,Kaj Franck,8
252,ksm.158470053480400,['/Cover/Show?source=Solr&id=ksm.158470053480400&index=0&size=large'],"[{'name': 'Arabia', 'role': 'valmistaja'}, {'name': 'Kaj Franck', 'role': 'suunnittelija'}]","[['tarjoiluastiat'], ['KIlta'], ['paistivadit'], ['Arabia'], ['tarjoilulautaset'], ['ruokailuastiastot'], ['tarjoiluastiastot'], ['1961-1988 käyttöaika']]",Arabia Kilta-paistivati; astia; vati;lautanen; paistivati; tarjoiluastia; tarjoilulautanen,1960.0,Kaj Franck,8
253,ksm.158470053484800,['/Cover/Show?source=Solr&id=ksm.158470053484800&index=0&size=large'],"[{'name': 'Arabia', 'role': 'valmistaja'}, {'name': 'Kaj Franck', 'role': 'suunnittelija'}]","[['Kilta'], ['astia'], ['Arabia'], ['vadit'], ['1961-1988 käyttöaika']]",Arabia Kilta-vihannesvati; astia; vati; vihannesastia,1960.0,Kaj Franck,8
254,ksm.158470053506300,['/Cover/Show?source=Solr&id=ksm.158470053506300&index=0&size=large'],"[{'name': 'Arabia', 'role': 'valmistaja'}, {'name': 'Kaj Franck', 'role': 'suunnittelija'}]","[['tarjoiluastiat'], ['tarjoiluvadit: Arabia'], ['Kilta'], ['ruokailuastiastot'], ['tarjoiluastiastot'], ['1961-1988 käyttöaika']]",Arabia Kilta-vihannesvati; astia; vati; vihannesastia,1960.0,Kaj Franck,8
255,lappeenrannanmuseot.816ae236-1aea-4750-864f-0de4c2bf432b,['/Cover/Show?source=Solr&id=lappeenrannanmuseot.816ae236-1aea-4750-864f-0de4c2bf432b&index=0&size=large'],"[{'name': 'Arabia', 'role': 'valmistaja, varma'}, {'name': 'Oy Wärtsilä Ab', 'role': 'valmistaja, varma'}, {'name': 'Franck, Kaj', 'role': 'suunnittelija, varma'}]","[['astiat'], ['kulhot'], ['emali'], ['teräs']]",kulho,1960.0,Kaj Franck,8
256,museovirasto.11A4629F1453D797E3215E8362F41112,"['/Cover/Show?source=Solr&id=museovirasto.11A4629F1453D797E3215E8362F41112&index=0&size=large', '/Cover/Show?source=Solr&id=museovirasto.11A4629F1453D797E3215E8362F41112&index=1&size=large']","[{'name': 'Arabia', 'role': 'valmistaja'}, {'name': 'Franck, Kaj', 'role': 'suunnittelija'}, {'name': 'Juurikkala, Anja', 'role': 'koristemaalari'}]","[['astiat'], ['kaatimet']]",maitokannu,1960.0,Kaj Franck,8
257,tmk.161021353179200,['/Cover/Show?source=Solr&id=tmk.161021353179200&index=0&size=large'],"[{'name': 'Arabia Oy', 'role': 'valmistaja'}, {'name': 'Kaj Franck', 'role': 'suunnittelija'}]",[['kulhot']],Kilta; kulho,1960.0,Kaj Franck,8
258,hkm.B9F8AD32-2D24-4965-97F3-E0151A3AA853,['/Cover/Show?source=Solr&id=hkm.B9F8AD32-2D24-4965-97F3-E0151A3AA853&index=0&size=large'],"[{'name': 'Nuutajärven lasitehdas', 'role': 'valmistaja'}, {'name': 'Franck, Kaj', 'role': 'muotoilija', 'id': 'https://isni.org/isni/0000000110513983'}]","[['muotoilu'], ['taideteollisuus'], ['keräily'], ['koriste-esineet'], ['sisustus']]",pullo; taskumatti; Napakymppi viinalipas,1961.0,Kaj Franck,8
259,heinolanmuseo.hkm-95012,"['/Cover/Show?source=Solr&id=heinolanmuseo.hkm-95012&index=0&size=large', '/Cover/Show?source=Solr&id=heinolanmuseo.hkm-95012&index=1&size=large']","[{'name': 'Franck Kaj', 'role': 'Suunnittelija'}, {'name': 'Nuutajärven lasitehdas', 'role': 'Valmistaja'}]","[['Koriste-esineet'], ['Maljat'], ['Astiat']]",malja,1962.0,Kaj Franck,8
260,hkm.4AED5CB2-CA36-4860-BFAA-05F6B7E739CB,['/Cover/Show?source=Solr&id=hkm.4AED5CB2-CA36-4860-BFAA-05F6B7E739CB&index=0&size=large'],"[{'name': 'Nuutajärven lasitehdas', 'role': 'valmistaja'}, {'name': 'Franck, Kaj', 'role': 'muotoilija', 'id': 'https://isni.org/isni/0000000110513983'}]","[['muotoilu'], ['taideteollisuus'], ['keräily'], ['koriste-esineet'], ['sisustus']]",maljakko; purkki,1962.0,Kaj Franck,8
261,hkm.E01A83DE-2C7A-4EAF-AD22-ED1FC2092F65,['/Cover/Show?source=Solr&id=hkm.E01A83DE-2C7A-4EAF-AD22-ED1FC2092F65&index=0&size=large'],"[{'name': 'Nuutajärven lasitehdas', 'role': 'valmistaja'}, {'name': 'Franck, Kaj', 'role': 'muotoilija', 'id': 'https://isni.org/isni/0000000110513983'}]","[['muotoilu'], ['taideteollisuus'], ['keräily'], ['koriste-esineet'], ['sisustus']]",karahvi; Kremlin kello,1962.0,Kaj Franck,8
262,lahdenmuseo.lkm-60459,"['/Cover/Show?source=Solr&id=lahdenmuseo.lkm-60459&index=0&size=large', '/Cover/Show?source=Solr&id=lahdenmuseo.lkm-60459&index=1&size=large']","[{'name': 'Franck Kaj', 'role': 'Suunnittelija'}, {'name': 'Arabia', 'role': 'Valmistaja'}]","[['vieraanvaraisuus'], ['kahvikupit'], ['Kahvinjuonti'], ['1947']]","Kahvikuppi; kahvikuppi ja aluslautanen; Kultaraita, malli OZ",1964.0,Kaj Franck,8
263,heinolanmuseo.hkm-92600,['/Cover/Show?source=Solr&id=heinolanmuseo.hkm-92600&index=0&size=large'],"[{'name': 'Franck Kaj', 'role': 'Suunnittelija'}, {'name': 'Arabia', 'role': 'Valmistaja'}]","[['tarjoiluastiat'], ['kannut'], ['Kaatimet']]",kannu; Kilta,1965.0,Kaj Franck,8
264,hkm.20AF44E6-2604-44D4-8CF0-404B93110CB5,['/Cover/Show?source=Solr&id=hkm.20AF44E6-2604-44D4-8CF0-404B93110CB5&index=0&size=large'],"[{'name': 'Wärtsilä-yhtymä O/Y', 'role': 'valmistaja'}, {'name': 'Järvenpään emali', 'role': 'valmistaja'}, {'name': 'Franck, Kaj', 'role': 'muotoilija', 'id': 'https://isni.org/isni/0000000110513983'}]","[['astiat'], ['säilytysastiat'], ['kulhot'], ['kodinkoneet'], ['jääkaapit'], ['teollinen muotoilu'], ['käyttöaika - 1993']]",kulho; jääkaappirasia; Finel,1965.0,Kaj Franck,8
265,hkm.2735A265-4B3D-4452-A2F6-071EC9C77B71,['/Cover/Show?source=Solr&id=hkm.2735A265-4B3D-4452-A2F6-071EC9C77B71&index=0&size=large'],"[{'name': 'Arabia', 'role': 'valmistaja', 'id': 'https://isni.org/isni/0000000474635201'}, {'name': 'Uosikkinen, Raija', 'role': 'suunnittelija'}, {'name': 'Franck, Kaj', 'role': 'muotoilija', 'id': 'https://isni.org/isni/0000000110513983'}]","[['kattaus'], ['astiat']]",lautanen; syvä lautanen; Ali,1965.0,Kaj Franck,8
266,hkm.B1C8794B-F9E6-41C8-AD1A-415AC2139462,['/Cover/Show?source=Solr&id=hkm.B1C8794B-F9E6-41C8-AD1A-415AC2139462&index=0&size=large'],"[{'name': 'Wärtsilä-yhtymä O/Y', 'role': 'valmistaja'}, {'name': 'Järvenpään emali', 'role': 'valmistaja'}, {'name': 'Franck, Kaj', 'role': 'muotoilija', 'id': 'https://isni.org/isni/0000000110513983'}]","[['astiat'], ['säilytysastiat'], ['kulhot'], ['kodinkoneet'], ['jääkaapit'], ['teollinen muotoilu'], ['pintakäsittely'], ['emalointi'], ['metalliteollisuus'], ['käyttöaika - 1993']]",kulho; jääkaappirasia; Finel,1965.0,Kaj Franck,8
267,werstas.we-1597324,"['/Cover/Show?source=Solr&id=werstas.we-1597324&index=0&size=large', '/Cover/Show?source=Solr&id=werstas.we-1597324&index=1&size=large']","[{'name': 'Franck, Kaj', 'role': 'Suunnittelija'}]","[['osuustoiminta'], ['edistysmielinen osuustoimintaliike'], ['E-liike']]",Lasilautanen; Kulutusosuuskuntien Keskusliitto 1967 -lautanen,1966.0,Kaj Franck,8
268,hkm.1340D060-0C45-4D33-B002-F637D417704A,['/Cover/Show?source=Solr&id=hkm.1340D060-0C45-4D33-B002-F637D417704A&index=0&size=large'],"[{'name': 'Arabia', 'role': 'valmistaja', 'id': 'https://isni.org/isni/0000000474635201'}, {'name': 'Franck, Kaj', 'role': 'muotoilija', 'id': 'https://isni.org/isni/0000000110513983'}]","[['astiat'], ['kattaus'], ['säilytys']]","rasia; sokerikko, sokerirasia; Kilta; BA",1969.0,Kaj Franck,8
269,hkm.293185C0-54F1-4D1B-802E-FFB855692452,['/Cover/Show?source=Solr&id=hkm.293185C0-54F1-4D1B-802E-FFB855692452&index=0&size=large'],"[{'name': 'Arabia', 'role': 'valmistaja', 'id': 'https://isni.org/isni/0000000474635201'}, {'name': 'Franck, Kaj', 'role': 'muotoilija', 'id': 'https://isni.org/isni/0000000110513983'}]","[['astiat'], ['kattaus'], ['säilytys']]",rasia; purnukka; Kilta; BA,1969.0,Kaj Franck,8
270,hkm.2F057492-47E6-4398-8043-CB9CAF5D3511,['/Cover/Show?source=Solr&id=hkm.2F057492-47E6-4398-8043-CB9CAF5D3511&index=0&size=large'],"[{'name': 'Arabia', 'role': 'valmistaja', 'id': 'https://isni.org/isni/0000000474635201'}, {'name': 'Franck, Kaj', 'role': 'muotoilija', 'id': 'https://isni.org/isni/0000000110513983'}]","[['astiat'], ['kattaus'], ['tarjoiluastiat']]",vati; paistinvati; Kilta; Malli BA,1969.0,Kaj Franck,8
271,hkm.49738CF0-05DF-4F16-8650-62234937464C,['/Cover/Show?source=Solr&id=hkm.49738CF0-05DF-4F16-8650-62234937464C&index=0&size=large'],"[{'name': 'Arabia', 'role': 'valmistaja', 'id': 'https://isni.org/isni/0000000474635201'}, {'name': 'Franck, Kaj', 'role': 'muotoilija', 'id': 'https://isni.org/isni/0000000110513983'}]","[['astiat'], ['kattaus'], ['tarjoiluastiat']]",kulho; Kilta; malli BA,1969.0,Kaj Franck,8
272,hkm.6ABF77E5-F436-4AE2-9436-DAB511D46B8A,['/Cover/Show?source=Solr&id=hkm.6ABF77E5-F436-4AE2-9436-DAB511D46B8A&index=0&size=large'],"[{'name': 'Arabia', 'role': 'valmistaja', 'id': 'https://isni.org/isni/0000000474635201'}, {'name': 'Franck, Kaj', 'role': 'muotoilija', 'id': 'https://isni.org/isni/0000000110513983'}]","[['astiat'], ['säilytys'], ['tarjoiluastiat']]",rasia; purnukka; Kilta; BA,1969.0,Kaj Franck,8
273,hkm.851B9819-B92B-438F-83FC-FD3E40DF59A9,['/Cover/Show?source=Solr&id=hkm.851B9819-B92B-438F-83FC-FD3E40DF59A9&index=0&size=large'],"[{'name': 'Arabia', 'role': 'valmistaja', 'id': 'https://isni.org/isni/0000000474635201'}, {'name': 'Franck, Kaj', 'role': 'muotoilija', 'id': 'https://isni.org/isni/0000000110513983'}]","[['astiat'], ['kattaus'], ['juomat'], ['juoma-astiat']]",kaadin; maitokannu; Kilta; BA,1969.0,Kaj Franck,8
274,hkm.878AA4CB-1BC0-4EA1-B82D-B84BD5AFE491,['/Cover/Show?source=Solr&id=hkm.878AA4CB-1BC0-4EA1-B82D-B84BD5AFE491&index=0&size=large'],"[{'name': 'Arabia', 'role': 'valmistaja', 'id': 'https://isni.org/isni/0000000474635201'}, {'name': 'Franck, Kaj', 'role': 'muotoilija', 'id': 'https://isni.org/isni/0000000110513983'}]","[['astiat'], ['kattaus'], ['tee'], ['juomat'], ['juoma-astiat']]",teekuppi; teekuppipari; Kilta; BA,1969.0,Kaj Franck,8
275,hkm.94EF55B6-A206-4833-B86D-8647D48714AA,['/Cover/Show?source=Solr&id=hkm.94EF55B6-A206-4833-B86D-8647D48714AA&index=0&size=large'],"[{'name': 'Arabia', 'role': 'valmistaja', 'id': 'https://isni.org/isni/0000000474635201'}, {'name': 'Franck, Kaj', 'role': 'muotoilija', 'id': 'https://isni.org/isni/0000000110513983'}]","[['astiat'], ['kattaus'], ['tee'], ['juomat'], ['juoma-astiat']]",teekuppi; teekuppipari; Kilta; BA,1969.0,Kaj Franck,8
276,hkm.C7C5CBC8-B00E-480E-8206-BD80BD940176,['/Cover/Show?source=Solr&id=hkm.C7C5CBC8-B00E-480E-8206-BD80BD940176&index=0&size=large'],"[{'name': 'Arabia', 'role': 'valmistaja', 'id': 'https://isni.org/isni/0000000474635201'}, {'name': 'Franck, Kaj', 'role': 'muotoilija', 'id': 'https://isni.org/isni/0000000110513983'}]","[['astiat'], ['kattaus'], ['tarjoiluastiat']]",kulho; vihannesastia; Kilta; BA,1969.0,Kaj Franck,8
277,hkm.F49D28BA-A481-45D8-83E3-009D3AB94433,['/Cover/Show?source=Solr&id=hkm.F49D28BA-A481-45D8-83E3-009D3AB94433&index=0&size=large'],"[{'name': 'Arabia', 'role': 'valmistaja', 'id': 'https://isni.org/isni/0000000474635201'}, {'name': 'Franck, Kaj', 'role': 'muotoilija', 'id': 'https://isni.org/isni/0000000110513983'}]","[['astiat'], ['kattaus'], ['kerma'], ['maito'], ['juomat'], ['juoma-astiat']]",kaadin; kermakko; Kilta; BA,1969.0,Kaj Franck,8
278,hkm.2844F124-7EE7-4223-8199-439F32DE7C8B,['/Cover/Show?source=Solr&id=hkm.2844F124-7EE7-4223-8199-439F32DE7C8B&index=0&size=large'],"[{'name': 'Oy Stockmann Ab', 'role': 'jälleenmyyjä', 'id': 'http://urn.fi/URN:NBN:fi:au:finaf:000011301'}, {'name': 'Hackman & Co', 'role': 'valmistaja', 'id': 'http://urn.fi/URN:NBN:fi:au:finaf:000038429'}, {'name': 'Franck, Kaj', 'role': 'muotoilija', 'id': 'https://isni.org/isni/0000000110513983'}]","[['taloustarvikkeet'], ['ottimet'], ['haarukat']]",haarukka; Scandia; tarjoiluhaarukka,1970.0,Kaj Franck,8
279,tmk.160998424283000,['/Cover/Show?source=Solr&id=tmk.160998424283000&index=0&size=large'],"[{'name': 'Arabia Oy', 'role': 'valmistaja'}, {'name': 'Kaj Franck', 'role': 'suunnittelija'}]","[['astiat'], ['kannut'], ['teekannut']]",kannu; teekannu,1970.0,Kaj Franck,8
280,tmk.160998424802700,"['/Cover/Show?source=Solr&id=tmk.160998424802700&index=0&size=large', '/Cover/Show?source=Solr&id=tmk.160998424802700&index=1&size=large']","[{'name': 'Arabia Oy', 'role': 'valmistaja'}, {'name': 'Kaj Franck', 'role': 'suunnittelija'}]","[['astiat'], ['lautaset']]",lautanen; matala lautanen,1970.0,Kaj Franck,8
281,tmk.160998425238900,"['/Cover/Show?source=Solr&id=tmk.160998425238900&index=0&size=large', '/Cover/Show?source=Solr&id=tmk.160998425238900&index=1&size=large']","[{'name': 'Arabia Oy', 'role': 'valmistaja'}, {'name': 'Kaj Franck', 'role': 'suunnittelija'}]","[['astiat'], ['lautaset']]",lautanen; matala lautanen,1970.0,Kaj Franck,8
282,tmk.160998425650400,['/Cover/Show?source=Solr&id=tmk.160998425650400&index=0&size=large'],"[{'name': 'Arabia Oy', 'role': 'valmistaja'}, {'name': 'Kaj Franck', 'role': 'suunnittelija'}]","[['kulhot'], ['vadit'], ['astiat']]",tarjoilukulho; vati / kulho,1970.0,Kaj Franck,8
283,tmk.160998426010400,['/Cover/Show?source=Solr&id=tmk.160998426010400&index=0&size=large'],"[{'name': 'Arabia Oy', 'role': 'valmistaja'}, {'name': 'Kaj Franck', 'role': 'suunnittelija'}]","[['vadit'], ['astiat'], ['kulhot']]",tarjoilukulho; vati / kulho,1970.0,Kaj Franck,8
284,tmk.160998426375300,['/Cover/Show?source=Solr&id=tmk.160998426375300&index=0&size=large'],"[{'name': 'Arabia Oy', 'role': 'valmistaja'}, {'name': 'Kaj Franck', 'role': 'suunnittelija'}]","[['vadit'], ['kulhot'], ['astiat']]",tarjoilukulho; vati / kulho,1970.0,Kaj Franck,8
285,tmk.160998426737700,"['/Cover/Show?source=Solr&id=tmk.160998426737700&index=0&size=large', '/Cover/Show?source=Solr&id=tmk.160998426737700&index=1&size=large']","[{'name': 'Arabia Oy', 'role': 'valmistaja'}, {'name': 'Kaj Franck', 'role': 'suunnittelija'}]","[['kupit'], ['astiat'], ['kahvikupit']]",kahvikuppi; kuppi + lautanen (kaksi paria),1970.0,Kaj Franck,8
286,tmk.160998427176300,"['/Cover/Show?source=Solr&id=tmk.160998427176300&index=0&size=large', '/Cover/Show?source=Solr&id=tmk.160998427176300&index=1&size=large']","[{'name': 'Arabia Oy', 'role': 'valmistaja'}, {'name': 'Kaj Franck', 'role': 'suunnittelija'}]","[['kermakot'], ['sokerikot'], ['astiat']]",sokerikko + kermakko,1970.0,Kaj Franck,8
287,heinolanmuseo.hkm-86410,['/Cover/Show?source=Solr&id=heinolanmuseo.hkm-86410&index=0&size=large'],"[{'name': 'Franck Kaj', 'role': 'Suunnittelija'}, {'name': 'Arabia', 'role': 'Valmistaja'}]","[['Lautaset'], ['Ruokailuastiat'], ['Astiastot']]",ruokalautanen; Kilta,1971.0,Kaj Franck,8
288,heinolanmuseo.hkm-86411,['/Cover/Show?source=Solr&id=heinolanmuseo.hkm-86411&index=0&size=large'],"[{'name': 'Franck Kaj', 'role': 'Suunnittelija'}, {'name': 'Arabia', 'role': 'Valmistaja'}]","[['Kupit'], ['Ruokailuastiat'], ['Astiastot']]",syvä lautanen; Kilta,1971.0,Kaj Franck,8
289,heinolanmuseo.hkm-86412,['/Cover/Show?source=Solr&id=heinolanmuseo.hkm-86412&index=0&size=large'],"[{'name': 'Franck Kaj', 'role': 'Suunnittelija'}, {'name': 'Arabia', 'role': 'Valmistaja'}]","[['Vadit'], ['Tarjoiluastiat'], ['Astiastot']]",vati; Kilta,1971.0,Kaj Franck,8
290,heinolanmuseo.hkm-86414,['/Cover/Show?source=Solr&id=heinolanmuseo.hkm-86414&index=0&size=large'],"[{'name': 'Franck Kaj', 'role': 'Suunnittelija'}, {'name': 'Arabia', 'role': 'Valmistaja'}]","[['Vadit'], ['Tarjoiluastiat'], ['Astiastot']]",tarjoiluvati; Kilta,1971.0,Kaj Franck,8
291,heinolanmuseo.hkm-86416,['/Cover/Show?source=Solr&id=heinolanmuseo.hkm-86416&index=0&size=large'],"[{'name': 'Franck Kaj', 'role': 'Suunnittelija'}, {'name': 'Arabia', 'role': 'Valmistaja'}]","[['tarjoiluastiat'], ['kannut'], ['Kaatimet'], ['Juoma-astiat'], ['Astiastot']]",kannu; Kilta,1971.0,Kaj Franck,8
292,heinolanmuseo.hkm-95153,"['/Cover/Show?source=Solr&id=heinolanmuseo.hkm-95153&index=0&size=large', '/Cover/Show?source=Solr&id=heinolanmuseo.hkm-95153&index=1&size=large', '/Cover/Show?source=Solr&id=heinolanmuseo.hkm-95153&index=2&size=large']","[{'name': 'Tomula Esteri', 'role': 'Suunnittelija'}, {'name': 'Franck Kaj', 'role': 'Suunnittelija'}, {'name': 'Arabia', 'role': 'Valmistaja'}]","[['kahvikulttuuri'], ['Astiat'], ['Kattaukset'], ['Kahvikupit'], ['Kahviastiat'], ['Kahviastiastot']]",kahvikuppi; OZ; Rinki,1971.0,Kaj Franck,8
293,heinolanmuseo.hkm-97790,['/Cover/Show?source=Solr&id=heinolanmuseo.hkm-97790&index=0&size=large'],"[{'name': 'Franck Kaj', 'role': 'Suunnittelija'}, {'name': 'Nuutajärven lasitehdas', 'role': 'Valmistaja'}]","[['Juoma-astiat'], ['Tarjoilu'], ['Kaatimet'], ['Tarjoiluastiat'], ['Astiat'], ['Kattaukset']]",kaadin; Purtilo,1971.0,Kaj Franck,8
294,hkm.24A28656-6FD0-4161-9D1F-8DB4851EF77A,['/Cover/Show?source=Solr&id=hkm.24A28656-6FD0-4161-9D1F-8DB4851EF77A&index=0&size=large'],"[{'name': 'Arabia', 'role': 'valmistaja', 'id': 'https://isni.org/isni/0000000474635201'}, {'name': 'Franck, Kaj', 'role': 'muotoilija', 'id': 'https://isni.org/isni/0000000110513983'}]","[['kattaus'], ['astiat']]",vuoka; uunivuoka; Kilta; BA,1971.0,Kaj Franck,8
295,hkm.5361AEB7-47E6-49FF-8D80-540D1140839D,['/Cover/Show?source=Solr&id=hkm.5361AEB7-47E6-49FF-8D80-540D1140839D&index=0&size=large'],"[{'name': 'Arabia', 'role': 'valmistaja', 'id': 'https://isni.org/isni/0000000474635201'}, {'name': 'Franck, Kaj', 'role': 'muotoilija', 'id': 'https://isni.org/isni/0000000110513983'}]","[['kattaus'], ['astiat'], ['tarjoiluastiat']]",kulho; Kilta; BA,1971.0,Kaj Franck,8
296,ksm.165484605001900,['/Cover/Show?source=Solr&id=ksm.165484605001900&index=0&size=large'],"[{'name': 'Arabia', 'role': 'valmistaja'}, {'name': 'Nuutajärven Lasi', 'role': 'valmistaja'}, {'name': 'Kaj Franck', 'role': 'suunnittelija'}]","[['lasituotteet'], ['korit (kanto- tai säilytysvälineet)'], ['lasiesineet'], ['astiat'], ['1971-2013']]",Sargasso lasikori; lasiastia; lasikori,1971.0,Kaj Franck,8
297,heinolanmuseo.hkm-100196,['/Cover/Show?source=Solr&id=heinolanmuseo.hkm-100196&index=0&size=large'],"[{'name': 'Franck Kaj', 'role': 'Suunnittelija'}, {'name': 'Nuutajärven lasitehdas', 'role': 'Valmistaja'}]","[['käyttöesineet'], ['juomalasit'], ['1955-1958']]","juomalasi; Kartio, 5027",1974.0,Kaj Franck,8
298,hkm.3F6648B7-0F91-4CE6-90E5-4EDDE8B25618,['/Cover/Show?source=Solr&id=hkm.3F6648B7-0F91-4CE6-90E5-4EDDE8B25618&index=0&size=large'],"[{'name': 'Nuutajärven lasitehdas', 'role': 'valmistaja'}, {'name': 'Franck, Kaj', 'role': 'muotoilija', 'id': 'https://isni.org/isni/0000000110513983'}]","[['muotoilu'], ['taideteollisuus'], ['keräily'], ['koriste-esineet'], ['sisustus']]",pikari; lasipikari; Pokaali,1974.0,Kaj Franck,8
299,hkm.3F8AC8AF-5195-4221-869D-9C0CB646D021,['/Cover/Show?source=Solr&id=hkm.3F8AC8AF-5195-4221-869D-9C0CB646D021&index=0&size=large'],"[{'name': 'Nuutajärven lasitehdas', 'role': 'valmistaja'}, {'name': 'Franck, Kaj', 'role': 'muotoilija', 'id': 'https://isni.org/isni/0000000110513983'}]","[['muotoilu'], ['taideteollisuus'], ['keräily'], ['koriste-esineet'], ['sisustus']]",pikari; lasipikari; Pokaali,1974.0,Kaj Franck,8
300,hkm.71C5D4FD-5B9A-4C08-8D41-D928B4E23353,['/Cover/Show?source=Solr&id=hkm.71C5D4FD-5B9A-4C08-8D41-D928B4E23353&index=0&size=large'],"[{'name': 'Arabia', 'role': 'valmistaja', 'id': 'https://isni.org/isni/0000000474635201'}, {'name': 'Procopé, Ulla', 'role': 'suunnittelija', 'id': 'http://urn.fi/URN:NBN:fi:au:finaf:000151718'}, {'name': 'Franck, Kaj', 'role': 'muotoilija', 'id': 'https://isni.org/isni/0000000110513983'}]","[['teekupit'], ['aluslautaset'], ['fajanssiteollisuus'], ['koristemaalaus'], ['keraaminen teollisuus'], ['tee']]",teekuppi ja aluslautanen; Fiesta; XB,1974.0,Kaj Franck,8
301,hkm.9F1026B4-DE7B-468B-B9E6-6AD67845BEF6,['/Cover/Show?source=Solr&id=hkm.9F1026B4-DE7B-468B-B9E6-6AD67845BEF6&index=0&size=large'],"[{'name': 'Nuutajärven lasitehdas', 'role': 'valmistaja'}, {'name': 'Franck, Kaj', 'role': 'muotoilija', 'id': 'https://isni.org/isni/0000000110513983'}]","[['muotoilu'], ['taideteollisuus'], ['keräily'], ['koriste-esineet'], ['sisustus']]",pikari; lasipikari; Pokaali,1974.0,Kaj Franck,8
302,hkm.FFD98B59-5CBD-48FE-9F93-3A9D289D214A,['/Cover/Show?source=Solr&id=hkm.FFD98B59-5CBD-48FE-9F93-3A9D289D214A&index=0&size=large'],"[{'name': 'Nuutajärven lasitehdas', 'role': 'valmistaja'}, {'name': 'Franck, Kaj', 'role': 'muotoilija', 'id': 'https://isni.org/isni/0000000110513983'}]","[['muotoilu'], ['taideteollisuus'], ['keräily'], ['koriste-esineet'], ['sisustus']]",pikari; lasipikari; Pokaali,1974.0,Kaj Franck,8
303,hkm.1A5A35B9-BFF4-4DF9-A39A-2E7DBFED3EF6,['/Cover/Show?source=Solr&id=hkm.1A5A35B9-BFF4-4DF9-A39A-2E7DBFED3EF6&index=0&size=large'],"[{'name': 'Arabia', 'role': 'valmistaja', 'id': 'https://isni.org/isni/0000000474635201'}, {'name': 'Franck, Kaj', 'role': 'muotoilija', 'id': 'https://isni.org/isni/0000000110513983'}]","[['kahvi'], ['kattaus'], ['juomat'], ['juoma-astiat'], ['tee']]",kannu; teekannu; Kilta; BA,1975.0,Kaj Franck,8
304,hkm.5EC623C8-41DF-473C-868B-E0EBFC535EE3,['/Cover/Show?source=Solr&id=hkm.5EC623C8-41DF-473C-868B-E0EBFC535EE3&index=0&size=large'],"[{'name': 'Sarvis Oy', 'role': 'valmistaja'}, {'name': 'Franck, Kaj', 'role': 'muotoilija', 'id': 'https://isni.org/isni/0000000110513983'}]","[['muovi'], ['taloustarvikkeet'], ['astiat'], ['juoma-astiat'], ['kahvikupit'], ['aluslautaset'], ['kahviastiastot'], ['veneily'], ['purjeveneet'], ['käyttöaika 1980-1988']]",kuppipari; kahvikuppi ja lautanen; Pitopöytä,1978.0,Kaj Franck,8
305,tmk.160991743352100,['/Cover/Show?source=Solr&id=tmk.160991743352100&index=0&size=large'],"[{'name': 'Sarvis Oy', 'role': 'valmistaja'}, {'name': 'Kaj Franck'}]","[['lautaset'], ['astiat'], ['catering'], ['plates'], ['tableware']]",Sarvis-pitopöytälautanen; Sarvis catering plate; lautanen; plate; tableware,1978.0,Kaj Franck,8
306,tmk.160991743653500,"['/Cover/Show?source=Solr&id=tmk.160991743653500&index=0&size=large', '/Cover/Show?source=Solr&id=tmk.160991743653500&index=1&size=large']","[{'name': 'Sarvis Oy', 'role': 'valmistaja'}, {'name': 'Kaj Franck', 'role': 'suunnittelija'}]","[['lautaset'], ['catering'], ['plates'], ['tableware']]",Sarvis-lautanen; lautanen; Sarvis plate; plate; tableware,1978.0,Kaj Franck,8
307,tmk.160991743904400,['/Cover/Show?source=Solr&id=tmk.160991743904400&index=0&size=large'],"[{'name': 'Sarvis Oy', 'role': 'valmistaja'}, {'name': 'Kaj Franck', 'role': 'suunnittelija'}]","[['lautaset'], ['catering'], ['plates'], ['tableware']]",Syvä Sarvis-lautanen; lautanen; Sarvis deep plate; plate; tableware,1978.0,Kaj Franck,8
308,tmk.160991745358000,['/Cover/Show?source=Solr&id=tmk.160991745358000&index=0&size=large'],"[{'name': 'Sarvis Oy', 'role': 'valmistaja'}, {'name': 'Kaj Franck', 'role': 'suunnittelija'}]","[['astiat'], ['aluslautaset'], ['lautaset'], ['catering'], ['plates'], ['tableware']]",Sarvis-aluslautanen; lautanen; Sarvis saucer; plate; tableware,1978.0,Kaj Franck,8
309,heinolanmuseo.hkm-97899,['/Cover/Show?source=Solr&id=heinolanmuseo.hkm-97899&index=0&size=large'],"[{'name': 'Franck Kaj', 'role': 'Suunnittelija'}]","[['ruokailuastiat'], ['lautaset (astiat)']]",Ruokalautanen; Teema,1982.0,Kaj Franck,8
310,heinolanmuseo.hkm-96070,['/Cover/Show?source=Solr&id=heinolanmuseo.hkm-96070&index=0&size=large'],"[{'name': 'Franck Kaj', 'role': 'Suunnittelija'}, {'name': 'Iittala', 'role': 'Valmistaja'}]","[['karahvit'], ['Kattaukset'], ['Kaatimet']]",karahvi; Kartio/1610,1993.0,Kaj Franck,8
311,hkm.42BD52B3-9C7C-48D0-B0AF-1AB55C41D69C,['/Cover/Show?source=Solr&id=hkm.42BD52B3-9C7C-48D0-B0AF-1AB55C41D69C&index=0&size=large'],"[{'name': 'Arabia', 'role': 'valmistaja', 'id': 'https://isni.org/isni/0000000474635201'}, {'name': 'Franck, Kaj', 'role': 'muotoilija', 'id': 'https://isni.org/isni/0000000110513983'}, {'name': 'Zukale, Miira', 'role': 'graafinen suunnittelija'}]","[['muotoilu'], ['teemavuodet'], ['Helsinki'], ['juomat'], ['juoma-astiat'], ['kattaus'], ['tee'], ['kahvi'], ['astiat'], ['käyttöaika 2012']]","muki; Hetkiä Kotikaupunki, Kortteli, malli Teema",2011.0,Kaj Franck,8
312,hkm.6BCC2773-7AAF-45FC-B077-6DFFF16DB78D,['/Cover/Show?source=Solr&id=hkm.6BCC2773-7AAF-45FC-B077-6DFFF16DB78D&index=0&size=large'],"[{'name': 'Arabia', 'role': 'valmistaja', 'id': 'https://isni.org/isni/0000000474635201'}, {'name': 'Franck, Kaj', 'role': 'muotoilija', 'id': 'https://isni.org/isni/0000000110513983'}, {'name': 'Zukale, Miira', 'role': 'graafinen suunnittelija'}]","[['muotoilu'], ['teemavuodet'], ['Helsinki'], ['puistot'], ['rakennukset'], ['astiat'], ['kattaus'], ['juomat'], ['juoma-astiat'], ['tee'], ['kahvi'], ['käyttöaika 2012']]","muki; Hetkiä Kotikaupunki, Puisto, malli Teema",2011.0,Kaj Franck,8
313,hkm.8C5A1400-7034-4088-857A-3FFCFCEDB6D9,['/Cover/Show?source=Solr&id=hkm.8C5A1400-7034-4088-857A-3FFCFCEDB6D9&index=0&size=large'],"[{'name': 'Arabia', 'role': 'valmistaja', 'id': 'https://isni.org/isni/0000000474635201'}, {'name': 'Franck, Kaj', 'role': 'muotoilija', 'id': 'https://isni.org/isni/0000000110513983'}, {'name': 'Zukale, Miira', 'role': 'graafinen suunnittelija'}]","[['muotoilu'], ['teemavuodet'], ['Helsinki'], ['astiat'], ['juoma-astiat'], ['kattaus'], ['kahvi'], ['tee'], ['käyttöaika 2012']]","muki; Hetkiä Kotikaupunki; Kaupunki, malli Teema",2011.0,Kaj Franck,8
314,hkm.D5AF8ABC-CCC6-46BD-9298-CD78C46E2B93,['/Cover/Show?source=Solr&id=hkm.D5AF8ABC-CCC6-46BD-9298-CD78C46E2B93&index=0&size=large'],"[{'name': 'Arabia', 'role': 'valmistaja', 'id': 'https://isni.org/isni/0000000474635201'}, {'name': 'Franck, Kaj', 'role': 'muotoilija', 'id': 'https://isni.org/isni/0000000110513983'}, {'name': 'Zukale, Miira', 'role': 'graafinen suunnittelija'}]","[['muotoilu'], ['teemavuodet'], ['Helsinki'], ['meri'], ['rakennukset'], ['kirkot'], ['astiat'], ['kattaus'], ['juomat'], ['tee'], ['kahvi'], ['käyttöaika 2012']]","muki; Hetkiä Kotikaupunki, Meri, malli Teema",2011.0,Kaj Franck,8
315,heinolanmuseo.hkm-341472,"['/Cover/Show?source=Solr&id=heinolanmuseo.hkm-341472&index=0&size=large', '/Cover/Show?source=Solr&id=heinolanmuseo.hkm-341472&index=1&size=large']","[{'name': 'Franck Kaj', 'role': 'Suunnittelija'}, {'name': 'Arabia', 'role': 'Valmistaja'}]","[['suurtalous'], ['astiastot'], ['kaatimet'], ['kannut']]",kannu; FL 2,,Kaj Franck,8
316,heinolanmuseo.hkm-341473,"['/Cover/Show?source=Solr&id=heinolanmuseo.hkm-341473&index=0&size=large', '/Cover/Show?source=Solr&id=heinolanmuseo.hkm-341473&index=1&size=large']","[{'name': 'Franck Kaj', 'role': 'Suunnittelija'}, {'name': 'Arabia', 'role': 'Valmistaja'}]","[['astiastot'], ['kaatimet'], ['kannut'], ['suurtalous']]",kannu; FL 1,,Kaj Franck,8
317,heinolanmuseo.hkm-341474,"['/Cover/Show?source=Solr&id=heinolanmuseo.hkm-341474&index=0&size=large', '/Cover/Show?source=Solr&id=heinolanmuseo.hkm-341474&index=1&size=large']","[{'name': 'Franck Kaj', 'role': 'Suunnittelija'}, {'name': 'Arabia', 'role': 'Valmistaja'}]","[['astiastot'], ['kaatimet'], ['kannut'], ['suurtalous']]",kannu; FL 3,,Kaj Franck,8
318,heinolanmuseo.hkm-341475,"['/Cover/Show?source=Solr&id=heinolanmuseo.hkm-341475&index=0&size=large', '/Cover/Show?source=Solr&id=heinolanmuseo.hkm-341475&index=1&size=large']","[{'name': 'Franck Kaj', 'role': 'Suunnittelija'}, {'name': 'Arabia', 'role': 'Valmistaja'}]","[['astiastot'], ['kaatimet'], ['kannut'], ['suurtalous']]",kannu; FL 2,,Kaj Franck,8
319,heinolanmuseo.hkm-341476,"['/Cover/Show?source=Solr&id=heinolanmuseo.hkm-341476&index=0&size=large', '/Cover/Show?source=Solr&id=heinolanmuseo.hkm-341476&index=1&size=large', '/Cover/Show?source=Solr&id=heinolanmuseo.hkm-341476&index=2&size=large']","[{'name': 'Franck Kaj', 'role': 'Suunnittelija'}, {'name': 'Arabia', 'role': 'Valmistaja'}]","[['astiastot'], ['kaatimet'], ['kannut'], ['suurtalous']]",kahvikannu; FL 4,,Kaj Franck,8
320,heinolanmuseo.hkm-341477,"['/Cover/Show?source=Solr&id=heinolanmuseo.hkm-341477&index=0&size=large', '/Cover/Show?source=Solr&id=heinolanmuseo.hkm-341477&index=1&size=large']","[{'name': 'Franck Kaj', 'role': 'Suunnittelija'}, {'name': 'Arabia', 'role': 'Valmistaja'}]","[['tarjoiluastiat'], ['kulhot'], ['astiastot'], ['suurtalous']]",kulho; FL,,Kaj Franck,8
321,heinolanmuseo.hkm-341480,"['/Cover/Show?source=Solr&id=heinolanmuseo.hkm-341480&index=0&size=large', '/Cover/Show?source=Solr&id=heinolanmuseo.hkm-341480&index=1&size=large', '/Cover/Show?source=Solr&id=heinolanmuseo.hkm-341480&index=2&size=large']","[{'name': 'Franck Kaj', 'role': 'Suunnittelija'}, {'name': 'Arabia', 'role': 'Valmistaja'}]","[['vadit'], ['astiastot'], ['suurtalous'], ['tarjoiluastiat']]",vati; FL,,Kaj Franck,8
322,heinolanmuseo.hkm-341481,"['/Cover/Show?source=Solr&id=heinolanmuseo.hkm-341481&index=0&size=large', '/Cover/Show?source=Solr&id=heinolanmuseo.hkm-341481&index=1&size=large', '/Cover/Show?source=Solr&id=heinolanmuseo.hkm-341481&index=2&size=large']","[{'name': 'Franck Kaj', 'role': 'Suunnittelija'}, {'name': 'Arabia', 'role': 'Valmistaja'}]","[['astiastot'], ['suurtalous'], ['tarjoiluastiat'], ['vadit']]",vati; FL,,Kaj Franck,8
323,heinolanmuseo.hkm-341482,"['/Cover/Show?source=Solr&id=heinolanmuseo.hkm-341482&index=0&size=large', '/Cover/Show?source=Solr&id=heinolanmuseo.hkm-341482&index=1&size=large']","[{'name': 'Franck Kaj', 'role': 'Suunnittelija'}, {'name': 'Arabia', 'role': 'Valmistaja'}]","[['astiastot'], ['suurtalous'], ['tarjoiluastiat'], ['vadit']]",vati; FL,,Kaj Franck,8
324,heinolanmuseo.hkm-94955,['/Cover/Show?source=Solr&id=heinolanmuseo.hkm-94955&index=0&size=large'],"[{'name': 'Franck Kaj', 'role': 'Suunnittelija'}, {'name': 'Arabia', 'role': 'Valmistaja'}]","[['Lautaset'], ['Ruokailuastiastot'], ['Ruokailuastiat'], ['Kattaukset']]",lautanen; Kilta,,Kaj Franck,8
325,heinolanmuseo.hkm-94956,['/Cover/Show?source=Solr&id=heinolanmuseo.hkm-94956&index=0&size=large'],"[{'name': 'Franck Kaj', 'role': 'Suunnittelija'}, {'name': 'Arabia', 'role': 'Valmistaja'}]","[['Lautaset'], ['Ruokailuastiat'], ['Ruokailuastiastot'], ['Kattaukset']]",lautanen; Kilta,,Kaj Franck,8
326,heinolanmuseo.hkm-94957,"['/Cover/Show?source=Solr&id=heinolanmuseo.hkm-94957&index=0&size=large', '/Cover/Show?source=Solr&id=heinolanmuseo.hkm-94957&index=1&size=large']","[{'name': 'Franck Kaj', 'role': 'Suunnittelija'}, {'name': 'Arabia', 'role': 'Valmistaja'}]","[['Lautaset'], ['Ruokailuastiat'], ['Ruokailuastiastot'], ['Kattaukset']]",ruokalautanen; Kilta,,Kaj Franck,8
327,heinolanmuseo.hkm-94958,['/Cover/Show?source=Solr&id=heinolanmuseo.hkm-94958&index=0&size=large'],"[{'name': 'Franck Kaj', 'role': 'Suunnittelija'}, {'name': 'Arabia', 'role': 'Valmistaja'}]","[['Lautaset'], ['Ruokailuastiat'], ['Ruokailuastiastot'], ['Kattaukset']]",syvä lautanen; Kilta,,Kaj Franck,8
328,heinolanmuseo.hkm-96250,['/Cover/Show?source=Solr&id=heinolanmuseo.hkm-96250&index=0&size=large'],"[{'name': 'Franck Kaj', 'role': 'Suunnittelija'}, {'name': 'Arabia', 'role': 'Valmistaja'}]","[['Keramiikka'], ['Pullot'], ['Säilytysastiat'], ['Astiat']]",kermapullo; MK,,Kaj Franck,8
329,heinolanmuseo.hkm-97898,['/Cover/Show?source=Solr&id=heinolanmuseo.hkm-97898&index=0&size=large'],"[{'name': 'Franck Kaj', 'role': 'Suunnittelija'}, {'name': 'Arabia', 'role': 'Valmistaja'}]","[['ruokailuastiat'], ['lautaset (astiat)']]",lautanen; Teema,,Kaj Franck,8
330,heinolanmuseo.hkm-97900,['/Cover/Show?source=Solr&id=heinolanmuseo.hkm-97900&index=0&size=large'],"[{'name': 'Franck Kaj', 'role': 'Suunnittelija'}, {'name': 'Arabia', 'role': 'Valmistaja'}]","[['astiastot'], ['ruokailuastiat'], ['lautaset (astiat)']]",ruokalautanen; Teema,,Kaj Franck,8
331,hkm.6556175F-2F5A-47C6-A10E-140B908C5E50,['/Cover/Show?source=Solr&id=hkm.6556175F-2F5A-47C6-A10E-140B908C5E50&index=0&size=large'],"[{'name': 'Arabia', 'role': 'valmistaja', 'id': 'https://isni.org/isni/0000000474635201'}, {'name': 'Franck, Kaj', 'role': 'muotoilija', 'id': 'https://isni.org/isni/0000000110513983'}]","[['kattaus'], ['astiat'], ['tarjoiluastiat']]",kulho; tarjoilukulho; Kilta; BA,,Kaj Franck,8
332,museovirasto.00CF7243293286BE0F367C55FBC7AB01,['/Cover/Show?source=Solr&id=museovirasto.00CF7243293286BE0F367C55FBC7AB01&index=0&size=large'],"[{'name': 'Arabia', 'role': 'valmistaja'}, {'name': 'Franck, Kaj', 'role': 'suunnittelija'}]","[['astiat'], ['fajanssi'], ['höyrylaivat'], ['juoma-astiat'], ['jäänmurtajat'], ['kaatimet'], ['kannut'], ['keramiikka'], ['museolaivat'], ['taloustarvikkeet']]",kaadin; kannu,,Kaj Franck,8
333,museovirasto.20B4FF4F212290ACB3BA74D03004B931,['/Cover/Show?source=Solr&id=museovirasto.20B4FF4F212290ACB3BA74D03004B931&index=0&size=large'],"[{'name': 'Franck, Kaj', 'role': 'suunnittelija'}, {'name': 'Hackman', 'role': 'valmistaja'}]","[['astiat'], ['höyrylaivat'], ['juustohöylät'], ['jäänmurtajat'], ['museolaivat'], ['taloustarvikkeet']]",juustohöylä,,Kaj Franck,8
334,museovirasto.20D571500C0FFEAC059FAE419A391E6A,['/Cover/Show?source=Solr&id=museovirasto.20D571500C0FFEAC059FAE419A391E6A&index=0&size=large'],"[{'name': 'Arabia', 'role': 'valmistaja'}, {'name': 'Franck, Kaj', 'role': 'suunnittelija'}]","[['astiat'], ['fajanssi'], ['höyrylaivat'], ['juoma-astiat'], ['jäänmurtajat'], ['kaatimet'], ['kannut'], ['keramiikka'], ['museolaivat'], ['taloustarvikkeet']]",kaadin; kannu,,Kaj Franck,8
335,museovirasto.79B838C7F8A139CD60D24A8E3631AABD,['/Cover/Show?source=Solr&id=museovirasto.79B838C7F8A139CD60D24A8E3631AABD&index=0&size=large'],"[{'name': 'Arabia', 'role': 'valmistaja'}, {'name': 'Franck, Kaj', 'role': 'suunnittelija'}]","[['astiat'], ['fajanssi'], ['höyrylaivat'], ['juoma-astiat'], ['jäänmurtajat'], ['kaatimet'], ['kannut'], ['keramiikka'], ['museolaivat'], ['taloustarvikkeet']]",kaadin; kannu,,Kaj Franck,8
336,museovirasto.A908B3AEC5F0E873B0A2671A7F1639F6,['/Cover/Show?source=Solr&id=museovirasto.A908B3AEC5F0E873B0A2671A7F1639F6&index=0&size=large'],"[{'name': 'Arabia', 'role': 'valmistaja'}, {'name': 'Franck, Kaj', 'role': 'suunnittelija'}]","[['jäänmurtajat'], ['astiat'], ['fajanssi'], ['höyrylaivat'], ['juoma-astiat'], ['kaatimet'], ['kannut'], ['keramiikka'], ['museolaivat'], ['taloustarvikkeet']]",kaadin; kannu,,Kaj Franck,8
337,museovirasto.BBA03A60BEF46598B947E487D8A9DD69,['/Cover/Show?source=Solr&id=museovirasto.BBA03A60BEF46598B947E487D8A9DD69&index=0&size=large'],"[{'name': 'Franck, Kaj', 'role': 'suunnittelija'}, {'name': 'Hackman', 'role': 'valmistaja'}]","[['astiat'], ['höyrylaivat'], ['juustohöylät'], ['jäänmurtajat'], ['museolaivat'], ['taloustarvikkeet']]",juustohöylä,,Kaj Franck,8
338,museovirasto.C377EA09635A4CD49661D17CA7AEEE0C,['/Cover/Show?source=Solr&id=museovirasto.C377EA09635A4CD49661D17CA7AEEE0C&index=0&size=large'],"[{'name': 'Arabia', 'role': 'valmistaja'}, {'name': 'Franck, Kaj', 'role': 'suunnittelija'}]","[['astiat'], ['fajanssi'], ['höyrylaivat'], ['juoma-astiat'], ['jäänmurtajat'], ['kaatimet'], ['kannut'], ['keramiikka'], ['museolaivat'], ['taloustarvikkeet']]",kaadin; kannu,,Kaj Franck,8
339,museovirasto.C8EB155D83565141FFD913330E64FA1F,['/Cover/Show?source=Solr&id=museovirasto.C8EB155D83565141FFD913330E64FA1F&index=0&size=large'],"[{'name': 'Arabia', 'role': 'valmistaja'}, {'name': 'Franck, Kaj', 'role': 'suunnittelija'}]","[['astiat'], ['fajanssi'], ['höyrylaivat'], ['juoma-astiat'], ['jäänmurtajat'], ['kaatimet'], ['kannut'], ['keramiikka'], ['museolaivat'], ['taloustarvikkeet']]",kaadin; kannu,,Kaj Franck,8
340,museovirasto.F12AA501A1EDC1A8F79089A60CCEACC6,['/Cover/Show?source=Solr&id=museovirasto.F12AA501A1EDC1A8F79089A60CCEACC6&index=0&size=large'],"[{'name': 'Arabia', 'role': 'valmistaja'}, {'name': 'Franck, Kaj', 'role': 'suunnittelija'}]","[['astiat'], ['fajanssi'], ['höyrylaivat'], ['juoma-astiat'], ['jäänmurtajat'], ['kaatimet'], ['kannut'], ['keramiikka'], ['museolaivat'], ['taloustarvikkeet']]",kaadin; kannu,,Kaj Franck,8
341,postimuseo.FFCFF3F0-85B0-4830-BAD8-EE9F1A63CCF7,['/Cover/Show?source=Solr&id=postimuseo.FFCFF3F0-85B0-4830-BAD8-EE9F1A63CCF7&index=0&size=large'],"[{'name': 'Taskinen, Sanna', 'role': 'suunnittelija'}, {'name': 'Franck, Kaj', 'role': 'kuvan kohteen tekijä'}, {'name': 'Joh. Enschedé', 'role': 'paino'}]","[['postimerkit'], ['muotoilu'], ['teollinen muotoilu'], ['muotoilu teollinen muotoilu Kaj Franck Arabia Teema Kilta Kartio astiat lasi Nuutajärvi'], ['käyttöaika 01.04.2011']]",postimerkki; postimerkkiarkki; Kaj Franck 100 v.,,Kaj Franck,8
342,tmk.161000009794200,['/Cover/Show?source=Solr&id=tmk.161000009794200&index=0&size=large'],"[{'name': 'Nuutajärven Lasitehdas Oy', 'role': 'valmistaja'}, {'name': 'Kaj Franck', 'role': 'suunnittelija'}]","[['astiat'], ['maljakot'], ['purkit']]",maljakko (?); purkki,,Kaj Franck,8
343,tmk.161001120411000,['/Cover/Show?source=Solr&id=tmk.161001120411000&index=0&size=large'],"[{'name': 'Nuutajärven Lasitehdas Oy', 'role': 'valmistaja'}, {'name': 'Kaj Franck', 'role': 'suunnittelija'}]","[['astiat'], ['lautaset']]",koristelautanen; lautanen,,Kaj Franck,8
344,tmk.161021153440300,['/Cover/Show?source=Solr&id=tmk.161021153440300&index=0&size=large'],"[{'name': 'Iittala', 'role': 'valmistaja'}, {'name': 'Kaj Franck', 'role': 'suunnittelija'}]",[['kulhot']],kulho,,Kaj Franck,8
345,tmk.161021154001900,['/Cover/Show?source=Solr&id=tmk.161021154001900&index=0&size=large'],"[{'name': 'Kaj Franck', 'role': 'suunnittelija'}, {'name': 'Iittala', 'role': 'valmistaja'}]",[['kulhot']],kulho,,Kaj Franck,8
346,satakunnanmuseo.5591065E-9735-4166-8876-9F2534DA10F3,"['/Cover/Show?source=Solr&id=satakunnanmuseo.5591065E-9735-4166-8876-9F2534DA10F3&index=0&size=large', '/Cover/Show?source=Solr&id=satakunnanmuseo.5591065E-9735-4166-8876-9F2534DA10F3&index=1&size=large']","[{'name': 'Gallen-Kallela, Akseli', 'role': 'tekijä'}]","[['piirtäminen (taide)'], ['taide'], ['piirrokset']]",Piirustus,1870.0,Akseli Gallen-Kallela,9
347,satakunnanmuseo.96F522EE-430F-4D0F-8C67-5C7DEB0EAE81,"['/Cover/Show?source=Solr&id=satakunnanmuseo.96F522EE-430F-4D0F-8C67-5C7DEB0EAE81&index=0&size=large', '/Cover/Show?source=Solr&id=satakunnanmuseo.96F522EE-430F-4D0F-8C67-5C7DEB0EAE81&index=1&size=large']","[{'name': 'Gallen-Kallela, Akseli', 'role': 'tekijä'}]","[['signeeraaminen'], ['savukekotelot'], ['tupakka-askit'], ['kuvataiteilijat'], ['taide'], ['signeeraus']]",Savukerasian puolikas; Savukerasian kansi,1870.0,Akseli Gallen-Kallela,9
348,satakunnanmuseo.13DEB55E-6876-4F99-9841-FEEBD9C2641D,['/Cover/Show?source=Solr&id=satakunnanmuseo.13DEB55E-6876-4F99-9841-FEEBD9C2641D&index=0&size=large'],"[{'name': 'Gallen-Kallela, Akseli', 'role': 'tekijä'}]","[['lapset (ikäryhmät) (ikäryhmät)'], ['nuket'], ['puulelut'], ['leikkikalut'], ['nuket'], ['puulelut'], ['pehmolelut'], ['käsityöt'], ['lastentarvikkeet'], ['puuveistokset'], ['kuvanveisto'], ['veisto (lastuava työstö)'], ['pellava (kuidut)'], ['nukenvaatteet'], ['hameet']]",Nukke; Tyttönukke,1890.0,Akseli Gallen-Kallela,9
349,satakunnanmuseo.B03BE729-1449-44B3-B8F6-1F511298FD74,"['/Cover/Show?source=Solr&id=satakunnanmuseo.B03BE729-1449-44B3-B8F6-1F511298FD74&index=0&size=large', '/Cover/Show?source=Solr&id=satakunnanmuseo.B03BE729-1449-44B3-B8F6-1F511298FD74&index=1&size=large', '/Cover/Show?source=Solr&id=satakunnanmuseo.B03BE729-1449-44B3-B8F6-1F511298FD74&index=2&size=large']","[{'name': 'Gallen-Kallela, Akseli', 'role': 'tekijä'}]","[['lastat'], ['puutyöt'], ['puuesineet'], ['ruoanvalmistus'], ['puunveisto'], ['veisto (lastuava työstö)'], ['koristeveisto']]",Lasta; Puulasta,1892.0,Akseli Gallen-Kallela,9
350,museovirasto.F3C7149144C995AB559465B95FD46D0D,['/Cover/Show?source=Solr&id=museovirasto.F3C7149144C995AB559465B95FD46D0D&index=0&size=large'],"[{'name': 'Gallen-Kallela, Akseli', 'role': 'tekijä varma'}]",[['öljymaalaus']],öljymaalaus; Helsingin pitäjän kirkon rauniot,1893.0,Akseli Gallen-Kallela,9
351,hkm.8E0B055F-62B7-4A1D-849B-E2D608BA9DF9,['/Cover/Show?source=Solr&id=hkm.8E0B055F-62B7-4A1D-849B-E2D608BA9DF9&index=0&size=large'],"[{'name': 'Gallen-Kallela, Akseli', 'role': 'valmistaja', 'id': 'https://isni.org/isni/0000000108650663'}]","[['aatteet'], ['esoterismi'], ['rajatieto'], ['okkultismi'], ['spiritismi'], ['ennustaminen'], ['paranormaalit ilmiöt'], ['meediot'], ['käyttöaika 1894']]",ennustuskoje; emanulektori; psykografi,1894.0,Akseli Gallen-Kallela,9
352,museovirasto.A0AB60F106EC4F049A40CDC291FBACE1,"['/Cover/Show?source=Solr&id=museovirasto.A0AB60F106EC4F049A40CDC291FBACE1&index=0&size=large', '/Cover/Show?source=Solr&id=museovirasto.A0AB60F106EC4F049A40CDC291FBACE1&index=1&size=large', '/Cover/Show?source=Solr&id=museovirasto.A0AB60F106EC4F049A40CDC291FBACE1&index=2&size=large', '/Cover/Show?source=Solr&id=museovirasto.A0AB60F106EC4F049A40CDC291FBACE1&index=3&size=large', '/Cover/Show?source=Solr&id=museovirasto.A0AB60F106EC4F049A40CDC291FBACE1&index=4&size=large', '/Cover/Show?source=Solr&id=museovirasto.A0AB60F106EC4F049A40CDC291FBACE1&index=5&size=large', '/Cover/Show?source=Solr&id=museovirasto.A0AB60F106EC4F049A40CDC291FBACE1&index=6&size=large']","[{'name': 'Gallen-Kallela, Akseli', 'role': 'tekijä'}]","[['muotokuvat'], ['guassi']]",guassi; Jean Sibelius 'Sadun' säveltäjänä,1894.0,Akseli Gallen-Kallela,9
353,museovirasto.89CFCD649E28A0DB5FBCA060819D864C,"['/Cover/Show?source=Solr&id=museovirasto.89CFCD649E28A0DB5FBCA060819D864C&index=0&size=large', '/Cover/Show?source=Solr&id=museovirasto.89CFCD649E28A0DB5FBCA060819D864C&index=1&size=large']","[{'name': 'Gallen-Kallela, Akseli', 'role': 'valmistaja'}]","[['grafiikka'], ['kuolema'], ['puupiirros']]",taulu; Kalman kukka; grafiikan lehti,1895.0,Akseli Gallen-Kallela,9
354,satakunnanmuseo.09323CF4-35E9-46C8-AD76-4D8423AC02F9,"['/Cover/Show?source=Solr&id=satakunnanmuseo.09323CF4-35E9-46C8-AD76-4D8423AC02F9&index=0&size=large', '/Cover/Show?source=Solr&id=satakunnanmuseo.09323CF4-35E9-46C8-AD76-4D8423AC02F9&index=1&size=large']","[{'name': 'Gallen-Kallela, Akseli', 'role': 'tekijä'}]","[['koristeet'], ['koristeveistokset'], ['puuveistokset'], ['kuvanveisto'], ['Akseli Gallen-Kallela'], ['puutyöt'], ['puuesineet'], ['sisustus'], ['koriste-esineet']]",Koriste-esine; Kultaneidon pää,1895.0,Akseli Gallen-Kallela,9
355,gallenkallela.B5EEB93AE8354C64B3941723D3CCDCE7,['/Cover/Show?source=Solr&id=gallenkallela.B5EEB93AE8354C64B3941723D3CCDCE7&index=0&size=large'],"[{'name': 'Gallen-Kallela, Mary', 'role': 'valmistaja'}, {'name': 'Gallen-Kallela, Akseli', 'role': 'suunnittelija'}]","[['kodintekstiilit'], ['koristetekstiilit'], ['tuftaus'], ['ryijyt'], ['koristetyynyt'], ['käsityöt'], ['taideteollisuus'], ['käyttöaika 1897']]",Tyyny; sohvatyyny,1897.0,Akseli Gallen-Kallela,9
356,hkm.C845F9F9-73A3-4F47-9351-C2499787084B,['/Cover/Show?source=Solr&id=hkm.C845F9F9-73A3-4F47-9351-C2499787084B&index=0&size=large'],"[{'name': 'Gallen-Kallela, Akseli', 'role': 'suunnittelija', 'id': 'https://isni.org/isni/0000000108650663'}]","[['käsityöt'], ['kirjonta'], ['kattaus'], ['tekstiilit'], ['kodintekstiilit'], ['tekstiilisuunnittelu'], ['taiteilijat']]",liina; tarjotinliina; Vanamo,1900.0,Akseli Gallen-Kallela,9
357,hkm.F15F9932-98FA-4C38-95D2-BAB333793C2F,['/Cover/Show?source=Solr&id=hkm.F15F9932-98FA-4C38-95D2-BAB333793C2F&index=0&size=large'],"[{'name': 'Gallen-Kallela, Akseli', 'role': 'valmistaja', 'id': 'https://isni.org/isni/0000000108650663'}, {'name': 'Hotelli Seurahuone', 'role': 'suunnittelija epävarma'}]","[['jugend'], ['hotellit'], ['majoitusliikkeet'], ['huonekalut'], ['tuolit'], ['kansallisromantiikka'], ['käyttöaika - 1971']]",tuoli,1900.0,Akseli Gallen-Kallela,9
358,hkm.F67A6E6D-6AA5-411F-9D48-09898DF9ECCD,"['/Cover/Show?source=Solr&id=hkm.F67A6E6D-6AA5-411F-9D48-09898DF9ECCD&index=0&size=large', '/Cover/Show?source=Solr&id=hkm.F67A6E6D-6AA5-411F-9D48-09898DF9ECCD&index=1&size=large', '/Cover/Show?source=Solr&id=hkm.F67A6E6D-6AA5-411F-9D48-09898DF9ECCD&index=2&size=large', '/Cover/Show?source=Solr&id=hkm.F67A6E6D-6AA5-411F-9D48-09898DF9ECCD&index=3&size=large', '/Cover/Show?source=Solr&id=hkm.F67A6E6D-6AA5-411F-9D48-09898DF9ECCD&index=4&size=large', '/Cover/Show?source=Solr&id=hkm.F67A6E6D-6AA5-411F-9D48-09898DF9ECCD&index=5&size=large']","[{'name': 'G.A. Chaimowitsch', 'role': 'valmistaja'}, {'name': 'Gallen-Kallela, Akseli', 'role': 'graafinen suunnittelija epävarma', 'id': 'https://isni.org/isni/0000000108650663'}, {'name': 'Oy Karl Fazer Ab', 'role': 'valmistaja', 'id': 'http://urn.fi/URN:NBN:fi:au:finaf:000001714'}]","[['pakkaukset'], ['tuotepakkaus'], ['säilyttimet'], ['purkit'], ['makeiset'], ['makeisteollisuus'], ['käyttögrafiikka']]",rasia; Fazers karameller; makeisrasia; tuotepakkaus,1900.0,Akseli Gallen-Kallela,9
359,hkm.F81C3B7D-5618-4C0C-9A9C-D768518C6B94,['/Cover/Show?source=Solr&id=hkm.F81C3B7D-5618-4C0C-9A9C-D768518C6B94&index=0&size=large'],"[{'name': 'Gallen-Kallela, Akseli', 'role': 'graafinen suunnittelija epävarma', 'id': 'https://isni.org/isni/0000000108650663'}, {'name': 'Oy Karl Fazer Ab', 'role': 'valmistaja', 'id': 'http://urn.fi/URN:NBN:fi:au:finaf:000001714'}, {'name': 'Ges. Shestj', 'role': 'valmistaja'}]","[['jugend'], ['kansallisromantiikka'], ['pakkauset'], ['säilyttimet'], ['purkit'], ['tuotepakkaus'], ['elintarvikkeet'], ['karamellit'], ['makeiset'], ['vaakunat'], ['symbolit'], ['käyttögrafiikka']]",rasia; makeisrasia; Fazers Karameller; tuotepakkaus,1900.0,Akseli Gallen-Kallela,9
360,satakunnanmuseo.F58BD609-DD5C-435D-B1F5-DDEFA8FD9F21,"['/Cover/Show?source=Solr&id=satakunnanmuseo.F58BD609-DD5C-435D-B1F5-DDEFA8FD9F21&index=0&size=large', '/Cover/Show?source=Solr&id=satakunnanmuseo.F58BD609-DD5C-435D-B1F5-DDEFA8FD9F21&index=1&size=large']","[{'name': 'Gallen-Kallela, Akseli', 'role': 'tekijä'}]","[['taide-esineet'], ['kauhat'], ['puutyöt (objektit)'], ['puuesineet'], ['ruoanvalmistus'], ['ruokailu'], ['puunveisto'], ['veisto (lastuava työstö)']]",Kauha; Koristekauha,1900.0,Akseli Gallen-Kallela,9
361,tmk.163042379466400,"['/Cover/Show?source=Solr&id=tmk.163042379466400&index=0&size=large', '/Cover/Show?source=Solr&id=tmk.163042379466400&index=1&size=large']","[{'name': 'Akseli Gallen-Kallela', 'role': 'suunnittelija'}]","[['sortovuodet'], ['postimerkit']]",Gallen-Kallelan surumerkki rintamerkki; Vaakunamerkki; Suomen surumerkki,1900.0,Akseli Gallen-Kallela,9
362,museovirasto.2B44E0C783DFFA3ACC7BC32A9AC544B3,"['/Cover/Show?source=Solr&id=museovirasto.2B44E0C783DFFA3ACC7BC32A9AC544B3&index=0&size=large', '/Cover/Show?source=Solr&id=museovirasto.2B44E0C783DFFA3ACC7BC32A9AC544B3&index=1&size=large', '/Cover/Show?source=Solr&id=museovirasto.2B44E0C783DFFA3ACC7BC32A9AC544B3&index=2&size=large']","[{'name': 'Gallen-Kallela, Akseli', 'role': 'tekijä'}]",[],öljymaalaus; Iltahämärä (Kesämaisema),1904.0,Akseli Gallen-Kallela,9
363,hkm.71D3B6A6-3BAC-429F-994F-7EAF3E4EA97B,"['/Cover/Show?source=Solr&id=hkm.71D3B6A6-3BAC-429F-994F-7EAF3E4EA97B&index=0&size=large', '/Cover/Show?source=Solr&id=hkm.71D3B6A6-3BAC-429F-994F-7EAF3E4EA97B&index=1&size=large', '/Cover/Show?source=Solr&id=hkm.71D3B6A6-3BAC-429F-994F-7EAF3E4EA97B&index=2&size=large', '/Cover/Show?source=Solr&id=hkm.71D3B6A6-3BAC-429F-994F-7EAF3E4EA97B&index=3&size=large', '/Cover/Show?source=Solr&id=hkm.71D3B6A6-3BAC-429F-994F-7EAF3E4EA97B&index=4&size=large', '/Cover/Show?source=Solr&id=hkm.71D3B6A6-3BAC-429F-994F-7EAF3E4EA97B&index=5&size=large']","[{'name': 'G.A. Chaimowitsch', 'role': 'valmistaja'}, {'name': 'Gallen-Kallela, Akseli', 'role': 'suunnittelija epävarma', 'id': 'https://isni.org/isni/0000000108650663'}, {'name': 'Oy Karl Fazer Ab', 'role': 'valmistaja', 'id': 'http://urn.fi/URN:NBN:fi:au:finaf:000001714'}]","[['jugend'], ['kansallisromantiikka'], ['pakkaukset'], ['tuotepakkaus'], ['säilyttimet'], ['rasiat'], ['makeiset'], ['karamellit'], ['makeisteollisuus'], ['käyttöaika 1976 ennen']]",rasia; tölkki; makeisrasia,1908.0,Akseli Gallen-Kallela,9
364,hkm.9DAEC080-1FD1-4C73-AAE2-FCF1D54E59D9,['/Cover/Show?source=Solr&id=hkm.9DAEC080-1FD1-4C73-AAE2-FCF1D54E59D9&index=0&size=large'],"[{'name': 'Gallen-Kallela, Akseli', 'role': 'graafinen suunnittelija', 'id': 'https://isni.org/isni/0000000108650663'}, {'name': 'Vähävaraisten Keuhkotautisten Avustamisyhdistys', 'role': 'valmistuttaja'}]","[['merkit'], ['varainhankinta'], ['tartuntataudit'], ['rahankeräys'], ['tuberkuloosi'], ['järjestöt'], ['hyväntekeväisyysjärjestöt']]","merkki; Keuhkotautisten hyväksi; keruumerkki, kirjeensulkija",1908.0,Akseli Gallen-Kallela,9
365,werstas.we-1606954,"['/Cover/Show?source=Solr&id=werstas.we-1606954&index=0&size=large', '/Cover/Show?source=Solr&id=werstas.we-1606954&index=1&size=large', '/Cover/Show?source=Solr&id=werstas.we-1606954&index=2&size=large']","[{'name': 'Gallen-Kallela, Akseli', 'role': 'Suunnittelija'}]","[['tuberkuloosi'], ['rahankeräys'], ['hyväntekeväisyysjärjestöt'], ['hyväntekeväisyys'], ['varainhankinta'], ['keuhkosairaudet'], ['postimerkit']]","Postimerkkivihko; Keuhkotautisten hyväksi -postimerkkejä, keruumerkki",1908.0,Akseli Gallen-Kallela,9
366,hkm.86FF4C69-9D00-4EB3-B1A0-37361F034109,['/Cover/Show?source=Solr&id=hkm.86FF4C69-9D00-4EB3-B1A0-37361F034109&index=0&size=large'],"[{'name': 'Kalevalaseura', 'role': 'valmistuttaja'}, {'name': 'Gallen-Kallela, Akseli', 'role': 'suunnittelija', 'id': 'https://isni.org/isni/0000000108650663'}]","[['merkit'], ['rintamerkit'], ['rintaneulat'], ['korut'], ['järjestöt'], ['tieteelliset seurat'], ['kansanrunous'], ['symbolit'], ['käyttöaika - 1931']]","merkki; Kalevalaseura; rintamerkki, rintaneula",1911.0,Akseli Gallen-Kallela,9
367,hkm.475B7236-135A-4B95-B2BC-92B579B1C07D,['/Cover/Show?source=Solr&id=hkm.475B7236-135A-4B95-B2BC-92B579B1C07D&index=0&size=large'],"[{'name': 'Gallen-Kallela, Akseli', 'role': 'graafinen suunnittelija', 'id': 'https://isni.org/isni/0000000108650663'}, {'name': 'Vähävaraisten Keuhkotautisten Avustamisyhdistys', 'role': 'valmistuttaja'}]","[['merkit'], ['varainhankinta'], ['tartuntataudit'], ['rahankeräys'], ['tuberkuloosi'], ['järjestöt'], ['hyväntekeväisyysjärjestöt']]","merkki; Keuhkotautisten hyväksi; keruumerkki, kirjeensulkija",1915.0,Akseli Gallen-Kallela,9
368,hkm.501EF2A3-7537-42AB-AD60-B0EE18A042D5,['/Cover/Show?source=Solr&id=hkm.501EF2A3-7537-42AB-AD60-B0EE18A042D5&index=0&size=large'],"[{'name': 'Gallen-Kallela, Akseli', 'role': 'valmistaja', 'id': 'https://isni.org/isni/0000000108650663'}]","[['vaakunat'], ['suvut']]",vaakuna; Cederholm -suvun vaakuna,1916.0,Akseli Gallen-Kallela,9
369,urheilumuseo.167079250853100,['/Cover/Show?source=Solr&id=urheilumuseo.167079250853100&index=0&size=large'],"[{'name': 'Akseli Gallen-Kallela', 'role': 'suunnittelija'}, {'name': 'SVUL', 'role': 'valmistuttaja'}]","[['urheilujärjestöt'], ['ansiomerkit'], ['Ivar Wilskman'], ['käyttöaika\n\t\t\t\t\t\t\n\t\t\t\t\t\t1914\n\t\t\t\t\t\t\n\t\t\t\t\t\tLoppuvuosi: 1929?']]",Ivar Wilskmanin ansiomerkki; SVUL:n kunniapuheenjohtajan merkki; ansiomerkki,1916.0,Akseli Gallen-Kallela,9
370,ekm.173343868410500,"['/Cover/Show?source=Solr&id=ekm.173343868410500&index=0&size=large', '/Cover/Show?source=Solr&id=ekm.173343868410500&index=1&size=large']","[{'name': 'Akseli Gallen-Kallela', 'role': 'suunnittelija'}]","[['sisällissodat'], ['Suomen sisällissota'], ['suojeluskunnat'], ['liput'], ['symbolit'], ['suomalaisuus'], ['säilytykseen liittyvät objektit'], ['applikaatio']]",lippu; suojeluskuntalippu Alberga Skyddskår,1918.0,Akseli Gallen-Kallela,9
371,hkm.2ca0a6f1-4a20-448e-ab24-8cbdbbd43712,"['/Cover/Show?source=Solr&id=hkm.2ca0a6f1-4a20-448e-ab24-8cbdbbd43712&index=0&size=large', '/Cover/Show?source=Solr&id=hkm.2ca0a6f1-4a20-448e-ab24-8cbdbbd43712&index=1&size=large']","[{'name': 'Gallen-Kallela, Akseli', 'role': 'suunnittelija', 'id': 'https://isni.org/isni/0000000108650663'}]","[['ansiomitalit'], ['valkoiset (Suomen sisällissota)'], ['Suomen sisällissota'], ['voittajat']]",mitali; ansiomitali; Vapaussodan muistomitali; nyöreineen,1918.0,Akseli Gallen-Kallela,9
372,hkm.528C317C-C895-423C-A369-78078518CA14,"['/Cover/Show?source=Solr&id=hkm.528C317C-C895-423C-A369-78078518CA14&index=0&size=large', '/Cover/Show?source=Solr&id=hkm.528C317C-C895-423C-A369-78078518CA14&index=1&size=large']","[{'name': 'Gallen-Kallela, Akseli', 'role': 'muotoilija', 'id': 'https://isni.org/isni/0000000108650663'}]","[['jääkärit'], ['valkoiset (Suomen sisällissota)'], ['Suomen sisällissota'], ['muistomitalit'], ['mitalitaide'], ['aktivistit']]",mitali; muistomitali; Vapaussodan muistomitali; nauhoineen,1918.0,Akseli Gallen-Kallela,9
373,hkm.8e70fe12-541f-4c43-891f-5e3217e5f843,['/Cover/Show?source=Solr&id=hkm.8e70fe12-541f-4c43-891f-5e3217e5f843&index=0&size=large'],"[{'name': 'Gallen-Kallela, Akseli', 'role': 'suunnittelija', 'id': 'https://isni.org/isni/0000000108650663'}, {'name': 'A. Tillander', 'role': 'valmistaja melko varma'}, {'name': 'Vapaudenristin ritarikunta', 'role': 'valmistuttaja'}]","[['ansioristit'], ['ansioritarikunnat'], ['Suomen sisällissota'], ['ansiomitalit'], ['mitalit'], ['käyttöaika aikaisintaan 13.09.1918']]",mitali; ansiomitali; Vapaudenristi IV. lk; nyöreineen,1918.0,Akseli Gallen-Kallela,9
374,hkm.FB8FE8B5-4D0F-46BB-944D-49E6CAEE68B0,['/Cover/Show?source=Solr&id=hkm.FB8FE8B5-4D0F-46BB-944D-49E6CAEE68B0&index=0&size=large'],"[{'name': 'Gallen-Kallela, Akseli', 'role': 'suunnittelija', 'id': 'https://isni.org/isni/0000000108650663'}, {'name': 'Leino, Juho', 'role': 'suunnittelija'}, {'name': 'Wirkkala, Ilmari', 'role': 'suunnittelija', 'id': 'https://isni.org/isni/0000000042735487'}, {'name': 'Karimo, Aarno', 'role': 'suunnittelija'}, {'name': 'Wickström, Emil', 'role': 'suunnittelija'}, {'name': 'Schinkel, Karl Friedrich', 'role': 'suunnittelija'}]","[['muistomitalit'], ['ansiomitalit'], ['Suomen sisällissota'], ['ensimmäinen maailmansota'], ['suojeluskunnat'], ['sotilaat'], ['jääkärit'], ['jääkäriliike']]",merkki; kunniamerkkejä ja muistomitaleja mitalirivassa; Vapaudenristi II. luokka; Suojeluskuntain ansioristi; Vapaussodan muistomitali; Tampereen valtauksen muistomitali; Suomen entisen sotaväen muistomitali; Jääkäriaktivistimitali; Rautaristi II lk.,1918.0,Akseli Gallen-Kallela,9
375,hkm.f9a8c509-1e4d-4bd6-9ac8-fa390515c5f0,"['/Cover/Show?source=Solr&id=hkm.f9a8c509-1e4d-4bd6-9ac8-fa390515c5f0&index=0&size=large', '/Cover/Show?source=Solr&id=hkm.f9a8c509-1e4d-4bd6-9ac8-fa390515c5f0&index=1&size=large']","[{'name': 'Gallen-Kallela, Akseli', 'role': 'suunnittelija', 'id': 'https://isni.org/isni/0000000108650663'}]","[['Suomen sisällissota'], ['sisällissodat'], ['ansiomitalit'], ['mitalit'], ['käyttöaika 1918-1921']]","mitali; ansiomitali; Vapaudenmitali, II. luokan",1918.0,Akseli Gallen-Kallela,9
376,lappeenrannanmuseot.10e1df6e-964a-4b05-a4bf-559a18fbecf6,"['/Cover/Show?source=Solr&id=lappeenrannanmuseot.10e1df6e-964a-4b05-a4bf-559a18fbecf6&index=0&size=large', '/Cover/Show?source=Solr&id=lappeenrannanmuseot.10e1df6e-964a-4b05-a4bf-559a18fbecf6&index=1&size=large']","[{'name': 'Gallen-Kallela, Akseli', 'role': 'suunnittelija'}]",[],"Vuoden 1918 vapaussodan muistomitali, 2 kpl",1918.0,Akseli Gallen-Kallela,9
377,lappeenrannanmuseot.FF214294-5292-4A98-873C-BD0B47678D4C,"['/Cover/Show?source=Solr&id=lappeenrannanmuseot.FF214294-5292-4A98-873C-BD0B47678D4C&index=0&size=large', '/Cover/Show?source=Solr&id=lappeenrannanmuseot.FF214294-5292-4A98-873C-BD0B47678D4C&index=1&size=large']","[{'name': 'Gallen-Kallela, Akseli', 'role': 'suunnittelija'}]","[['mitalit'], ['ansiomitalit'], ['kunniamerkit'], ['Reijola, August']]",vapaussodan muistomitali; Rautun rintama,1918.0,Akseli Gallen-Kallela,9
378,museovirasto.0cd09098-cc35-45f7-b620-5701f6abb5e9,"['/Cover/Show?source=Solr&id=museovirasto.0cd09098-cc35-45f7-b620-5701f6abb5e9&index=0&size=large', '/Cover/Show?source=Solr&id=museovirasto.0cd09098-cc35-45f7-b620-5701f6abb5e9&index=1&size=large']","[{'name': 'Gallen-Kallela, Akseli', 'role': 'suunnittelija'}, {'name': 'Julius Björkells Litografiska Tryckeri Ab', 'role': 'valmistaja'}, {'name': 'Vaasan Osake-Pankki', 'role': 'valmistuttaja'}]",[['setelirahat']],25 markkaa; raha; seteli,1918.0,Akseli Gallen-Kallela,9
379,museovirasto.2CD2E5F71703A6052C8C8106F201499F,"['/Cover/Show?source=Solr&id=museovirasto.2CD2E5F71703A6052C8C8106F201499F&index=0&size=large', '/Cover/Show?source=Solr&id=museovirasto.2CD2E5F71703A6052C8C8106F201499F&index=1&size=large', '/Cover/Show?source=Solr&id=museovirasto.2CD2E5F71703A6052C8C8106F201499F&index=2&size=large']","[{'name': 'Gallen-Kallela, Akseli', 'role': 'suunnittelija'}]","[['ritarimerkit'], ['ritarikunnat (historia)']]",Vapaudenristin ritarikunnan IV luokan ritarimerkki miekoitta kansalaisansioista; kunniamerkki; Vapaudenristi,1918.0,Akseli Gallen-Kallela,9
380,museovirasto.2E15CAF286E4D64E6214BCDEF428DC0B,['/Cover/Show?source=Solr&id=museovirasto.2E15CAF286E4D64E6214BCDEF428DC0B&index=0&size=large'],"[{'name': 'Gallen-Kallela, Akseli', 'role': 'suunnittelija'}]","[['kunniamerkit'], ['ritarikunnat (historia)'], ['ansiomitalit']]",Vapaudenristin ritarikunnan I lk mitali (I luokan vapaudenmitali); kunniamerkki,1918.0,Akseli Gallen-Kallela,9
381,museovirasto.31B22CD8EC1A2EC179966B29F7FF7FAA,"['/Cover/Show?source=Solr&id=museovirasto.31B22CD8EC1A2EC179966B29F7FF7FAA&index=0&size=large', '/Cover/Show?source=Solr&id=museovirasto.31B22CD8EC1A2EC179966B29F7FF7FAA&index=1&size=large']","[{'name': 'Gallen-Kallela, Akseli', 'role': 'suunnittelija'}]","[['ritarimerkit'], ['ritarikunnat (historia)']]",Vapaudenristin ritarikunnan  I luokan ritarimerkki miekoin (I lk Vapaudenristi m); kunniamerkki,1918.0,Akseli Gallen-Kallela,9
382,museovirasto.35394b17-4ffb-4494-8c9e-bf281504bf5f,"['/Cover/Show?source=Solr&id=museovirasto.35394b17-4ffb-4494-8c9e-bf281504bf5f&index=0&size=large', '/Cover/Show?source=Solr&id=museovirasto.35394b17-4ffb-4494-8c9e-bf281504bf5f&index=1&size=large']","[{'name': 'Gallen-Kallela, Akseli', 'role': 'suunnittelija'}, {'name': 'Julius Björkells Litografiska Tryckeri Ab', 'role': 'valmistaja'}, {'name': 'Vaasan Osake-Pankki', 'role': 'valmistuttaja'}]",[['setelirahat']],500 markkaa; raha; seteli,1918.0,Akseli Gallen-Kallela,9
383,museovirasto.370657a4-48db-4c0d-8c4c-cf91c4641178,"['/Cover/Show?source=Solr&id=museovirasto.370657a4-48db-4c0d-8c4c-cf91c4641178&index=0&size=large', '/Cover/Show?source=Solr&id=museovirasto.370657a4-48db-4c0d-8c4c-cf91c4641178&index=1&size=large']","[{'name': 'Gallen-Kallela, Akseli', 'role': 'suunnittelija'}, {'name': 'Julius Björkells Litografiska Tryckeri Ab', 'role': 'valmistaja'}, {'name': 'Vaasan Osake-Pankki', 'role': 'valmistuttaja'}]",[['setelirahat']],25 markkaa; raha; seteli,1918.0,Akseli Gallen-Kallela,9
384,museovirasto.48fb353d-e740-4de6-be31-b8e5db8f0ab3,"['/Cover/Show?source=Solr&id=museovirasto.48fb353d-e740-4de6-be31-b8e5db8f0ab3&index=0&size=large', '/Cover/Show?source=Solr&id=museovirasto.48fb353d-e740-4de6-be31-b8e5db8f0ab3&index=1&size=large']","[{'name': 'Gallen-Kallela, Akseli', 'role': 'suunnittelija'}, {'name': 'Julius Björkells Litografiska Tryckeri Ab', 'role': 'valmistaja'}, {'name': 'Vaasan Osake-Pankki', 'role': 'valmistuttaja'}]",[['setelirahat']],25 markkaa; raha; seteli,1918.0,Akseli Gallen-Kallela,9
385,museovirasto.4916A82E66A84A16799D45C8D1363635,"['/Cover/Show?source=Solr&id=museovirasto.4916A82E66A84A16799D45C8D1363635&index=0&size=large', '/Cover/Show?source=Solr&id=museovirasto.4916A82E66A84A16799D45C8D1363635&index=1&size=large']","[{'name': 'Gallen-Kallela, Akseli', 'role': 'suunnittelija'}]","[['ritarimerkit'], ['ritarikunnat (historia)']]",Vapaudenristin ritarikunnan II luokan ritarimerkki miekoitta kansalaisansioista (II lk Vapaudenristi ka); kunniamerkki,1918.0,Akseli Gallen-Kallela,9
386,museovirasto.4D31E3B62273B0DBB2A92ECCBF053899,"['/Cover/Show?source=Solr&id=museovirasto.4D31E3B62273B0DBB2A92ECCBF053899&index=0&size=large', '/Cover/Show?source=Solr&id=museovirasto.4D31E3B62273B0DBB2A92ECCBF053899&index=1&size=large']","[{'name': 'Sporrong', 'role': 'valmistaja'}, {'name': 'Senaatti', 'role': 'valmistuttaja'}, {'name': 'Gallen-Kallela, Akseli', 'role': 'suunnittelija'}]","[['muistomitalit'], ['ansiomitalit'], ['Suomen sisällissota']]",Vapaussodan muistomitali; muistomitali; mitali; ansiomitali,1918.0,Akseli Gallen-Kallela,9
387,museovirasto.63f57a72-adec-4372-8290-f6e22077732e,"['/Cover/Show?source=Solr&id=museovirasto.63f57a72-adec-4372-8290-f6e22077732e&index=0&size=large', '/Cover/Show?source=Solr&id=museovirasto.63f57a72-adec-4372-8290-f6e22077732e&index=1&size=large']","[{'name': 'Gallen-Kallela, Akseli', 'role': 'suunnittelija'}, {'name': 'Julius Björkells Litografiska Tryckeri Ab', 'role': 'valmistaja'}, {'name': 'Vaasan Osake-Pankki', 'role': 'valmistuttaja'}]",[['setelirahat']],25 markkaa; raha; seteli,1918.0,Akseli Gallen-Kallela,9
388,museovirasto.70390E5CE94B0DA4367999818BA97B32,"['/Cover/Show?source=Solr&id=museovirasto.70390E5CE94B0DA4367999818BA97B32&index=0&size=large', '/Cover/Show?source=Solr&id=museovirasto.70390E5CE94B0DA4367999818BA97B32&index=1&size=large']","[{'name': 'Gallen-Kallela, Akseli', 'role': 'suunnittelija'}]","[['ritarimerkit'], ['ritarikunnat (historia)']]",Vapaudenristin ritarikunnan IV luokan ritarimerkki miekoin  (IV kj Vapaudenristi m); kunniamerkki; Vapaudenristi,1918.0,Akseli Gallen-Kallela,9
389,museovirasto.752D98EE1AB6A66290F377A80600A4EA,"['/Cover/Show?source=Solr&id=museovirasto.752D98EE1AB6A66290F377A80600A4EA&index=0&size=large', '/Cover/Show?source=Solr&id=museovirasto.752D98EE1AB6A66290F377A80600A4EA&index=1&size=large']","[{'name': 'Gallen-Kallela, Akseli', 'role': 'suunnittelija'}]","[['kunniamerkit'], ['suurristit'], ['rintatähdet'], ['ritarikunnat (historia)']]",Vapaudenristin suurristi miekoin; kunniamerkki; rintatähti,1918.0,Akseli Gallen-Kallela,9
390,museovirasto.83DD979A3F0199A79260662273040CA5,"['/Cover/Show?source=Solr&id=museovirasto.83DD979A3F0199A79260662273040CA5&index=0&size=large', '/Cover/Show?source=Solr&id=museovirasto.83DD979A3F0199A79260662273040CA5&index=1&size=large']","[{'name': 'Gallen-Kallela, Akseli', 'role': 'suunnittelija'}]","[['kunniamerkit'], ['ritarikunnat (historia)']]",Vapaudenristin ritarikunnan III luokan ritarimerkki Punaisen Ristin tunnuksella; kunniamerkki,1918.0,Akseli Gallen-Kallela,9
391,museovirasto.8ba9ad28-3208-4f10-bbf1-478ca8f48882,"['/Cover/Show?source=Solr&id=museovirasto.8ba9ad28-3208-4f10-bbf1-478ca8f48882&index=0&size=large', '/Cover/Show?source=Solr&id=museovirasto.8ba9ad28-3208-4f10-bbf1-478ca8f48882&index=1&size=large']","[{'name': 'Gallen-Kallela, Akseli', 'role': 'suunnittelija'}, {'name': 'Julius Björkells Litografiska Tryckeri Ab', 'role': 'valmistaja'}, {'name': 'Vaasan Osake-Pankki', 'role': 'valmistuttaja'}]",[['setelirahat']],100 markkaa; raha; seteli,1918.0,Akseli Gallen-Kallela,9
392,museovirasto.AB45C8B422E9ABDACBFB23261AE728BF,['/Cover/Show?source=Solr&id=museovirasto.AB45C8B422E9ABDACBFB23261AE728BF&index=0&size=large'],"[{'name': 'Gallen-Kallela, Akseli', 'role': 'suunnittelija'}]","[['ansioristit'], ['ansiomerkit'], ['sotahistoria']]",Ansiomerkki; 4. luokan vapaudenristi,1918.0,Akseli Gallen-Kallela,9
393,museovirasto.B07402560A05D18C3B6EDB328D091150,['/Cover/Show?source=Solr&id=museovirasto.B07402560A05D18C3B6EDB328D091150&index=0&size=large'],"[{'name': 'Gallen-Kallela, Akseli', 'role': 'suunnittelija'}]","[['muistomitalit'], ['muistoesineet'], ['asiakirjat'], ['sotahistoria']]",muistomitali; vapaussodan muistomitali,1918.0,Akseli Gallen-Kallela,9
394,museovirasto.C5220279B4FB68E23E1572F9D8439912,"['/Cover/Show?source=Solr&id=museovirasto.C5220279B4FB68E23E1572F9D8439912&index=0&size=large', '/Cover/Show?source=Solr&id=museovirasto.C5220279B4FB68E23E1572F9D8439912&index=1&size=large']","[{'name': 'Gallen-Kallela, Akseli', 'role': 'suunnittelija'}]","[['ritarimerkit'], ['ritarikunnat (historia)']]",Vapaudenristin ritarikunnan I luokan ritarimerkki rasiassa; kunniamerkki,1918.0,Akseli Gallen-Kallela,9
395,museovirasto.EE3AA63EB63BC88E6E6CC63A01224F73,"['/Cover/Show?source=Solr&id=museovirasto.EE3AA63EB63BC88E6E6CC63A01224F73&index=0&size=large', '/Cover/Show?source=Solr&id=museovirasto.EE3AA63EB63BC88E6E6CC63A01224F73&index=1&size=large']","[{'name': 'Gallen-Kallela, Akseli', 'role': 'suunnittelija'}]","[['ritarimerkit'], ['ritarikunnat (historia)']]",Vapaudenristin ritarikunnan IV lk ritarimerkki Punaisen ristin tunnuksella; kunniamerkki,1918.0,Akseli Gallen-Kallela,9
396,museovirasto.F9745B07F9B374C9C12EC0FAB8C17B2B,"['/Cover/Show?source=Solr&id=museovirasto.F9745B07F9B374C9C12EC0FAB8C17B2B&index=0&size=large', '/Cover/Show?source=Solr&id=museovirasto.F9745B07F9B374C9C12EC0FAB8C17B2B&index=1&size=large']","[{'name': 'Sporrong', 'role': 'valmistaja'}, {'name': 'Senaatti', 'role': 'valmistuttaja'}, {'name': 'Gallen-Kallela, Akseli', 'role': 'suunnittelija'}]","[['ansiomitalit'], ['Suomen sisällissota'], ['muistomitalit'], ['kunniamerkit']]",Vapaussodan muistomitali; ansiomitali; mitali; muistomitali,1918.0,Akseli Gallen-Kallela,9
397,museovirasto.a3178367-3fc9-4b8e-babf-a5bb5cf59b59,"['/Cover/Show?source=Solr&id=museovirasto.a3178367-3fc9-4b8e-babf-a5bb5cf59b59&index=0&size=large', '/Cover/Show?source=Solr&id=museovirasto.a3178367-3fc9-4b8e-babf-a5bb5cf59b59&index=1&size=large']","[{'name': 'Gallen-Kallela, Akseli', 'role': 'suunnittelija'}, {'name': 'Julius Björkells Litografiska Tryckeri Ab', 'role': 'valmistaja'}, {'name': 'Vaasan Osake-Pankki', 'role': 'valmistuttaja'}]",[['setelirahat']],25 markkaa; raha; seteli,1918.0,Akseli Gallen-Kallela,9
398,museovirasto.c064e3b8-0cf1-433c-8d23-e8ffe91ded03,"['/Cover/Show?source=Solr&id=museovirasto.c064e3b8-0cf1-433c-8d23-e8ffe91ded03&index=0&size=large', '/Cover/Show?source=Solr&id=museovirasto.c064e3b8-0cf1-433c-8d23-e8ffe91ded03&index=1&size=large']","[{'name': 'Gallen-Kallela, Akseli', 'role': 'suunnittelija'}, {'name': 'Julius Björkells Litografiska Tryckeri Ab', 'role': 'valmistaja'}, {'name': 'Vaasan Osake-Pankki', 'role': 'valmistuttaja'}]",[['setelirahat']],25 markkaa; raha; seteli,1918.0,Akseli Gallen-Kallela,9
399,tmk.161048276869600,"['/Cover/Show?source=Solr&id=tmk.161048276869600&index=0&size=large', '/Cover/Show?source=Solr&id=tmk.161048276869600&index=1&size=large', '/Cover/Show?source=Solr&id=tmk.161048276869600&index=2&size=large']","[{'name': 'Akseli Gallen-Kallela', 'role': 'suunnittelija'}]","[['kunniamerkit'], ['Suomen sisällissota']]",1. lk:n Vapaudenmitali (VM 1) 1918; kunniamitali,1918.0,Akseli Gallen-Kallela,9
400,tmk.161048280299800,"['/Cover/Show?source=Solr&id=tmk.161048280299800&index=0&size=large', '/Cover/Show?source=Solr&id=tmk.161048280299800&index=1&size=large', '/Cover/Show?source=Solr&id=tmk.161048280299800&index=2&size=large']","[{'name': 'Akseli Gallen-Kallela', 'role': 'suunnittelija'}]","[['kunniamerkit'], ['Suomen sisällissota']]",2. lk:n Vapaudenmitali (VM 2) 1918,1918.0,Akseli Gallen-Kallela,9
401,tmk.161048286969700,"['/Cover/Show?source=Solr&id=tmk.161048286969700&index=0&size=large', '/Cover/Show?source=Solr&id=tmk.161048286969700&index=1&size=large', '/Cover/Show?source=Solr&id=tmk.161048286969700&index=2&size=large']","[{'name': 'Akseli Gallen-Kallela', 'role': 'suunnittelija'}]","[['kunniamerkit'], ['Suomen sisällissota']]",Vapaussodan muistomitali,1918.0,Akseli Gallen-Kallela,9
402,hkm.5B35B869-4F9F-4F83-B434-203792B6458D,"['/Cover/Show?source=Solr&id=hkm.5B35B869-4F9F-4F83-B434-203792B6458D&index=0&size=large', '/Cover/Show?source=Solr&id=hkm.5B35B869-4F9F-4F83-B434-203792B6458D&index=1&size=large']","[{'name': 'Gallen-Kallela, Akseli', 'role': 'suunnittelija', 'id': 'https://isni.org/isni/0000000108650663'}, {'name': 'C.C. Sporrong & Co', 'role': 'valmistaja'}]","[['henkilömitalit'], ['muistomitalit'], ['Suomen sisällissota'], ['kenraalit'], ['valkoiset (Suomen sisällissota)'], ['Mannerheim, Carl Gustaf Emil']]",mitali; henkilömitali; Carolvs Gvstavvs Emilivs Mannerheim,1919.0,Akseli Gallen-Kallela,9
403,hkm.7F54C624-27D8-4255-B1BD-FD57615A73DA,['/Cover/Show?source=Solr&id=hkm.7F54C624-27D8-4255-B1BD-FD57615A73DA&index=0&size=large'],"[{'name': 'Gallen-Kallela, Akseli', 'role': 'suunnittelija', 'id': 'https://isni.org/isni/0000000108650663'}]","[['puukot'], ['aliupseerit'], ['asusteet'], ['sotilaspuvut'], ['asepuvut'], ['varusteet']]",puukko; aliupseeripuukko; puukkopistin; m/1922; ja tuppi,1919.0,Akseli Gallen-Kallela,9
404,hkm.C2E26686-EBBC-457F-A9FE-6B3F4D9FC65F,"['/Cover/Show?source=Solr&id=hkm.C2E26686-EBBC-457F-A9FE-6B3F4D9FC65F&index=0&size=large', '/Cover/Show?source=Solr&id=hkm.C2E26686-EBBC-457F-A9FE-6B3F4D9FC65F&index=1&size=large']","[{'name': 'Gallen-Kallela, Akseli', 'role': 'suunnittelija', 'id': 'https://isni.org/isni/0000000108650663'}, {'name': 'Lindman & Tillander', 'role': 'valmistaja'}, {'name': 'Suomen Valkoisen Ruusun ritarikunta', 'role': 'valmistuttaja'}]","[['ansioritarikunnat'], ['ansiomerkit'], ['kunniamerkit'], ['ansioristit']]",merkki; kunniamerkki; Suomen Valkoisen Ruusun ritarikunnan 1. komentajamerki,1919.0,Akseli Gallen-Kallela,9
405,museovirasto.37D8922F162F80C2FC1858733B6BF4C8,['/Cover/Show?source=Solr&id=museovirasto.37D8922F162F80C2FC1858733B6BF4C8&index=0&size=large'],"[{'name': 'Gallen-Kallela, Akseli', 'role': 'suunnittelija'}, {'name': 'Kalevalaseura', 'role': 'valmistuttaja'}]","[['mitalit'], ['merkit'], ['lahjoitukset']]",merkki; Säätäjän merkki; Kalevalaseuran merkki; jäsenmerkki; lahjoittajan merkki,1919.0,Akseli Gallen-Kallela,9
406,museovirasto.47C0D59743D812CCAF36979EB4E69ED1,"['/Cover/Show?source=Solr&id=museovirasto.47C0D59743D812CCAF36979EB4E69ED1&index=0&size=large', '/Cover/Show?source=Solr&id=museovirasto.47C0D59743D812CCAF36979EB4E69ED1&index=1&size=large']","[{'name': 'Gallen-Kallela, Akseli', 'role': 'tekijä'}, {'name': 'Sporrong', 'role': 'valmistaja'}, {'name': 'Mannerheim, Carl Gustaf', 'role': 'henkilöyhteys'}]","[['mitalit'], ['henkilömitalit'], ['mitalitaide'], ['muotokuvat'], ['muistomitalit']]",Carl Gustaf Mannerheim; mitali; henkilömitali; muistomitalit; muotokuva,1919.0,Akseli Gallen-Kallela,9
407,museovirasto.6CDD1101E3EEFC51C41781164491951D,"['/Cover/Show?source=Solr&id=museovirasto.6CDD1101E3EEFC51C41781164491951D&index=0&size=large', '/Cover/Show?source=Solr&id=museovirasto.6CDD1101E3EEFC51C41781164491951D&index=1&size=large']","[{'name': 'Gallen-Kallela, Akseli', 'role': 'suunnittelija'}, {'name': 'Kalevalaseura', 'role': 'valmistuttaja'}]","[['lahjoitukset'], ['merkit'], ['mitalit']]",Säätäjän merkki; Kalevalaseuran merkki; merkki; jäsenmerkki; lahjoittajan merkki,1919.0,Akseli Gallen-Kallela,9
408,museovirasto.C5D6618A1D2FD50AEEC1C2D6EC205702,"['/Cover/Show?source=Solr&id=museovirasto.C5D6618A1D2FD50AEEC1C2D6EC205702&index=0&size=large', '/Cover/Show?source=Solr&id=museovirasto.C5D6618A1D2FD50AEEC1C2D6EC205702&index=1&size=large']","[{'name': 'Gallen-Kallela, Akseli', 'role': 'tekijä'}, {'name': 'Sporrong', 'role': 'valmistaja'}, {'name': 'Mannerheim, Carl Gustaf', 'role': 'henkilöyhteys'}]","[['mitalit'], ['henkilömitalit'], ['mitalitaide'], ['muotokuvat'], ['muistomitalit']]",Carl Gustaf Mannerheim; mitali; henkilömitali; muistomitali; muotokuva,1919.0,Akseli Gallen-Kallela,9
409,museovirasto.D05723FB52C059BA413D6A891F899BAC,"['/Cover/Show?source=Solr&id=museovirasto.D05723FB52C059BA413D6A891F899BAC&index=0&size=large', '/Cover/Show?source=Solr&id=museovirasto.D05723FB52C059BA413D6A891F899BAC&index=1&size=large']","[{'name': 'Gallen-Kallela, Akseli', 'role': 'tekijä'}, {'name': 'Sporrong', 'role': 'valmistaja'}, {'name': 'Mannerheim, Carl Gustaf', 'role': 'henkilöyhteys'}]","[['muistomitalit'], ['henkilömitalit'], ['mitalit'], ['mitalitaide'], ['muotokuvat']]",henkilömitali; Carl Gustaf Mannerheim; mitali; muistomitali; muotokuva,1919.0,Akseli Gallen-Kallela,9
410,museovirasto.E0B06776B591FFFE4F22082CF5575CAE,"['/Cover/Show?source=Solr&id=museovirasto.E0B06776B591FFFE4F22082CF5575CAE&index=0&size=large', '/Cover/Show?source=Solr&id=museovirasto.E0B06776B591FFFE4F22082CF5575CAE&index=1&size=large']","[{'name': 'Gallen-Kallela, Akseli', 'role': 'tekijä'}, {'name': 'Sporrong', 'role': 'valmistaja'}, {'name': 'Mannerheim, Carl Gustaf', 'role': 'henkilöyhteys'}]","[['henkilömitalit'], ['mitalit'], ['mitalitaide'], ['muotokuvat'], ['muistomitalit']]",henkilömitali; Carl Gustaf Mannerheim; mitali; muotokuva; muistomitali,1919.0,Akseli Gallen-Kallela,9
411,tmk.160994947875700,"['/Cover/Show?source=Solr&id=tmk.160994947875700&index=0&size=large', '/Cover/Show?source=Solr&id=tmk.160994947875700&index=1&size=large']","[{'name': 'Akseli Gallen-Kallela', 'role': 'suunnittelija'}]","[['ansiomitalit'], ['kunniamerkit'], ['mitalit'], ['ritarikunnat'], ['ansiomerkit']]",Suomen Valkoisen Ruusun 1 luokan mitali; ansiomitali; mitali,1919.0,Akseli Gallen-Kallela,9
412,tmk.161025415221700,"['/Cover/Show?source=Solr&id=tmk.161025415221700&index=0&size=large', '/Cover/Show?source=Solr&id=tmk.161025415221700&index=1&size=large']","[{'name': 'Akseli Gallen-Kallela', 'role': 'suunnittelija'}]",[['mitalit']],Valtionhoitaja Gustav Mannerheim 1919.; pöytämitali,1919.0,Akseli Gallen-Kallela,9
413,tmk.161025416141500,"['/Cover/Show?source=Solr&id=tmk.161025416141500&index=0&size=large', '/Cover/Show?source=Solr&id=tmk.161025416141500&index=1&size=large']","[{'name': 'Akseli Gallen-Kallela', 'role': 'suunnittelija'}]",[['mitalit']],Valtionhoitaja Gustav Mannerheim 1919.; pöytämitali,1919.0,Akseli Gallen-Kallela,9
414,tmk.161043280385300,"['/Cover/Show?source=Solr&id=tmk.161043280385300&index=0&size=large', '/Cover/Show?source=Solr&id=tmk.161043280385300&index=1&size=large']","[{'name': 'Suomen Valkoisen Ruusun ja Suomen Leijonan Ritarikunnat', 'role': 'valmistuttaja'}, {'name': 'Akseli Gallen-Kallela', 'role': 'suunnittelija'}]",[['mitalit']],Mitali; Suomen Valkoisen Ruusun I lk:n mitali,1919.0,Akseli Gallen-Kallela,9
415,tmk.161043281350100,"['/Cover/Show?source=Solr&id=tmk.161043281350100&index=0&size=large', '/Cover/Show?source=Solr&id=tmk.161043281350100&index=1&size=large']","[{'name': 'Suomen Valkoisen Ruusun ja Suomen Leijonan Ritarikunnat', 'role': 'valmistuttaja'}, {'name': 'Akseli Gallen-Kallela', 'role': 'suunnittelija'}]",[['mitalit']],Mitali; Suomen Valkoisen Ruusun mitali,1919.0,Akseli Gallen-Kallela,9
416,tmk.161043282314400,"['/Cover/Show?source=Solr&id=tmk.161043282314400&index=0&size=large', '/Cover/Show?source=Solr&id=tmk.161043282314400&index=1&size=large']","[{'name': 'Suomen Valkoisen Ruusun ja Suomen Leijonan Ritarikunnat', 'role': 'valmistuttaja'}, {'name': 'Akseli Gallen-Kallela', 'role': 'suunnittelija'}]",[['mitalit']],Mitali; Suomen Valkoisen Ruusun mitali,1919.0,Akseli Gallen-Kallela,9
417,tmk.161043282862100,"['/Cover/Show?source=Solr&id=tmk.161043282862100&index=0&size=large', '/Cover/Show?source=Solr&id=tmk.161043282862100&index=1&size=large']","[{'name': 'Suomen Valkoisen Ruusun ja Suomen Leijonan Ritarikunnat', 'role': 'valmistuttaja'}, {'name': 'Akseli Gallen-Kallela', 'role': 'suunnittelija'}]",[['mitalit']],Mitali; Suomen Valkoisen Ruusun mitali,1919.0,Akseli Gallen-Kallela,9
418,tmk.161043283369600,"['/Cover/Show?source=Solr&id=tmk.161043283369600&index=0&size=large', '/Cover/Show?source=Solr&id=tmk.161043283369600&index=1&size=large']","[{'name': 'Suomen Valkoisen Ruusun ja Suomen Leijonan Ritarikunnat', 'role': 'valmistuttaja'}, {'name': 'Akseli Gallen-Kallela', 'role': 'suunnittelija'}]",[['mitalit']],Mitali; Suomen Valkoisen Ruusun mitali,1919.0,Akseli Gallen-Kallela,9
419,tmk.161043283897600,"['/Cover/Show?source=Solr&id=tmk.161043283897600&index=0&size=large', '/Cover/Show?source=Solr&id=tmk.161043283897600&index=1&size=large']","[{'name': 'Suomen Valkoisen Ruusun ja Suomen Leijonan Ritarikunnat', 'role': 'valmistuttaja'}, {'name': 'Akseli Gallen-Kallela', 'role': 'suunnittelija'}]",[['mitalit']],Mitali; Suomen Valkoisen Ruusun mitali,1919.0,Akseli Gallen-Kallela,9
420,tmk.161043284916400,"['/Cover/Show?source=Solr&id=tmk.161043284916400&index=0&size=large', '/Cover/Show?source=Solr&id=tmk.161043284916400&index=1&size=large']","[{'name': 'Suomen Valkoisen Ruusun ja Suomen Leijonan Ritarikunnat', 'role': 'valmistuttaja'}, {'name': 'Akseli Gallen-Kallela', 'role': 'suunnittelija'}]",[['mitalit']],Mitali; Suomen Valkoisen Ruusun mitali,1919.0,Akseli Gallen-Kallela,9
421,tmk.161043285422000,"['/Cover/Show?source=Solr&id=tmk.161043285422000&index=0&size=large', '/Cover/Show?source=Solr&id=tmk.161043285422000&index=1&size=large']","[{'name': 'Suomen Valkoisen Ruusun ja Suomen Leijonan Ritarikunnat', 'role': 'valmistuttaja'}, {'name': 'Akseli Gallen-Kallela', 'role': 'suunnittelija'}]",[['mitalit']],Mitali; Suomen Valkoisen Ruusun mitali,1919.0,Akseli Gallen-Kallela,9
422,hkm.1FE6F11E-9855-416A-9800-1620B8DD6080,['/Cover/Show?source=Solr&id=hkm.1FE6F11E-9855-416A-9800-1620B8DD6080&index=0&size=large'],"[{'name': 'Gallen-Kallela, Akseli', 'role': 'suunnittelija', 'id': 'https://isni.org/isni/0000000108650663'}, {'name': 'Uusi Suomi OY', 'role': 'valmistuttaja'}]","[['merkit'], ['rintamerkit'], ['ammattimerkit'], ['logot'], ['joukkoviestimet'], ['sanomalehdet'], ['puoluelehdet'], ['puolueet'], ['asiamiehet']]",merkki; rintamerkki; Uusi Suomi,1920.0,Akseli Gallen-Kallela,9
423,hkm.342CA8B7-BF1C-46F6-BCF6-C9CFD29AB4D0,['/Cover/Show?source=Solr&id=hkm.342CA8B7-BF1C-46F6-BCF6-C9CFD29AB4D0&index=0&size=large'],"[{'name': 'Gallen-Kallela, Akseli', 'role': 'suunnittelija', 'id': 'https://isni.org/isni/0000000108650663'}, {'name': 'Lindman & Tillander', 'role': 'valmistaja'}, {'name': 'Suomen Valkoisen Ruusun ritarikunta', 'role': 'valmistuttaja'}]","[['ansioritarikunnat'], ['palkitseminen'], ['ansiomerkit'], ['ansioristit'], ['käyttöaika 28.12.1920, käyttöaika 1927']]",merkki; ansiomerkki; Suomen Valkoisen Ruusun ansioristi; nyöreineen,1920.0,Akseli Gallen-Kallela,9
424,hkm.AC949686-C365-4004-B9CF-D606EFC7DC0D,['/Cover/Show?source=Solr&id=hkm.AC949686-C365-4004-B9CF-D606EFC7DC0D&index=0&size=large'],"[{'name': 'Gallen-Kallela, Akseli', 'role': 'suunnittelija', 'id': 'https://isni.org/isni/0000000108650663'}, {'name': 'Uusi Suomi OY', 'role': 'valmistuttaja'}]","[['merkit'], ['rintamerkit'], ['ammattimerkit'], ['logot'], ['joukkoviestimet'], ['sanomalehdet'], ['puoluelehdet'], ['puolueet'], ['asiamiehet']]",merkki; Uusi Suomi; rintamerkki,1920.0,Akseli Gallen-Kallela,9
425,hkm.0BC62493-57BA-4137-ADED-862E79B7F569,['/Cover/Show?source=Solr&id=hkm.0BC62493-57BA-4137-ADED-862E79B7F569&index=0&size=large'],"[{'name': 'Gallen-Kallela, Akseli', 'role': 'graafinen suunnittelija', 'id': 'https://isni.org/isni/0000000108650663'}, {'name': 'Vähävaraisten Keuhkotautisten Avustamisyhdistys', 'role': 'valmistuttaja'}]","[['merkit'], ['varainhankinta'], ['tartuntataudit'], ['rahankeräys'], ['tuberkuloosi'], ['järjestöt'], ['hyväntekeväisyysjärjestöt']]","merkki; Keuhkotautisten hyväksi; keruumerkki, kirjeensulkija",1921.0,Akseli Gallen-Kallela,9
426,hkm.7EB7B56E-9AFA-4F1E-B7B3-D33C4BF11038,['/Cover/Show?source=Solr&id=hkm.7EB7B56E-9AFA-4F1E-B7B3-D33C4BF11038&index=0&size=large'],"[{'name': 'Gallen-Kallela, Akseli', 'role': 'suunnittelija', 'id': 'https://isni.org/isni/0000000108650663'}, {'name': 'Kungliga Svärdsorden - Kuninkaallinen Miekkaritarikunta', 'role': 'valmistuttaja'}, {'name': 'Suomen Valkoisen Ruusun ritarikunta', 'role': 'valmistuttaja'}, {'name': 'Ordre des Palmes académiques', 'role': 'valmistuttaja'}]","[['ansioritarikunnat'], ['kunniamerkit'], ['pienoiskunniamerkit'], ['itsenäistyminen (valtiot)'], ['avustusjärjestöt'], ['huomionosoitukset'], ['ansioristit'], ['ansioristit'], ['pienoiskunniamerkit']]",merkki; pienoiskunniamerkki; Suomen Valkoisen ruusun ritarikunnan 1. lk.; Kolmen Tähden ritarikunta; kunniamerkkiketjussa,1924.0,Akseli Gallen-Kallela,9
427,hkm.CA56DDF3-8FAB-4058-912C-7992CC8F6E57,['/Cover/Show?source=Solr&id=hkm.CA56DDF3-8FAB-4058-912C-7992CC8F6E57&index=0&size=large'],"[{'name': 'Gallen-Kallela, Akseli', 'role': 'suunnittelija', 'id': 'https://isni.org/isni/0000000108650663'}, {'name': 'Wikström, Emil Erik', 'role': 'suunnittelija'}, {'name': 'A. Tillander', 'role': 'valmistaja'}, {'name': 'Sedlatzek, Friedrich', 'role': 'valmistaja'}, {'name': 'Schinkel, Karl Friedrich', 'role': 'graafinen suunnittelija'}]","[['ensimmäinen maailmansota'], ['Suomen sisällissota'], ['ansiomitalit'], ['muistomitalit'], ['valkoiset (Suomen sisällissota)'], ['taistelut'], ['ansiomerkit']]",merkki; pienoiskunniamerkki; Vapaudenristi II. luokka miekoin; Suomen Valkoisen ruusun ritarikunnan I. lk.; Vapaussodan muistomitali; Tampereen valtauksen muistomitali; Rautaristi II lk.; Friedrich-August risti; kunniamerkkiketjussa,1925.0,Akseli Gallen-Kallela,9
428,kymenlaaksonmuseot.YLEE98004:3,"['/Cover/Show?source=Solr&id=kymenlaaksonmuseot.YLEE98004%3A3&index=0&size=large', '/Cover/Show?source=Solr&id=kymenlaaksonmuseot.YLEE98004%3A3&index=1&size=large', '/Cover/Show?source=Solr&id=kymenlaaksonmuseot.YLEE98004%3A3&index=2&size=large']","[{'name': 'Suomen Kultaseppä Oy', 'role': 'valmistaja'}, {'name': 'Akseli Gallen-Kallela', 'role': 'suunnittelija'}]","[['luotsit'], ['kunniamerkit'], ['Suursaari'], ['502 navigointi'], ['554 yksilöllisyys ja yhteiskuntakierto status'], ['rooli ja arvovalta']]",kunniamerkki; Suomen valkoisen Ruusun 1. luokan mitali,1926.0,Akseli Gallen-Kallela,9
429,hkm.15932A76-D204-476F-8FEF-D01FD9DF2140,['/Cover/Show?source=Solr&id=hkm.15932A76-D204-476F-8FEF-D01FD9DF2140&index=0&size=large'],"[{'name': 'Gallen-Kallela, Akseli', 'role': 'suunnittelija', 'id': 'https://isni.org/isni/0000000108650663'}, {'name': 'Malisto, Hannes', 'role': 'suunnittelija'}]","[['pienoiskunniamerkit'], ['kunniamerkit'], ['Suomen sisällissota'], ['muistomitalit'], ['ansiomitalit'], ['ansioritarikunnat']]",merkki; pienoiskunniamerkki nyöreineen; Vapaudenristi IV. luokka; Suomen leijonan ritariristi I. lk; Suomen Valkoisen Ruusun ansioristi; Vapaussodan muistomitali; Helsingin valtauksen 1918 muistomitali; mitalirivassa,1930.0,Akseli Gallen-Kallela,9
430,lappeenrannanmuseot.441F9D81-A04A-4068-9A48-796309A76169,['/Cover/Show?source=Solr&id=lappeenrannanmuseot.441F9D81-A04A-4068-9A48-796309A76169&index=0&size=large'],"[{'name': 'Gallen-Kallela, Akseli', 'role': 'taiteilija'}]","[['1930-LUKU'], ['painokuvat'], ['taulut'], ['taidejäljennökset']]","painokuva, Kullervon sotaanlähtö; Gallen-Kallelan maalauksen painokuva",1930.0,Akseli Gallen-Kallela,9
431,museovirasto.1A7196874C76421F40641CF84B48A28C,['/Cover/Show?source=Solr&id=museovirasto.1A7196874C76421F40641CF84B48A28C&index=0&size=large'],"[{'name': 'Nyholm, Gustaf Georg', 'role': 'tekijä'}, {'name': 'Gallen-Kallela, Akseli', 'role': 'henkilöyhteys'}]","[['mitalit'], ['mitalitaide'], ['muotokuvat'], ['reliefit']]",reliefi; Akseli Gallen-Kallela; mitali; plaketti; muotokuva,1931.0,Akseli Gallen-Kallela,9
432,hkm.2343A468-9DAC-4D52-AB9A-0BB4318B0F45,"['/Cover/Show?source=Solr&id=hkm.2343A468-9DAC-4D52-AB9A-0BB4318B0F45&index=0&size=large', '/Cover/Show?source=Solr&id=hkm.2343A468-9DAC-4D52-AB9A-0BB4318B0F45&index=1&size=large']","[{'name': 'Gallen-Kallela, Akseli', 'role': 'suunnittelija', 'id': 'https://isni.org/isni/0000000108650663'}, {'name': 'A. Tillander Oy', 'role': 'valmistaja'}]","[['ansiomerkit'], ['kunniamerkit'], ['tunnukset vaatteissa'], ['Suomen sisällissota'], ['valkoiset (Suomen sisällissota)']]",merkki; rintamerkki; kunniamerkki; Vapaussodan Päämajan merkki,1932.0,Akseli Gallen-Kallela,9
433,hkm.4126E50D-C0E2-4D5A-8FD4-B8AA1F01053E,['/Cover/Show?source=Solr&id=hkm.4126E50D-C0E2-4D5A-8FD4-B8AA1F01053E&index=0&size=large'],"[{'name': 'Gallen-Kallela, Akseli', 'role': 'suunnittelija', 'id': 'https://isni.org/isni/0000000108650663'}, {'name': 'A. Tillander Oy', 'role': 'valmistaja'}, {'name': 'Suomen Valkoisen Ruusun ritarikunta', 'role': 'valmistuttaja'}, {'name': 'Vapaudenristin ritarikunta', 'role': 'valmistuttaja'}]","[['ansiomerkit'], ['kunniamerkit'], ['Suomen sisällissota'], ['sisällissodat'], ['aktivismi'], ['ansioritarikunnat'], ['pienoiskunniamerkit'], ['ansioristit']]",merkki; pienoisritarimerkit nauhoineen; Vapaudenristi IV. luokka; Vapaussodan muistomitali; Suomen Valkoisen Ruusun ansiomerkki; mitalirivassa,1932.0,Akseli Gallen-Kallela,9
434,hkm.7885EB3A-7CCB-49E0-A97E-766425E9F5FC,['/Cover/Show?source=Solr&id=hkm.7885EB3A-7CCB-49E0-A97E-766425E9F5FC&index=0&size=large'],"[{'name': 'Gallen-Kallela, Akseli', 'role': 'suunnittelija', 'id': 'https://isni.org/isni/0000000108650663'}, {'name': 'A. Tillander Oy', 'role': 'valmistaja'}, {'name': 'Suomen Valkoisen Ruusun ritarikunta', 'role': 'valmistuttaja'}]","[['ansiomerkit'], ['kunniamerkit'], ['ansioritarikunnat'], ['rintatähdet']]",merkki; kunniamerkki; Suomen Valkoisen Ruusun ritarikunnan  1 komentajamerkin rintatähti,1935.0,Akseli Gallen-Kallela,9
435,museovirasto.EBC0F55DC578A451C9E4E20E40D502ED,"['/Cover/Show?source=Solr&id=museovirasto.EBC0F55DC578A451C9E4E20E40D502ED&index=0&size=large', '/Cover/Show?source=Solr&id=museovirasto.EBC0F55DC578A451C9E4E20E40D502ED&index=1&size=large']","[{'name': 'Gallen-Kallela, Akseli', 'role': 'suunnittelija'}, {'name': 'Oy Taito Ab', 'role': 'valmistaja'}, {'name': 'Kalevalaseura', 'role': 'valmistuttaja'}, {'name': 'Gallen-Kallela, Akseli', 'role': 'henkilöyhteys'}]","[['Kalevalan päivä'], ['mitalit'], ['mitalitaide'], ['näyttelyt']]",Gallen-Kallelan muistonäyttely 1935; Kalevalanäyttely; mitali; näyttelymitali; tapahtumamitali; plaketti; muistomitali; Kalevalan 100-vuotisjuhla,1935.0,Akseli Gallen-Kallela,9
436,museovirasto.31926A3858D4FF6E7554AAFE095111F5,['/Cover/Show?source=Solr&id=museovirasto.31926A3858D4FF6E7554AAFE095111F5&index=0&size=large'],"[{'name': 'Uuranen, David', 'role': 'tekijä'}, {'name': 'G. W. Sohlbergin taidevalimo', 'role': 'valmistaja'}, {'name': 'Gallen-Kallela, Akseli', 'role': 'mukaan'}]","[['mitalit'], ['mitalitaide'], ['reliefit'], ['plaketit']]",mitali; Antoi impi hapsiansa; reliefi; plaketti; taidemitali,1938.0,Akseli Gallen-Kallela,9
437,hkm.da0eaeee-e541-41ab-9ac7-5fbed94da9b4,"['/Cover/Show?source=Solr&id=hkm.da0eaeee-e541-41ab-9ac7-5fbed94da9b4&index=0&size=large', '/Cover/Show?source=Solr&id=hkm.da0eaeee-e541-41ab-9ac7-5fbed94da9b4&index=1&size=large']","[{'name': 'Gallen-Kallela, Akseli', 'role': 'suunnittelija', 'id': 'https://isni.org/isni/0000000108650663'}]","[['ansiomitalit'], ['sota-aika'], ['palkitseminen'], ['Suomen vaakuna']]","mitali; ansiomitali; Vapaudenmitali, II. luokan",1939.0,Akseli Gallen-Kallela,9
438,museovirasto.0449407DC9194CE3782B68029A9A5AA4,['/Cover/Show?source=Solr&id=museovirasto.0449407DC9194CE3782B68029A9A5AA4&index=0&size=large'],"[{'name': 'Gallen-Kallela, Akseli', 'role': 'suunnittelija'}]","[['ritarimerkit'], ['sodat'], ['suru'], ['kaatuneet']]",Vapaudenristin ritarikunnan IV luokan ritarimerkki miekoin (Sururisti) mustalla nauhalla; kunniamerkki; Sururisti,1939.0,Akseli Gallen-Kallela,9
439,museovirasto.96DA19457322797C825E6C6AF5AC29A0,"['/Cover/Show?source=Solr&id=museovirasto.96DA19457322797C825E6C6AF5AC29A0&index=0&size=large', '/Cover/Show?source=Solr&id=museovirasto.96DA19457322797C825E6C6AF5AC29A0&index=1&size=large']","[{'name': 'Gallen-Kallela, Akseli', 'role': 'suunnittelija'}]","[['ansiomitalit'], ['kunniamerkit'], ['ritarikunnat (historia)']]",Vapaudenristin ritarikunnan I luokan mitali (I lk vapaudenmitali); kunniamerkki,1939.0,Akseli Gallen-Kallela,9
440,hkm.C4AFC9A3-4F2E-4E10-9AF8-E27DADB8BDB5,"['/Cover/Show?source=Solr&id=hkm.C4AFC9A3-4F2E-4E10-9AF8-E27DADB8BDB5&index=0&size=large', '/Cover/Show?source=Solr&id=hkm.C4AFC9A3-4F2E-4E10-9AF8-E27DADB8BDB5&index=1&size=large']","[{'name': 'Pihl, Oskar', 'role': 'suunnittelija'}, {'name': 'Gallen-Kallela, Akseli', 'role': 'suunnittelija', 'id': 'https://isni.org/isni/0000000108650663'}, {'name': 'Suomen Kultaseppä Oy', 'role': 'valmistaja'}, {'name': ""B. H. Mayer's Kunstprägeanstalt"", 'role': 'valmistaja'}, {'name': 'Karimo, Aarno', 'role': 'suunnittelija'}, {'name': 'A. Tillander Oy', 'role': 'valmistaja'}, {'name': 'Suomen Valkoisen Ruusun ritarikunta', 'role': 'valmistuttaja'}]","[['ansioritarikunnat'], ['ansiomitalit'], ['muistomitalit'], ['muistoristit'], ['talvisota'], ['jatkosota'], ['kotirintama'], ['ansioristit']]",mitali; ansiomitali; muistomitali; Suomen leijonan ritarikunnan ansioristi; Talvisodan muistomitali; Suomen Valkoisen Ruusun 1. luokan ansiomitali; Kotijoukkojen muistoristi 1939-1945; nyöreineen mitalirivassa,1940.0,Akseli Gallen-Kallela,9
441,urheilumuseo.167079112049000,['/Cover/Show?source=Solr&id=urheilumuseo.167079112049000&index=0&size=large'],"[{'name': 'Akseli Gallen-Kallela', 'role': 'suunnittelija'}, {'name': 'SVUL', 'role': 'valmistuttaja'}]","[['yleisurheilu'], ['Clas Thunberg'], ['käyttöaika\n\t\t\t\t\t\t\n\t\t\t\t\t\t\n\t\t\t\t\t\t\n\t\t\t\t\t\tAlkuvuosi: 1940l; Loppuvuosi: 1940l']]",ansiomerkki; SVUL:n hopeinen ansiomerkki,1940.0,Akseli Gallen-Kallela,9
442,urheilumuseo.167080376735300,['/Cover/Show?source=Solr&id=urheilumuseo.167080376735300&index=0&size=large'],"[{'name': 'SVUL', 'role': 'valmistuttaja'}, {'name': 'Akseli Gallen-Kallela', 'role': 'suunnittelija'}]","[['ansiomerkit'], ['urheilujärjestöt'], ['Kaarina Kari'], ['käyttöaika\n\t\t\t\t\t\t\n\t\t\t\t\t\t\n\t\t\t\t\t\t\n\t\t\t\t\t\tAlkuvuosi: 1940?; Loppuvuosi: 1979?']]",ansiomerkki; SVUL:n hopeinen ansiomerkki,1940.0,Akseli Gallen-Kallela,9
443,hkm.046C4E29-52B8-4FAD-86B3-123892499C33,"['/Cover/Show?source=Solr&id=hkm.046C4E29-52B8-4FAD-86B3-123892499C33&index=0&size=large', '/Cover/Show?source=Solr&id=hkm.046C4E29-52B8-4FAD-86B3-123892499C33&index=1&size=large']","[{'name': 'Gallen-Kallela, Akseli', 'role': 'suunnittelija', 'id': 'https://isni.org/isni/0000000108650663'}, {'name': 'Vapaudenristin ritarikunta', 'role': 'valmistuttaja'}]","[['ansioristit'], ['ansioritarikunnat'], ['ansiomitalit'], ['jatkosota'], ['palkitseminen'], ['hakaristi']]",merkki; ansiomerkki; vapaudenristi IV. luokka,1941.0,Akseli Gallen-Kallela,9
444,hkm.390C9A0A-352E-432A-9AFE-7C9AB15FB3A0,['/Cover/Show?source=Solr&id=hkm.390C9A0A-352E-432A-9AFE-7C9AB15FB3A0&index=0&size=large'],"[{'name': 'Gallen-Kallela, Akseli', 'role': 'suunnittelija', 'id': 'https://isni.org/isni/0000000108650663'}]","[['ansiomerkit'], ['kunniamerkit'], ['jatkosota'], ['sota-aika'], ['palkitseminen'], ['ansiomitalit']]",mitali; ansiomitali; Vapaudenristin  II. luokan ansiomitali,1941.0,Akseli Gallen-Kallela,9
445,hkm.CAE01012-86FA-4E00-BF88-DB32336A5879,"['/Cover/Show?source=Solr&id=hkm.CAE01012-86FA-4E00-BF88-DB32336A5879&index=0&size=large', '/Cover/Show?source=Solr&id=hkm.CAE01012-86FA-4E00-BF88-DB32336A5879&index=1&size=large']","[{'name': 'Gallen-Kallela, Akseli', 'role': 'suunnittelija', 'id': 'https://isni.org/isni/0000000108650663'}, {'name': 'Hopeatehdas Oy', 'role': 'valmistaja'}, {'name': ""B. H. Mayer's Kunstprägeanstalt"", 'role': 'valmistaja'}, {'name': 'Karimo, Aarno', 'role': 'suunnittelija'}]","[['ansiomerkit'], ['ansiomitalit'], ['talvisota'], ['jatkosota'], ['palkitseminen'], ['sota-aika']]",mitali; ansiomitali; muistomitali; Vapaudenmitali I. luokan; Talvisodan muistomitali; nyöreineen mitalirivassa,1941.0,Akseli Gallen-Kallela,9
446,lottamuseo.F91ED62E-605D-41F0-9260-57ADBB24BFED,['/Cover/Show?source=Solr&id=lottamuseo.F91ED62E-605D-41F0-9260-57ADBB24BFED&index=0&size=large'],"[{'name': 'Gallen-Kallela, Akseli', 'role': 'suunnittelija'}]","[['liput'], ['pienoisliput'], ['Itä-Karjala']]",Itä-Karjalan lippu; Itä-Karjalan pienoislippu kreppipaperista; Uhtuan tasavallan lippu eli itäkarjalaisten lippu 1920-1922 ja 1941-1944,1941.0,Akseli Gallen-Kallela,9
447,lusto.knp-17882,"['/Cover/Show?source=Solr&id=lusto.knp-17882&index=0&size=large', '/Cover/Show?source=Solr&id=lusto.knp-17882&index=1&size=large']","[{'name': 'suunnittelija: Gallen-Kallela, Akseli', 'role': 'Valmistaja'}]","[['sota-aika'], ['puolustusvoimat'], ['muistoesineet'], ['mitalit'], ['metsätalous'], ['metsänhoitajat'], ['metsähallitus'], ['ansiomitalit']]","Mitali; Urhoollisuusmitali, Vapaudenristin 2. lk:n ansiomitali 1941",1941.0,Akseli Gallen-Kallela,9
448,museovirasto.0145463C576B63A9E4A24B246CE477A1,"['/Cover/Show?source=Solr&id=museovirasto.0145463C576B63A9E4A24B246CE477A1&index=0&size=large', '/Cover/Show?source=Solr&id=museovirasto.0145463C576B63A9E4A24B246CE477A1&index=1&size=large']","[{'name': 'Gallen-Kallela, Akseli', 'role': 'suunnittelija'}]","[['kunniamerkit'], ['ritarikunnat (historia)'], ['ritarimerkit']]",Vapaudenristin ritarikunnan I luokan Mannerheim-risti; kunniamerkki,1941.0,Akseli Gallen-Kallela,9
449,museovirasto.28A21ECF6C78D7F4396B07E21C6D7D3A,"['/Cover/Show?source=Solr&id=museovirasto.28A21ECF6C78D7F4396B07E21C6D7D3A&index=0&size=large', '/Cover/Show?source=Solr&id=museovirasto.28A21ECF6C78D7F4396B07E21C6D7D3A&index=1&size=large']","[{'name': 'Gallen-Kallela, Akseli', 'role': 'suunnittelija'}]","[['ansiomitalit'], ['kunniamerkit'], ['ritarikunnat (historia)']]",Vapaudenristin ritarikunnan I luokan mitali mustalla nauhalla; Surumitali; ansiomitali,1941.0,Akseli Gallen-Kallela,9
450,museovirasto.6CF63D2A96F01E78441FA5A5AF3FE710,"['/Cover/Show?source=Solr&id=museovirasto.6CF63D2A96F01E78441FA5A5AF3FE710&index=0&size=large', '/Cover/Show?source=Solr&id=museovirasto.6CF63D2A96F01E78441FA5A5AF3FE710&index=1&size=large']","[{'name': 'Gallen-Kallela, Akseli', 'role': 'suunnittelija'}]","[['ritarimerkit'], ['ritarikunnat (historia)']]",Vapaudenristin ritarikunnan IV luokan ritarimerkki miekoitta Punaisen ristin merkillä; kunniamerkki,1941.0,Akseli Gallen-Kallela,9
451,museovirasto.6D4FD2EEF76F2CA930C249B9722879E8,"['/Cover/Show?source=Solr&id=museovirasto.6D4FD2EEF76F2CA930C249B9722879E8&index=0&size=large', '/Cover/Show?source=Solr&id=museovirasto.6D4FD2EEF76F2CA930C249B9722879E8&index=1&size=large']","[{'name': 'Gallen-Kallela, Akseli', 'role': 'suunnittelija'}]","[['ritarimerkit'], ['ritarikunnat (historia)']]",Vapaudenristin ritarikunnan II luokan ritarimerkki miekoin; kunniamerkki,1941.0,Akseli Gallen-Kallela,9
452,museovirasto.875616EDBF7DE0B1E40C682CABB9213E,"['/Cover/Show?source=Solr&id=museovirasto.875616EDBF7DE0B1E40C682CABB9213E&index=0&size=large', '/Cover/Show?source=Solr&id=museovirasto.875616EDBF7DE0B1E40C682CABB9213E&index=1&size=large']","[{'name': 'Gallen-Kallela, Akseli', 'role': 'suunnittelija'}]","[['ritarimerkit'], ['ritarikunnat (historia)']]",Vapaudenristin ritarikunnan III luokan ritarimerkki miekoin tammenlehvän kera; kunniamerkki,1941.0,Akseli Gallen-Kallela,9
453,museovirasto.89071154FAA9F567313FB7DF426275E3,"['/Cover/Show?source=Solr&id=museovirasto.89071154FAA9F567313FB7DF426275E3&index=0&size=large', '/Cover/Show?source=Solr&id=museovirasto.89071154FAA9F567313FB7DF426275E3&index=1&size=large', '/Cover/Show?source=Solr&id=museovirasto.89071154FAA9F567313FB7DF426275E3&index=2&size=large']","[{'name': 'Gallen-Kallela, Akseli', 'role': 'suunnittelija'}]","[['kunniamerkit'], ['ansiomitalit'], ['ritarikunnat (historia)']]",Vapaudenristin ritarikunnan II luokan mitali (II luokan Vapaudenmitali); ansiomitali,1941.0,Akseli Gallen-Kallela,9
454,museovirasto.AB4276C876894ED30E81A82016169DB3,"['/Cover/Show?source=Solr&id=museovirasto.AB4276C876894ED30E81A82016169DB3&index=0&size=large', '/Cover/Show?source=Solr&id=museovirasto.AB4276C876894ED30E81A82016169DB3&index=1&size=large']","[{'name': 'A. Tillander Oy', 'role': 'valmistaja'}, {'name': 'Gallen-Kallela, Akseli', 'role': 'suunnittelija'}]","[['kunniamerkit'], ['ritarikunnat (historia)'], ['ritarimerkit']]",Vapaudenristin ritarikunnan I luokan miekoin tammenlehvän kera; kunniamerkki,1941.0,Akseli Gallen-Kallela,9
455,museovirasto.F585D1A724A46939F176C096B13846B7,"['/Cover/Show?source=Solr&id=museovirasto.F585D1A724A46939F176C096B13846B7&index=0&size=large', '/Cover/Show?source=Solr&id=museovirasto.F585D1A724A46939F176C096B13846B7&index=1&size=large']","[{'name': 'Gallen-Kallela, Akseli', 'role': 'suunnittelija'}]","[['ritarimerkit'], ['ritarikunnat (historia)']]",Vapaudenristin ritarikunnan IV luokan ritarimerkki miekoin; kunniamerkki; Vapaudenristi,1941.0,Akseli Gallen-Kallela,9
456,tmk.161027412063800,"['/Cover/Show?source=Solr&id=tmk.161027412063800&index=0&size=large', '/Cover/Show?source=Solr&id=tmk.161027412063800&index=1&size=large', '/Cover/Show?source=Solr&id=tmk.161027412063800&index=2&size=large']","[{'name': 'Akseli Gallen-Kallela', 'role': 'suunnittelija'}]","[['armeijat'], ['sota'], ['mitalit'], ['ansiomerkit']]",Vapaudenristin ritarikunnan 2. luokan Vapaudenmitali; Mitali,1941.0,Akseli Gallen-Kallela,9
457,tmk.161048283667300,"['/Cover/Show?source=Solr&id=tmk.161048283667300&index=0&size=large', '/Cover/Show?source=Solr&id=tmk.161048283667300&index=1&size=large', '/Cover/Show?source=Solr&id=tmk.161048283667300&index=2&size=large']","[{'name': 'Akseli Gallen-Kallela', 'role': 'suunnittelija'}]","[['kunniamerkit'], ['jatkosota']]",Vapaudenristin 2. lk:n ansiomitali (VR Am 2) 1941,1941.0,Akseli Gallen-Kallela,9
458,tmk.161048306599800,"['/Cover/Show?source=Solr&id=tmk.161048306599800&index=0&size=large', '/Cover/Show?source=Solr&id=tmk.161048306599800&index=1&size=large', '/Cover/Show?source=Solr&id=tmk.161048306599800&index=2&size=large']","[{'name': 'Akseli Gallen-Kallela', 'role': 'suunnittelija'}]","[['kunniamerkit'], ['jatkosota']]",2. lk:n Vapaudenmitali (VM 2) 1941,1941.0,Akseli Gallen-Kallela,9
459,tmk.161048318553300,"['/Cover/Show?source=Solr&id=tmk.161048318553300&index=0&size=large', '/Cover/Show?source=Solr&id=tmk.161048318553300&index=1&size=large']","[{'name': 'Akseli Gallen-Kallela', 'role': 'suunnittelija'}]",[['kunniamerkit']],Vapaudenristin 2. lk:n ansiomitali (VR Am 2) 1941,1941.0,Akseli Gallen-Kallela,9
460,kymenlaaksonmuseot.YLEE98004:2,"['/Cover/Show?source=Solr&id=kymenlaaksonmuseot.YLEE98004%3A2&index=0&size=large', '/Cover/Show?source=Solr&id=kymenlaaksonmuseot.YLEE98004%3A2&index=1&size=large', '/Cover/Show?source=Solr&id=kymenlaaksonmuseot.YLEE98004%3A2&index=2&size=large']","[{'name': 'Akseli Gallen-Kallela', 'role': 'suunnittelija'}, {'name': 'Suomen Kultaseppä Oy', 'role': 'valmistaja'}]","[['jatkosota'], ['kunniamerkit'], ['luotsit'], ['toinen maailmansota'], ['Suursaari'], ['554 yksilöllisyys ja yhteiskuntakierto status'], ['rooli ja arvovalta'], ['502 navigointi'], ['703 sotavoimat sotilaskuri ja moraali'], ['724 logistiikka']]",kunniamerkki; Suomen valkoisen Ruusun 1. luokan mitali kultaristein,1942.0,Akseli Gallen-Kallela,9
461,kymenlaaksonmuseot.YLEE98004:4,"['/Cover/Show?source=Solr&id=kymenlaaksonmuseot.YLEE98004%3A4&index=0&size=large', '/Cover/Show?source=Solr&id=kymenlaaksonmuseot.YLEE98004%3A4&index=1&size=large', '/Cover/Show?source=Solr&id=kymenlaaksonmuseot.YLEE98004%3A4&index=2&size=large']","[{'name': 'Akseli Gallen-Kallela', 'role': 'suunnittelija'}]","[['jatkosota'], ['luotsit'], ['toinen maailmansota'], ['kunniamerkit'], ['Suursaari'], ['554 yksilöllisyys ja yhteiskuntakierto status'], ['rooli ja arvovalta'], ['502 navigointi'], ['724 logistiikka'], ['703 sotavoimat sotilaskuri ja moraali']]",kunniamerkki; 2. luokan Vapaudenmitali,1942.0,Akseli Gallen-Kallela,9
462,lappeenrannanmuseot.689cb56b-2499-4ecf-ab36-2272496236c2,"['/Cover/Show?source=Solr&id=lappeenrannanmuseot.689cb56b-2499-4ecf-ab36-2272496236c2&index=0&size=large', '/Cover/Show?source=Solr&id=lappeenrannanmuseot.689cb56b-2499-4ecf-ab36-2272496236c2&index=1&size=large']","[{'name': 'Gallen-Kallela, Akseli', 'role': 'suunnittelija'}]",[],Voimaliiton ansiomerkki ja rintaneula; muistomitali,1943.0,Akseli Gallen-Kallela,9
463,museovirasto.347CD0505D3D5ED5DC74D40F1E1C886E,['/Cover/Show?source=Solr&id=museovirasto.347CD0505D3D5ED5DC74D40F1E1C886E&index=0&size=large'],"[{'name': 'A. Tillander Oy', 'role': 'tekijä'}, {'name': 'Gallen-Kallela, Akseli', 'role': 'suunnittelija'}]","[['kunniamerkit'], ['rintatähdet'], ['suurristit'], ['ritarikunnat (historia)']]",Vapaudenristin ritarikunnan suurristi miekoin (J. K. Paasikivi); kunniamerkki,1950.0,Akseli Gallen-Kallela,9
464,urheilumuseo.167079338650000,['/Cover/Show?source=Solr&id=urheilumuseo.167079338650000&index=0&size=large'],"[{'name': 'Akseli Gallen-Kallela', 'role': 'suunnittelija'}]","[['miekkailu'], ['valmentajat'], ['merkit'], ['Kauko Jalkanen'], ['käyttöaika\n\t\t\t\t\t\t\n\t\t\t\t\t\t1950\n\t\t\t\t\t\t -  1969']]",SVUL:n merkki; ansiomerkki; liittomerkki; merkki,1950.0,Akseli Gallen-Kallela,9
465,hkm.05783FAC-525F-4434-998B-AD23AF511034,['/Cover/Show?source=Solr&id=hkm.05783FAC-525F-4434-998B-AD23AF511034&index=0&size=large'],"[{'name': 'Gallen-Kallela, Akseli', 'role': 'suunnittelija', 'id': 'https://isni.org/isni/0000000108650663'}, {'name': 'Uusi Suomi OY', 'role': 'valmistuttaja'}, {'name': 'Kultaseppä Oy Merkki- ja sormuspaja', 'role': 'valmistaja'}]","[['merkit'], ['rintamerkit'], ['ansiomerkit'], ['lehdistö'], ['sanomalehdet'], ['palkitseminen'], ['työntekijät'], ['työsuhde'], ['käyttöaika 12.05.1955, käyttöaika 1993']]",merkki; rintamerkki; ansiomerkki; Uusi Suomi,1955.0,Akseli Gallen-Kallela,9
466,hkm.096628CF-4AAE-4007-9EA3-8A8BD386E630,['/Cover/Show?source=Solr&id=hkm.096628CF-4AAE-4007-9EA3-8A8BD386E630&index=0&size=large'],"[{'name': 'Kalevalaseura', 'role': 'valmistuttaja'}, {'name': 'Gallen-Kallela, Akseli', 'role': 'suunnittelija', 'id': 'https://isni.org/isni/0000000108650663'}]","[['merkit'], ['ansiomerkit'], ['rintamerkit'], ['järjestöt'], ['tieteelliset seurat'], ['käyttöaika - 1960']]",merkki; ansiomerkki; Kalevalaseuran,1960.0,Akseli Gallen-Kallela,9
467,urheilumuseo.167080376983500,['/Cover/Show?source=Solr&id=urheilumuseo.167080376983500&index=0&size=large'],"[{'name': 'Kulta ja Hopea Oy', 'role': 'valmistaja'}, {'name': 'Akseli Gallen-Kallela', 'role': 'suunnittelija'}]","[['ansiomerkit'], ['urheilujärjestöt'], ['Kaarina Kari'], ['käyttöaika\n\t\t\t\t\t\t\n\t\t\t\t\t\t1965\n\t\t\t\t\t\t\n\t\t\t\t\t\tLoppuvuosi: 1979?']]",SVUL:n kunniajäsenmerkki; ansiomerkki,1965.0,Akseli Gallen-Kallela,9
468,museovirasto.50953B627826D5C3136C3983FBEAEE34,"['/Cover/Show?source=Solr&id=museovirasto.50953B627826D5C3136C3983FBEAEE34&index=0&size=large', '/Cover/Show?source=Solr&id=museovirasto.50953B627826D5C3136C3983FBEAEE34&index=1&size=large', '/Cover/Show?source=Solr&id=museovirasto.50953B627826D5C3136C3983FBEAEE34&index=2&size=large', '/Cover/Show?source=Solr&id=museovirasto.50953B627826D5C3136C3983FBEAEE34&index=3&size=large', '/Cover/Show?source=Solr&id=museovirasto.50953B627826D5C3136C3983FBEAEE34&index=4&size=large', '/Cover/Show?source=Solr&id=museovirasto.50953B627826D5C3136C3983FBEAEE34&index=5&size=large', '/Cover/Show?source=Solr&id=museovirasto.50953B627826D5C3136C3983FBEAEE34&index=6&size=large', '/Cover/Show?source=Solr&id=museovirasto.50953B627826D5C3136C3983FBEAEE34&index=7&size=large', '/Cover/Show?source=Solr&id=museovirasto.50953B627826D5C3136C3983FBEAEE34&index=8&size=large', '/Cover/Show?source=Solr&id=museovirasto.50953B627826D5C3136C3983FBEAEE34&index=9&size=large']","[{'name': 'Suomen Käsityön Ystävät', 'role': 'valmistaja'}, {'name': 'Virkkunen, Päivi', 'role': 'tekijä'}, {'name': 'Gallen-Kallela, Akseli', 'role': 'suunnittelija'}, {'name': 'Oja, Leena', 'role': 'tekijä'}]","[['ryijyt'], ['taidetekstiilit'], ['tekstiilit'], ['sisustus'], ['art nouveau']]",Liekki-ryijy (kopio); penkkiryijy; ryijy,1986.0,Akseli Gallen-Kallela,9
469,casahaartman.df2dbcf0-0f17-47f1-b417-99b8020c5a33,"['/Cover/Show?source=Solr&id=casahaartman.df2dbcf0-0f17-47f1-b417-99b8020c5a33&index=0&size=large', '/Cover/Show?source=Solr&id=casahaartman.df2dbcf0-0f17-47f1-b417-99b8020c5a33&index=1&size=large']","[{'name': 'Gallen-Kallela, Akseli', 'role': 'suunnittelija'}]","[['mitalit'], ['näyttelyt'], ['mitalitaide'], ['Kalevala']]",Medalj till minne av Kalevalas 100-års jubileum och Akseli Gallen-Kallelas minnesutställning 1935,,Akseli Gallen-Kallela,9
470,hkm.4826B735-00B8-442C-827C-664EB177A39A,['/Cover/Show?source=Solr&id=hkm.4826B735-00B8-442C-827C-664EB177A39A&index=0&size=large'],"[{'name': 'Gallen-Kallela, Akseli', 'role': 'suunnittelija', 'id': 'https://isni.org/isni/0000000108650663'}, {'name': 'Suomen Valkoisen Ruusun ritarikunta', 'role': 'valmistuttaja'}]","[['ansiomitalit'], ['heraldiikka'], ['kunniamerkit'], ['ansioritarikunnat'], ['käyttöaika 1979 ennen']]",mitali; ansiomitali; Suomen Valkoisen Ruusun ritarikunnan I luokan mitali kultaristein,,Akseli Gallen-Kallela,9
471,lappeenrannanmuseot.c2b31574-0867-4c83-9480-2aa9fe1735c7,"['/Cover/Show?source=Solr&id=lappeenrannanmuseot.c2b31574-0867-4c83-9480-2aa9fe1735c7&index=0&size=large', '/Cover/Show?source=Solr&id=lappeenrannanmuseot.c2b31574-0867-4c83-9480-2aa9fe1735c7&index=1&size=large']","[{'name': 'Kallela-Gallen, Akseli', 'role': 'suunnittelija'}]",[['Vapaudenristin ritarikunta']],3. luokan Vapaudenristi miekkoineen; 3. luokan Vapaudenristi Talvisodan ansioista,,Akseli Gallen-Kallela,9
472,lusto.knp-14271,"['/Cover/Show?source=Solr&id=lusto.knp-14271&index=0&size=large', '/Cover/Show?source=Solr&id=lusto.knp-14271&index=1&size=large', '/Cover/Show?source=Solr&id=lusto.knp-14271&index=2&size=large', '/Cover/Show?source=Solr&id=lusto.knp-14271&index=3&size=large']","[{'name': 'Tillander', 'role': 'Valmistaja'}, {'name': '(suunnittelija) Akseli Gallen-Kallela ?', 'role': 'Valmistaja'}]","[['rintamerkit'], ['merkit'], ['kunniamerkit'], ['kotelot'], ['komentajamerkit'], ['ansiomerkit']]",Kunniamerkki; Suomen Valkoisen Ruusun komentajamerkki kotelosssa,,Akseli Gallen-Kallela,9
473,museovirasto.6bdaf48b-c1aa-4cbe-9f5d-03ef6e438055,"['/Cover/Show?source=Solr&id=museovirasto.6bdaf48b-c1aa-4cbe-9f5d-03ef6e438055&index=0&size=large', '/Cover/Show?source=Solr&id=museovirasto.6bdaf48b-c1aa-4cbe-9f5d-03ef6e438055&index=1&size=large']","[{'name': 'Gallen-Kallela, Akseli', 'role': 'suunnittelija'}]","[['ritarimerkit'], ['suru'], ['kaatuneet']]",kunniamerkit; Sururisti kaatuneen omaiselle,,Akseli Gallen-Kallela,9
474,museovirasto.8b169a3a-6e1f-47db-8cc2-f77c51d2023c,"['/Cover/Show?source=Solr&id=museovirasto.8b169a3a-6e1f-47db-8cc2-f77c51d2023c&index=0&size=large', '/Cover/Show?source=Solr&id=museovirasto.8b169a3a-6e1f-47db-8cc2-f77c51d2023c&index=1&size=large']","[{'name': 'Gallen-Kallela, Akseli', 'role': 'suunnittelija'}]","[['ritarimerkit'], ['ritarikunnat (historia)']]",Vapaudenristin ritarikunnan IV luokan ritarimerkki miekoin (IV lk Vapaudenristi m); kunniamerkki,,Akseli Gallen-Kallela,9
475,museovirasto.a8bf5f35-5770-4cb5-acfa-27e73a41c20d,"['/Cover/Show?source=Solr&id=museovirasto.a8bf5f35-5770-4cb5-acfa-27e73a41c20d&index=0&size=large', '/Cover/Show?source=Solr&id=museovirasto.a8bf5f35-5770-4cb5-acfa-27e73a41c20d&index=1&size=large']","[{'name': 'Gallen-Kallela, Akseli', 'role': 'suunnittelija'}]","[['ansiomitalit'], ['kunniamerkit'], ['ritarikunnat (historia)']]",Vapaudenristin ritarikunnan II luokan mitali Punaisen ristin merkillä (II lk Vapaudenmitali PR:n merkillä); ansiomitali,,Akseli Gallen-Kallela,9
476,museovirasto.c8e34f5d-110c-48e8-a870-d9599c2366c5,"['/Cover/Show?source=Solr&id=museovirasto.c8e34f5d-110c-48e8-a870-d9599c2366c5&index=0&size=large', '/Cover/Show?source=Solr&id=museovirasto.c8e34f5d-110c-48e8-a870-d9599c2366c5&index=1&size=large']","[{'name': 'Gallen-Kallela, Akseli', 'role': 'suunnittelija'}]","[['ritarimerkit'], ['ritarikunnat (historia)']]",Vapaudenristin ritarikunnan IV luokan ritarimerkki miekoitta.; kunniamerkki,,Akseli Gallen-Kallela,9
477,postimuseo.2769ffbb-9860-4f9a-864c-1a6f6fa76b45,"['/Cover/Show?source=Solr&id=postimuseo.2769ffbb-9860-4f9a-864c-1a6f6fa76b45&index=0&size=large', '/Cover/Show?source=Solr&id=postimuseo.2769ffbb-9860-4f9a-864c-1a6f6fa76b45&index=1&size=large']","[{'name': 'Gallen-Kallela, Akseli', 'role': 'suunnittelija', 'id': 'https://isni.org/isni/0000000108650663'}]","[['postikortit'], ['postimerkit'], ['sortovuodet'], ['käyttöaika 1900'], ['Suomi, Päijät-Häme, Lahti']]","postikortti; valokuvapostikortti; surumerkki, sortokausi; postikortin aihe: maisema Kariniemeltä",,Akseli Gallen-Kallela,9
478,postimuseo.2E72282A-E065-4646-B4FA-4FB58B58F5F7,['/Cover/Show?source=Solr&id=postimuseo.2E72282A-E065-4646-B4FA-4FB58B58F5F7&index=0&size=large'],"[{'name': 'Gallen-Kallela, Akseli', 'role': 'suunnittelija', 'id': 'https://isni.org/isni/0000000108650663'}]","[['postimerkit'], ['sortovuodet'], ['käyttöaika 14.08.1900']]",merkki; surumerkki; Surumerkki,,Akseli Gallen-Kallela,9
479,postimuseo.3A6A1627-D0C5-44AD-845F-847D3FF74772,['/Cover/Show?source=Solr&id=postimuseo.3A6A1627-D0C5-44AD-845F-847D3FF74772&index=0&size=large'],"[{'name': 'Gallen-Kallela, Akseli', 'role': 'suunnittelija', 'id': 'https://isni.org/isni/0000000108650663'}, {'name': 'Suomen Pankin setelipaino', 'role': 'paino'}, {'name': 'Schuricht, Arthur', 'role': 'kaivertaja'}]","[['postimerkit'], ['metsätalous'], ['puunkaataja puunhakkaaja metsätalous työväline kirves 1930'], ['käyttöaika 24.01.1930-01.07.1963']]",postimerkki; postimerkkiarkki; Malli 1930 Puunkaataja,,Akseli Gallen-Kallela,9
480,postimuseo.41F86D5F-B603-4240-9A1D-B922C32C4A1B,['/Cover/Show?source=Solr&id=postimuseo.41F86D5F-B603-4240-9A1D-B922C32C4A1B&index=0&size=large'],"[{'name': 'Gallen-Kallela, Akseli', 'role': 'suunnittelija', 'id': 'https://isni.org/isni/0000000108650663'}, {'name': 'Suomen Pankin setelipaino', 'role': 'paino'}, {'name': 'Schuricht, Arthur', 'role': 'kaivertaja'}]","[['postimerkit'], ['postimerkkien valmistus'], ['metsätalous'], ['puunkaataja puunhakkaaja metsätalous työväline kirves 1930'], ['käyttöaika 24.01.1930-01.07.1963']]",värinäyte; postimerkin värinäyte; Malli 1930 Puunkaataja,,Akseli Gallen-Kallela,9
481,postimuseo.4252ff4a-948b-488a-85de-9e64da05cfb4,['/Cover/Show?source=Solr&id=postimuseo.4252ff4a-948b-488a-85de-9e64da05cfb4&index=0&size=large'],"[{'name': 'Gallen-Kallela, Akseli', 'role': 'suunnittelija', 'id': 'https://isni.org/isni/0000000108650663'}]","[['postimerkit'], ['sortovuodet'], ['käyttöaika 14.08.1900']]",merkki; surumerkki; Surumerkki,,Akseli Gallen-Kallela,9
482,postimuseo.4CDA2BE1-EF7B-474B-9617-6FA0099E907B,['/Cover/Show?source=Solr&id=postimuseo.4CDA2BE1-EF7B-474B-9617-6FA0099E907B&index=0&size=large'],"[{'name': 'Gallen-Kallela, Akseli', 'role': 'alkuperäisen kuvan tekijä', 'id': 'https://isni.org/isni/0000000108650663'}, {'name': 'Piippo, Pekka', 'role': 'suunnittelija'}, {'name': 'Wallsall Security Printers', 'role': 'paino'}]","[['postimerkit'], ['Kalevala'], ['kuvataide'], ['taide'], ['taide kuvataide kirjankuvitus akvarelli Akseli Gallen-Kallela luonnotar kalevala mytologia tarusto kansanrunous kansallisromantiikka Pohjola pohjoismainen kansainvälinen järjestö yhteistyö Pohjoismaiden postiliitto'], ['käyttöaika 26.03.2004']]","postimerkki; postimerkkiarkki; Mytologia - Akseli Gallen-Kallela, Luonnotar",,Akseli Gallen-Kallela,9
483,postimuseo.5E068430-749B-478B-A32D-E24B239DF857,['/Cover/Show?source=Solr&id=postimuseo.5E068430-749B-478B-A32D-E24B239DF857&index=0&size=large'],"[{'name': 'Gallen-Kallela, Akseli', 'role': 'alkuperäisen kuvan tekijä', 'id': 'https://isni.org/isni/0000000108650663'}, {'name': 'Suomen Pankin setelipaino', 'role': 'paino'}, {'name': 'Laurén, Alexander', 'role': 'kaivertaja'}, {'name': 'Gallen-Kallela, Jorma', 'role': 'suunnittelija'}]","[['postimerkit'], ['taide'], ['merkkipäivät'], ['lukemistot'], ['antiikin kirjallisuus'], ['Kalevala'], ['kalevala runous kirjallisuus kansanperinne Runonlaulajat musiikki laulu kansanrunous Gallen-Kallela Akseli taide'], ['käyttöaika 28.02.1935-31.12.1962']]",postimerkki; postimerkkiarkki; Kalevala 100 vuotta - Runonlaulajat,,Akseli Gallen-Kallela,9
484,postimuseo.5E68E665-53D4-47C5-9D60-703CFEA84286,"['/Cover/Show?source=Solr&id=postimuseo.5E68E665-53D4-47C5-9D60-703CFEA84286&index=0&size=large', '/Cover/Show?source=Solr&id=postimuseo.5E68E665-53D4-47C5-9D60-703CFEA84286&index=1&size=large']","[{'name': 'Gallen-Kallela, Akseli', 'role': 'suunnittelija', 'id': 'https://isni.org/isni/0000000108650663'}]","[['postimerkit'], ['sortovuodet'], ['käyttöaika 14.08.1900']]",surumerkki; Surumerkki,,Akseli Gallen-Kallela,9
485,postimuseo.690fba2d-1de3-4130-bd27-4def4e2c6325,"['/Cover/Show?source=Solr&id=postimuseo.690fba2d-1de3-4130-bd27-4def4e2c6325&index=0&size=large', '/Cover/Show?source=Solr&id=postimuseo.690fba2d-1de3-4130-bd27-4def4e2c6325&index=1&size=large']","[{'name': 'Gallen-Kallela, Akseli', 'role': 'suunnittelija', 'id': 'https://isni.org/isni/0000000108650663'}]","[['kirjeet'], ['postimerkit'], ['sortovuodet'], ['Suomi, lähetyspaikka']]","postilähetys; kirje; surumerkki, sortokausi",,Akseli Gallen-Kallela,9
486,postimuseo.6ff2311a-a2a9-4e3a-b716-b6466b55c129,['/Cover/Show?source=Solr&id=postimuseo.6ff2311a-a2a9-4e3a-b716-b6466b55c129&index=0&size=large'],"[{'name': 'Gallen-Kallela, Akseli', 'role': 'suunnittelija', 'id': 'https://isni.org/isni/0000000108650663'}]","[['postikortit'], ['postimerkit'], ['sortovuodet'], ['käyttöaika 16.08.1900']]","postilähetys; postikortti; surumerkki, sortokausi",,Akseli Gallen-Kallela,9
487,postimuseo.71a4ecf3-2f89-4a22-8bcb-e4463c495a9a,['/Cover/Show?source=Solr&id=postimuseo.71a4ecf3-2f89-4a22-8bcb-e4463c495a9a&index=0&size=large'],"[{'name': 'Gallen-Kallela, Akseli', 'role': 'suunnittelija', 'id': 'https://isni.org/isni/0000000108650663'}]","[['kirjeet'], ['postimerkit'], ['sortovuodet'], ['käyttöaika 16.08.1900'], ['Suomi, lähetyspaikka']]","postilähetys; kirje; surumerkki, sortokausi",,Akseli Gallen-Kallela,9
488,postimuseo.78c59c88-aba2-4aaa-bd3f-8919b4669cda,"['/Cover/Show?source=Solr&id=postimuseo.78c59c88-aba2-4aaa-bd3f-8919b4669cda&index=0&size=large', '/Cover/Show?source=Solr&id=postimuseo.78c59c88-aba2-4aaa-bd3f-8919b4669cda&index=1&size=large']","[{'name': 'Gallen-Kallela, Akseli', 'role': 'suunnittelija', 'id': 'https://isni.org/isni/0000000108650663'}]","[['postikortit'], ['postimerkit'], ['sortovuodet'], ['käyttöaika 15.08.1900'], ['Suomi, Uusimaa, Helsinki']]","postikortti; kuvapostikortti; surumerkki, sortokausi; postikortin aihe: Moulin Rouge",,Akseli Gallen-Kallela,9
489,postimuseo.9e14ca45-ea82-425d-986c-996e6f046f5f,['/Cover/Show?source=Solr&id=postimuseo.9e14ca45-ea82-425d-986c-996e6f046f5f&index=0&size=large'],"[{'name': 'Gallen-Kallela, Akseli', 'role': 'suunnittelija', 'id': 'https://isni.org/isni/0000000108650663'}]","[['postimerkit'], ['sortovuodet'], ['käyttöaika 14.08.1900']]",merkki; surumerkki; Surumerkki,,Akseli Gallen-Kallela,9
490,postimuseo.B216C178-8CD2-4819-B2B7-2CF88FB773C3,['/Cover/Show?source=Solr&id=postimuseo.B216C178-8CD2-4819-B2B7-2CF88FB773C3&index=0&size=large'],"[{'name': 'Gallen-Kallela, Akseli', 'role': 'alkuperäisen kuvan tekijä', 'id': 'https://isni.org/isni/0000000108650663'}, {'name': 'Suomen Pankin setelipaino', 'role': 'paino'}, {'name': 'Laurén, Alexander', 'role': 'kaivertaja'}, {'name': 'Gallen-Kallela, Jorma', 'role': 'suunnittelija'}]","[['postimerkit'], ['merkkipäivät'], ['hevonen'], ['kuvataide'], ['antiikin kirjallisuus'], ['Kalevala'], ['lukemistot'], ['taide'], ['Kalevala Kullervo sota ratsastus kirjallisuus kansanperinne taide kuvataide sotilas Kullervon sotaanlähtö fresko Vanha ylioppilastalo hevonen torvi Gallen-Kallela Akseli kansanrunous runous'], ['käyttöaika 28.02.1935-31.12.1962']]",postimerkki; postimerkkiarkki; Kalevala 100 vuotta - Kullervon sotaanlähtö,,Akseli Gallen-Kallela,9
491,postimuseo.F1E7ED7E-4B2C-4A8D-9D3B-50ADCF4C2545,['/Cover/Show?source=Solr&id=postimuseo.F1E7ED7E-4B2C-4A8D-9D3B-50ADCF4C2545&index=0&size=large'],"[{'name': 'Gallen-Kallela, Akseli', 'role': 'alkuperäisen kuvan tekijä', 'id': 'https://isni.org/isni/0000000108650663'}, {'name': 'Suomen Pankin setelipaino', 'role': 'paino'}, {'name': 'Laurén, Alexander', 'role': 'kaivertaja'}, {'name': 'Gallen-Kallela, Jorma', 'role': 'suunnittelija'}]","[['postimerkit'], ['taide'], ['merkkipäivät'], ['antiikin kirjallisuus'], ['lukemistot'], ['Kalevala'], ['Kalevala Sampo Sammon puolustus kirjallisuus kansanperinne vene fresko Pariisin maailmannäyttely kansanrunous Gallen-Kallela Akseli taide'], ['käyttöaika 28.02.1935-31.12.1962']]",postimerkki; postimerkkiarkki; Kalevala 100 vuotta - Sammon puolustus,,Akseli Gallen-Kallela,9
492,postimuseo.F9A58D59-E7ED-4019-B13A-F485A40103BF,"['/Cover/Show?source=Solr&id=postimuseo.F9A58D59-E7ED-4019-B13A-F485A40103BF&index=0&size=large', '/Cover/Show?source=Solr&id=postimuseo.F9A58D59-E7ED-4019-B13A-F485A40103BF&index=1&size=large']","[{'name': 'Gallen-Kallela, Akseli', 'role': 'alkuperäisen kuvan tekijä', 'id': 'https://isni.org/isni/0000000108650663'}, {'name': 'Suomen Pankin setelipaino', 'role': 'paino'}, {'name': 'Hammarsten Jansson, Signe', 'role': 'suunnittelija', 'id': 'https://isni.org/isni/0000000052886369'}]","[['postimerkit'], ['puolustusvoimat'], ['merkkipäivät'], ['presidentit'], ['maanpuolustus'], ['vapaaherra marsalkka valtionhoitaja univormu presidentti ylipäällikkö sotilas valtionpäämies puolustusvoimat Mannerheim Carl Gustaf Emil Akseli Gallen-Kallela maanpuolustus'], ['käyttöaika 04.06.1937-31.12.1962']]",postimerkki; postimerkkiarkki; Sotamarsalkka C.G.E. Mannerheim 70 vuotta,,Akseli Gallen-Kallela,9
493,postimuseo.afc38e01-4da9-425d-9516-424a8070f1de,['/Cover/Show?source=Solr&id=postimuseo.afc38e01-4da9-425d-9516-424a8070f1de&index=0&size=large'],"[{'name': 'Gallen-Kallela, Akseli', 'role': 'suunnittelija', 'id': 'https://isni.org/isni/0000000108650663'}]","[['kirjeet'], ['postimerkit'], ['sortovuodet'], ['käyttöaika 16.08.1900']]","postilähetys; kirjekuori; surumerkki, sortokausi",,Akseli Gallen-Kallela,9
494,postimuseo.c74c413a-ceef-41fb-8d18-055e63c5b484,"['/Cover/Show?source=Solr&id=postimuseo.c74c413a-ceef-41fb-8d18-055e63c5b484&index=0&size=large', '/Cover/Show?source=Solr&id=postimuseo.c74c413a-ceef-41fb-8d18-055e63c5b484&index=1&size=large']","[{'name': 'Gallen-Kallela, Akseli', 'role': 'suunnittelija', 'id': 'https://isni.org/isni/0000000108650663'}]","[['postikortit'], ['postimerkit'], ['sortovuodet'], ['käyttöaika 15.12.1900'], ['Suomi, Keski-Suomi, Jyväskylä, Vaajakoski Jyväskylä, lähetyspaikka']]","postikortti; valokuvapostikortti; surumerkki, sortokausi",,Akseli Gallen-Kallela,9
495,tmk.161006378920700,"['/Cover/Show?source=Solr&id=tmk.161006378920700&index=0&size=large', '/Cover/Show?source=Solr&id=tmk.161006378920700&index=1&size=large']","[{'name': 'Akseli Gallen-Kallela', 'role': 'suunnittelija'}]","[['kunniamerkit'], ['käyttöaika\n\t\t\t\t\t\t\n\t\t\t\t\t\t12.04.1961\n\t\t\t\t\t\t -  12.04.1961']]",Valkoisen Ruusun 1. luokan ritarimerkki; kunniamerkki,,Akseli Gallen-Kallela,9
496,tmk.165053539804200,['/Cover/Show?source=Solr&id=tmk.165053539804200&index=0&size=large'],"[{'name': 'Akseli Gallen-Kallela', 'role': 'suunnittelija'}]","[['aseet'], ['puukot']]",puukkopistin m/1919,,Akseli Gallen-Kallela,9
497,tmk.161004596621100,['/Cover/Show?source=Solr&id=tmk.161004596621100&index=0&size=large'],"[{'name': 'Arabia Oy', 'role': 'valmistaja'}, {'name': 'Friedl Holzer-Kjellberg', 'role': 'suunnittelija'}]","[['astiat'], ['vadit']]",vati,1936.0,Friedl Holzer-Kjellberg,12
498,heinolanmuseo.hkm-96663,"['/Cover/Show?source=Solr&id=heinolanmuseo.hkm-96663&index=0&size=large', '/Cover/Show?source=Solr&id=heinolanmuseo.hkm-96663&index=1&size=large']","[{'name': 'Holzer-Kjellberg Friedl', 'role': 'Suunnittelija'}, {'name': 'Arabia', 'role': 'Valmistaja'}]","[['hevonen'], ['Keramiikkataide'], ['Koriste-esineet'], ['1941-1974']]",koriste-esine,1941.0,Friedl Holzer-Kjellberg,12
499,tmk.160992180152100,['/Cover/Show?source=Solr&id=tmk.160992180152100&index=0&size=large'],"[{'name': 'Arabia Oy', 'role': 'valmistaja'}, {'name': 'Friedl Holzer-Kjellberg', 'role': 'suunnittelija'}]","[['astiat'], ['maljakot']]",maljakko,1944.0,Friedl Holzer-Kjellberg,12
500,hkm.E917E12D-919C-4527-9024-EFB5632076E7,['/Cover/Show?source=Solr&id=hkm.E917E12D-919C-4527-9024-EFB5632076E7&index=0&size=large'],"[{'name': 'Arabia', 'role': 'valmistaja', 'id': 'https://isni.org/isni/0000000474635201'}, {'name': 'Holzer-Kjellberg, Friedl', 'role': 'suunnittelija', 'id': 'https://isni.org/isni/0000000513124261'}]","[['koriste-esineet'], ['keramiikkataide'], ['keramiikkateollisuus'], ['pienoisveistokset'], ['keraamiset materiaalit'], ['posliini'], ['käyttöaika - 1981']]",koriste-esine; figuuri,1945.0,Friedl Holzer-Kjellberg,12
501,tmk.160998659818900,['/Cover/Show?source=Solr&id=tmk.160998659818900&index=0&size=large'],"[{'name': 'Arabia Oy', 'role': 'valmistaja'}, {'name': 'Friedl Holzer-Kjellberg', 'role': 'suunnittelija'}]","[['maljakot'], ['astiat']]",maljakko,1945.0,Friedl Holzer-Kjellberg,12
502,hkm.3C58E57C-5B02-4B6A-A523-580E572DEEB0,['/Cover/Show?source=Solr&id=hkm.3C58E57C-5B02-4B6A-A523-580E572DEEB0&index=0&size=large'],"[{'name': 'Arabia', 'role': 'valmistaja', 'id': 'https://isni.org/isni/0000000474635201'}, {'name': 'Holzer-Kjellberg, Friedl', 'role': 'suunnittelija', 'id': 'https://isni.org/isni/0000000513124261'}]",[['koriste-esineet']],malja,1950.0,Friedl Holzer-Kjellberg,12
503,hkm.58B9EF62-81E4-4573-9673-68103D291831,['/Cover/Show?source=Solr&id=hkm.58B9EF62-81E4-4573-9673-68103D291831&index=0&size=large'],"[{'name': 'Arabia', 'role': 'valmistaja', 'id': 'https://isni.org/isni/0000000474635201'}, {'name': 'Holzer-Kjellberg, Friedl', 'role': 'suunnittelija', 'id': 'https://isni.org/isni/0000000513124261'}]","[['kattaus'], ['astiat']]",malja; FK/5,1950.0,Friedl Holzer-Kjellberg,12
504,hkm.61862F36-9CDB-4D7E-AC90-380441719237,['/Cover/Show?source=Solr&id=hkm.61862F36-9CDB-4D7E-AC90-380441719237&index=0&size=large'],"[{'name': 'Arabia', 'role': 'valmistaja', 'id': 'https://isni.org/isni/0000000474635201'}, {'name': 'Holzer-Kjellberg, Friedl', 'role': 'suunnittelija', 'id': 'https://isni.org/isni/0000000513124261'}]","[['koriste-esineet'], ['kattaus']]",malja; FK/1,1950.0,Friedl Holzer-Kjellberg,12
505,hkm.8A96A32C-AF54-4D20-A92E-6E1186EFD8DE,['/Cover/Show?source=Solr&id=hkm.8A96A32C-AF54-4D20-A92E-6E1186EFD8DE&index=0&size=large'],"[{'name': 'Arabia', 'role': 'valmistaja', 'id': 'https://isni.org/isni/0000000474635201'}, {'name': 'Holzer-Kjellberg, Friedl', 'role': 'suunnittelija', 'id': 'https://isni.org/isni/0000000513124261'}]","[['kattaus'], ['astiat'], ['käyttöaika 1950 -']]",lautanen,1950.0,Friedl Holzer-Kjellberg,12
506,hkm.90E71CCE-E40E-4148-AF5A-ABBBC13F91BB,['/Cover/Show?source=Solr&id=hkm.90E71CCE-E40E-4148-AF5A-ABBBC13F91BB&index=0&size=large'],"[{'name': 'Arabia', 'role': 'valmistaja', 'id': 'https://isni.org/isni/0000000474635201'}, {'name': 'Holzer-Kjellberg, Friedl', 'role': 'suunnittelija', 'id': 'https://isni.org/isni/0000000513124261'}]","[['kattaus'], ['kahvi'], ['astiat'], ['juoma-astiat']]",kuppipari; kahvikuppi ja aluslautanen; Lehti,1950.0,Friedl Holzer-Kjellberg,12
507,hkm.A118723C-D877-4134-B411-27B2A6E20150,['/Cover/Show?source=Solr&id=hkm.A118723C-D877-4134-B411-27B2A6E20150&index=0&size=large'],"[{'name': 'Arabia', 'role': 'valmistaja', 'id': 'https://isni.org/isni/0000000474635201'}, {'name': 'Holzer-Kjellberg, Friedl', 'role': 'suunnittelija', 'id': 'https://isni.org/isni/0000000513124261'}]","[['kattaus'], ['astiat']]",kulho,1950.0,Friedl Holzer-Kjellberg,12
508,hkm.A90C6495-1389-445B-B73F-FEF63885EA84,['/Cover/Show?source=Solr&id=hkm.A90C6495-1389-445B-B73F-FEF63885EA84&index=0&size=large'],"[{'name': 'Arabia', 'role': 'valmistaja', 'id': 'https://isni.org/isni/0000000474635201'}, {'name': 'Holzer-Kjellberg, Friedl', 'role': 'suunnittelija', 'id': 'https://isni.org/isni/0000000513124261'}]","[['posliiniteollisuus'], ['posliini (keramiikkatyypit)'], ['astiat'], ['maljat']]",malja; Rivi,1950.0,Friedl Holzer-Kjellberg,12
509,hkm.AF039C31-00B6-4B7D-9C64-A614ED35629B,['/Cover/Show?source=Solr&id=hkm.AF039C31-00B6-4B7D-9C64-A614ED35629B&index=0&size=large'],"[{'name': 'Arabia', 'role': 'valmistaja', 'id': 'https://isni.org/isni/0000000474635201'}, {'name': 'Holzer-Kjellberg, Friedl', 'role': 'suunnittelija', 'id': 'https://isni.org/isni/0000000513124261'}]","[['kattaus'], ['astiat']]",lautanen,1950.0,Friedl Holzer-Kjellberg,12
510,hkm.B81B90A0-41FA-487D-9C5F-18BF0A19D3BC,['/Cover/Show?source=Solr&id=hkm.B81B90A0-41FA-487D-9C5F-18BF0A19D3BC&index=0&size=large'],"[{'name': 'Arabia', 'role': 'valmistaja', 'id': 'https://isni.org/isni/0000000474635201'}, {'name': 'Holzer-Kjellberg, Friedl', 'role': 'suunnittelija', 'id': 'https://isni.org/isni/0000000513124261'}]","[['kattaus'], ['kahvi'], ['astiat'], ['juoma-astiat']]",malja; Oksa,1950.0,Friedl Holzer-Kjellberg,12
511,hkm.C9AECBDC-DA9C-44E3-BFD0-20C3DB58E0AF,['/Cover/Show?source=Solr&id=hkm.C9AECBDC-DA9C-44E3-BFD0-20C3DB58E0AF&index=0&size=large'],"[{'name': 'Arabia', 'role': 'valmistaja', 'id': 'https://isni.org/isni/0000000474635201'}, {'name': 'Holzer-Kjellberg, Friedl', 'role': 'suunnittelija', 'id': 'https://isni.org/isni/0000000513124261'}]","[['kattaus'], ['astiat']]",kulho,1950.0,Friedl Holzer-Kjellberg,12
512,hkm.D1F527BC-CF51-4DE8-B394-A9E48729D8F6,['/Cover/Show?source=Solr&id=hkm.D1F527BC-CF51-4DE8-B394-A9E48729D8F6&index=0&size=large'],"[{'name': 'Arabia', 'role': 'valmistaja', 'id': 'https://isni.org/isni/0000000474635201'}, {'name': 'Holzer-Kjellberg, Friedl', 'role': 'suunnittelija', 'id': 'https://isni.org/isni/0000000513124261'}]","[['koriste-esineet'], ['astiat'], ['säilytysastiat'], ['tarjoiluastiat'], ['maljat'], ['kulhot'], ['keramiikka'], ['keraamiset astiat'], ['keraaminen teollisuus'], ['sisustus'], ['kodinsisustus']]",malja; koristemalja,1950.0,Friedl Holzer-Kjellberg,12
513,hkm.DD4B8972-20EE-42EA-B79C-A54F848B526B,['/Cover/Show?source=Solr&id=hkm.DD4B8972-20EE-42EA-B79C-A54F848B526B&index=0&size=large'],"[{'name': 'Arabia', 'role': 'valmistaja', 'id': 'https://isni.org/isni/0000000474635201'}, {'name': 'Holzer-Kjellberg, Friedl', 'role': 'suunnittelija', 'id': 'https://isni.org/isni/0000000513124261'}]","[['kattaus'], ['astiat']]",kulho,1950.0,Friedl Holzer-Kjellberg,12
514,hkm.F16B9550-14B9-403B-A945-A2D0F470D74F,['/Cover/Show?source=Solr&id=hkm.F16B9550-14B9-403B-A945-A2D0F470D74F&index=0&size=large'],"[{'name': 'Arabia', 'role': 'valmistaja', 'id': 'https://isni.org/isni/0000000474635201'}, {'name': 'Holzer-Kjellberg, Friedl', 'role': 'suunnittelija', 'id': 'https://isni.org/isni/0000000513124261'}]","[['koriste-esineet'], ['keramiikka'], ['posliini'], ['keraaminen teollisuus'], ['koulut'], ['yhteiskoulut'], ['yksityiskoulut'], ['käyttöaika - 1990 n']]",maljakko; FK/9,1950.0,Friedl Holzer-Kjellberg,12
515,heinolanmuseo.hkm-91929,"['/Cover/Show?source=Solr&id=heinolanmuseo.hkm-91929&index=0&size=large', '/Cover/Show?source=Solr&id=heinolanmuseo.hkm-91929&index=1&size=large', '/Cover/Show?source=Solr&id=heinolanmuseo.hkm-91929&index=2&size=large']","[{'name': 'Holzer-Kjellberg Friedl', 'role': 'Suunnittelija'}, {'name': 'Arabia', 'role': 'Valmistaja'}]","[['maljat'], ['tarjoiluastiat'], ['taideteollisuus'], ['Käyttöesineet']]",malja,1955.0,Friedl Holzer-Kjellberg,12
516,hkm.112CC6C2-A8DB-4034-8D77-CD18576E88FD,['/Cover/Show?source=Solr&id=hkm.112CC6C2-A8DB-4034-8D77-CD18576E88FD&index=0&size=large'],"[{'name': 'Arabia', 'role': 'valmistaja', 'id': 'https://isni.org/isni/0000000474635201'}, {'name': 'Holzer-Kjellberg, Friedl', 'role': 'suunnittelija', 'id': 'https://isni.org/isni/0000000513124261'}]","[['kattaus'], ['kahvi'], ['astiat']]",lautanen; leipälautanen; Rivi,1955.0,Friedl Holzer-Kjellberg,12
517,hkm.B196BD67-E942-4463-8766-7B64854AD8B8,['/Cover/Show?source=Solr&id=hkm.B196BD67-E942-4463-8766-7B64854AD8B8&index=0&size=large'],"[{'name': 'Arabia', 'role': 'valmistaja', 'id': 'https://isni.org/isni/0000000474635201'}, {'name': 'Holzer-Kjellberg, Friedl', 'role': 'suunnittelija', 'id': 'https://isni.org/isni/0000000513124261'}]","[['kattaus'], ['kahvi'], ['astiat']]",kahvikuppi ja lautanen; FK; Viiru,1955.0,Friedl Holzer-Kjellberg,12
518,hkm.19CADA1C-B0C1-470C-9759-5ED10ACD0275,['/Cover/Show?source=Solr&id=hkm.19CADA1C-B0C1-470C-9759-5ED10ACD0275&index=0&size=large'],"[{'name': 'Arabia', 'role': 'valmistaja', 'id': 'https://isni.org/isni/0000000474635201'}, {'name': 'Holzer-Kjellberg, Friedl', 'role': 'suunnittelija', 'id': 'https://isni.org/isni/0000000513124261'}]","[['astiat'], ['lautaset'], ['keraamiset materiaalit'], ['posliini'], ['keraaminen teollisuus'], ['posliiniteollisuus'], ['edustustilaisuudet'], ['hallintorakennukset'], ['kaupungintalot'], ['käyttöaika - 2020']]",lautanen; salaattilautanen; Helmi,1968.0,Friedl Holzer-Kjellberg,12
519,hkm.224FBF90-A916-4F2D-B427-A279F709379F,['/Cover/Show?source=Solr&id=hkm.224FBF90-A916-4F2D-B427-A279F709379F&index=0&size=large'],"[{'name': 'Arabia', 'role': 'valmistaja', 'id': 'https://isni.org/isni/0000000474635201'}, {'name': 'Holzer-Kjellberg, Friedl', 'role': 'suunnittelija', 'id': 'https://isni.org/isni/0000000513124261'}]","[['astiat'], ['teekupit'], ['keraamiset materiaalit'], ['posliini'], ['keraaminen teollisuus'], ['posliiniteollisuus'], ['edustustilaisuudet'], ['hallintorakennukset'], ['kaupungintalot'], ['käyttöaika - 2020']]",teekuppi; Helmi,1968.0,Friedl Holzer-Kjellberg,12
520,hkm.2F959D2D-F362-440C-8B0D-25F5C75D384B,['/Cover/Show?source=Solr&id=hkm.2F959D2D-F362-440C-8B0D-25F5C75D384B&index=0&size=large'],"[{'name': 'Arabia', 'role': 'valmistaja', 'id': 'https://isni.org/isni/0000000474635201'}, {'name': 'Holzer-Kjellberg, Friedl', 'role': 'suunnittelija', 'id': 'https://isni.org/isni/0000000513124261'}]","[['astiat'], ['lautaset'], ['keraamiset materiaalit'], ['posliini'], ['keraaminen teollisuus'], ['posliiniteollisuus'], ['edustustilaisuudet'], ['hallintorakennukset'], ['kaupungintalot'], ['käyttöaika - 2020']]",lautanen; asetti; aluslautanen; Helmi; teekupin,1968.0,Friedl Holzer-Kjellberg,12
521,hkm.3E6C59D4-7F79-4E24-88FF-66AB34BDA191,['/Cover/Show?source=Solr&id=hkm.3E6C59D4-7F79-4E24-88FF-66AB34BDA191&index=0&size=large'],"[{'name': 'Arabia', 'role': 'valmistaja', 'id': 'https://isni.org/isni/0000000474635201'}, {'name': 'Holzer-Kjellberg, Friedl', 'role': 'suunnittelija', 'id': 'https://isni.org/isni/0000000513124261'}]","[['astiat'], ['lautaset'], ['keraamiset materiaalit'], ['posliini'], ['keraaminen teollisuus'], ['posliiniteollisuus'], ['edustustilaisuudet'], ['hallintorakennukset'], ['kaupungintalot'], ['käyttöaika - 2020']]",lautanen; ruokalautanen; Helmi,1968.0,Friedl Holzer-Kjellberg,12
522,hkm.50F876AE-BA8B-4FD7-8158-D745FE4D4F73,['/Cover/Show?source=Solr&id=hkm.50F876AE-BA8B-4FD7-8158-D745FE4D4F73&index=0&size=large'],"[{'name': 'Arabia', 'role': 'valmistaja', 'id': 'https://isni.org/isni/0000000474635201'}, {'name': 'Holzer-Kjellberg, Friedl', 'role': 'suunnittelija', 'id': 'https://isni.org/isni/0000000513124261'}]","[['astiat'], ['kahvikupit'], ['juomat'], ['kahvi'], ['keraamiset materiaalit'], ['posliini'], ['keraaminen teollisuus'], ['posliiniteollisuus'], ['edustustilaisuudet'], ['hallintorakennukset'], ['kaupungintalot'], ['käyttöaika - 2020']]",kahvikuppi; mokkakuppi; Helmi,1968.0,Friedl Holzer-Kjellberg,12
523,hkm.E7F098AC-5163-4527-ABB5-C4465232504C,['/Cover/Show?source=Solr&id=hkm.E7F098AC-5163-4527-ABB5-C4465232504C&index=0&size=large'],"[{'name': 'Arabia', 'role': 'valmistaja', 'id': 'https://isni.org/isni/0000000474635201'}, {'name': 'Holzer-Kjellberg, Friedl', 'role': 'suunnittelija', 'id': 'https://isni.org/isni/0000000513124261'}]","[['astiat'], ['lautaset'], ['keraamiset materiaalit'], ['posliini'], ['keraaminen teollisuus'], ['posliiniteollisuus'], ['edustustilaisuudet'], ['hallintorakennukset'], ['kaupungintalot'], ['käyttöaika - 2020']]",lautanen; asetti; aluslautanen; Helmi; kahvikupin,1968.0,Friedl Holzer-Kjellberg,12
524,hkm.EB683944-4E68-4B57-BEEF-99DB4DAC5CA2,['/Cover/Show?source=Solr&id=hkm.EB683944-4E68-4B57-BEEF-99DB4DAC5CA2&index=0&size=large'],"[{'name': 'Arabia', 'role': 'valmistaja', 'id': 'https://isni.org/isni/0000000474635201'}, {'name': 'Holzer-Kjellberg, Friedl', 'role': 'suunnittelija', 'id': 'https://isni.org/isni/0000000513124261'}]","[['astiat'], ['kulhot'], ['keraamiset materiaalit'], ['posliini'], ['keraaminen teollisuus'], ['posliiniteollisuus'], ['edustustilaisuudet'], ['hallintorakennukset'], ['kaupungintalot'], ['käyttöaika - 2020']]",kulho; Helmi,1968.0,Friedl Holzer-Kjellberg,12
525,hkm.FCE0191C-831B-447B-B2B1-2BCB78E6AF38,['/Cover/Show?source=Solr&id=hkm.FCE0191C-831B-447B-B2B1-2BCB78E6AF38&index=0&size=large'],"[{'name': 'Arabia', 'role': 'valmistaja', 'id': 'https://isni.org/isni/0000000474635201'}, {'name': 'Holzer-Kjellberg, Friedl', 'role': 'suunnittelija', 'id': 'https://isni.org/isni/0000000513124261'}]","[['astiat'], ['lautaset'], ['keraamiset materiaalit'], ['posliini'], ['keraaminen teollisuus'], ['posliiniteollisuus'], ['edustustilaisuudet'], ['hallintorakennukset'], ['kaupungintalot'], ['käyttöaika - 2020']]",lautanen; asetti; leipälautanen; Helmi,1968.0,Friedl Holzer-Kjellberg,12
526,hkm.7465C1DA-0B0B-4CFA-A2CB-E660C49C982D,['/Cover/Show?source=Solr&id=hkm.7465C1DA-0B0B-4CFA-A2CB-E660C49C982D&index=0&size=large'],"[{'name': 'Arabia', 'role': 'valmistaja', 'id': 'https://isni.org/isni/0000000474635201'}, {'name': 'Holzer-Kjellberg, Friedl', 'role': 'suunnittelija', 'id': 'https://isni.org/isni/0000000513124261'}]","[['tarjoiluastiat'], ['posliini (keraamiset materiaalit)'], ['keraaminen teollisuus'], ['kattaus']]",lautanen; tarjoilulautanen; tarjoiluvati; Rivi,1974.0,Friedl Holzer-Kjellberg,12
527,tmk.169157651259000,['/Cover/Show?source=Solr&id=tmk.169157651259000&index=0&size=large'],"[{'name': 'Arabia Oy', 'role': 'valmistaja'}, {'name': 'Friedl Holzer-Kjellberg', 'role': 'suunnittelija'}]",[],kahvikuppi,,Friedl Holzer-Kjellberg,12
528,tmk.169157665509100,['/Cover/Show?source=Solr&id=tmk.169157665509100&index=0&size=large'],"[{'name': 'Arabia Oy', 'role': 'valmistaja'}, {'name': 'Friedl Holzer-Kjellberg', 'role': 'suunnittelija'}]",[],kahvikuppi,,Friedl Holzer-Kjellberg,12
529,tmk.169157675458000,['/Cover/Show?source=Solr&id=tmk.169157675458000&index=0&size=large'],"[{'name': 'Arabia Oy', 'role': 'valmistaja'}, {'name': 'Friedl Holzer-Kjellberg', 'role': 'suunnittelija'}]",[],kahvikuppi,,Friedl Holzer-Kjellberg,12
530,tmk.169157679204000,['/Cover/Show?source=Solr&id=tmk.169157679204000&index=0&size=large'],"[{'name': 'Arabia Oy', 'role': 'valmistaja'}, {'name': 'Friedl Holzer-Kjellberg', 'role': 'suunnittelija'}]",[],kahvikuppi,,Friedl Holzer-Kjellberg,12
531,tmk.169157681673100,['/Cover/Show?source=Solr&id=tmk.169157681673100&index=0&size=large'],"[{'name': 'Arabia Oy', 'role': 'valmistaja'}, {'name': 'Friedl Holzer-Kjellberg', 'role': 'suunnittelija'}]",[],kahvikuppi,,Friedl Holzer-Kjellberg,12
532,tmk.169157709441700,['/Cover/Show?source=Solr&id=tmk.169157709441700&index=0&size=large'],"[{'name': 'Arabia Oy', 'role': 'valmistaja'}, {'name': 'Friedl Holzer-Kjellberg', 'role': 'suunnittelija'}]",[],tassi; kahvikupin aluslautanen,,Friedl Holzer-Kjellberg,12
533,tmk.169157733509000,['/Cover/Show?source=Solr&id=tmk.169157733509000&index=0&size=large'],"[{'name': 'Arabia Oy', 'role': 'valmistaja'}, {'name': 'Friedl Holzer-Kjellberg', 'role': 'suunnittelija'}]",[],tassi; kahvikupin aluslautanen,,Friedl Holzer-Kjellberg,12
534,tmk.169157737712400,['/Cover/Show?source=Solr&id=tmk.169157737712400&index=0&size=large'],"[{'name': 'Arabia Oy', 'role': 'valmistaja'}, {'name': 'Friedl Holzer-Kjellberg', 'role': 'suunnittelija'}]",[],tassi; kahvikupin aluslautanen,,Friedl Holzer-Kjellberg,12
535,tmk.169157742106100,['/Cover/Show?source=Solr&id=tmk.169157742106100&index=0&size=large'],"[{'name': 'Arabia Oy', 'role': 'valmistaja'}, {'name': 'Friedl Holzer-Kjellberg', 'role': 'suunnittelija'}]",[],tassi; kahvikupin aluslautanen,,Friedl Holzer-Kjellberg,12
536,tmk.169157746074400,['/Cover/Show?source=Solr&id=tmk.169157746074400&index=0&size=large'],"[{'name': 'Arabia Oy', 'role': 'valmistaja'}, {'name': 'Friedl Holzer-Kjellberg', 'role': 'suunnittelija'}]",[],tassi; kahvikupin aluslautanen,,Friedl Holzer-Kjellberg,12
537,tmk.169157786088900,['/Cover/Show?source=Solr&id=tmk.169157786088900&index=0&size=large'],"[{'name': 'Arabia Oy', 'role': 'valmistaja'}, {'name': 'Friedl Holzer-Kjellberg', 'role': 'suunnittelija'}]",[],leipälautanen,,Friedl Holzer-Kjellberg,12
538,tmk.169157796946800,['/Cover/Show?source=Solr&id=tmk.169157796946800&index=0&size=large'],"[{'name': 'Arabia Oy', 'role': 'valmistaja'}, {'name': 'Friedl Holzer-Kjellberg', 'role': 'suunnittelija'}]",[],leipälautanen,,Friedl Holzer-Kjellberg,12
539,tmk.169157801414400,['/Cover/Show?source=Solr&id=tmk.169157801414400&index=0&size=large'],"[{'name': 'Arabia Oy', 'role': 'valmistaja'}, {'name': 'Friedl Holzer-Kjellberg', 'role': 'suunnittelija'}]",[],leipälautanen,,Friedl Holzer-Kjellberg,12
540,tmk.169157804795700,['/Cover/Show?source=Solr&id=tmk.169157804795700&index=0&size=large'],"[{'name': 'Arabia Oy', 'role': 'valmistaja'}, {'name': 'Friedl Holzer-Kjellberg', 'role': 'suunnittelija'}]",[],leipälautanen,,Friedl Holzer-Kjellberg,12
541,tmk.169157808325600,['/Cover/Show?source=Solr&id=tmk.169157808325600&index=0&size=large'],"[{'name': 'Arabia Oy', 'role': 'valmistaja'}, {'name': 'Friedl Holzer-Kjellberg', 'role': 'suunnittelija'}]",[],leipälautanen,,Friedl Holzer-Kjellberg,12
542,tmk.169157812195300,['/Cover/Show?source=Solr&id=tmk.169157812195300&index=0&size=large'],"[{'name': 'Arabia Oy', 'role': 'valmistaja'}, {'name': 'Friedl Holzer-Kjellberg', 'role': 'suunnittelija'}]",[],leipälautanen,,Friedl Holzer-Kjellberg,12
543,kymenlaaksonmuseot.KarhE1017:1,"['/Cover/Show?source=Solr&id=kymenlaaksonmuseot.KarhE1017%3A1&index=0&size=large', '/Cover/Show?source=Solr&id=kymenlaaksonmuseot.KarhE1017%3A1&index=1&size=large', '/Cover/Show?source=Solr&id=kymenlaaksonmuseot.KarhE1017%3A1&index=2&size=large', '/Cover/Show?source=Solr&id=kymenlaaksonmuseot.KarhE1017%3A1&index=3&size=large']","[{'name': 'Karhulan lasitehdas', 'role': 'valmistaja'}, {'name': 'Göran Hongell', 'role': 'suunnittelija'}]","[['juomalasit'], ['viinilasit'], ['samppanja'], ['323 perusraaka-aineiden jalostus keramiikka- ja lasiteollisuus'], ['273 juomat'], ['huumaavat ja nautintoaineet Alkoholijuomat']]",sampanjalasi; 2029; Louisa,1930.0,Göran Hongell,13
544,kymenlaaksonmuseot.KarhE813:1,"['/Cover/Show?source=Solr&id=kymenlaaksonmuseot.KarhE813%3A1&index=0&size=large', '/Cover/Show?source=Solr&id=kymenlaaksonmuseot.KarhE813%3A1&index=1&size=large', '/Cover/Show?source=Solr&id=kymenlaaksonmuseot.KarhE813%3A1&index=2&size=large', '/Cover/Show?source=Solr&id=kymenlaaksonmuseot.KarhE813%3A1&index=3&size=large']","[{'name': 'Karhulan lasitehdas', 'role': 'valmistaja'}, {'name': 'Göran Hongell', 'role': 'suunnittelija'}]","[['cocktailit'], ['juomalasit'], ['273 juomat'], ['huumaavat ja nautintoaineet Alkoholijuomat'], ['323 perusraaka-aineiden jalostus keramiikka- ja lasiteollisuus']]",cocktaillasi; 5413 S 368,1930.0,Göran Hongell,13
545,kymenlaaksonmuseot.KarhE813:2,"['/Cover/Show?source=Solr&id=kymenlaaksonmuseot.KarhE813%3A2&index=0&size=large', '/Cover/Show?source=Solr&id=kymenlaaksonmuseot.KarhE813%3A2&index=1&size=large', '/Cover/Show?source=Solr&id=kymenlaaksonmuseot.KarhE813%3A2&index=2&size=large', '/Cover/Show?source=Solr&id=kymenlaaksonmuseot.KarhE813%3A2&index=3&size=large']","[{'name': 'Karhulan lasitehdas', 'role': 'valmistaja'}, {'name': 'Göran Hongell', 'role': 'suunnittelija'}]","[['karahvit'], ['cocktailit'], ['323 perusraaka-aineiden jalostus keramiikka- ja lasiteollisuus'], ['273 juomat'], ['huumaavat ja nautintoaineet Alkoholijuomat']]",cocktailkarahvi; karahvi; 5413 S 368,1930.0,Göran Hongell,13
546,kymenlaaksonmuseot.KarhE813:4,"['/Cover/Show?source=Solr&id=kymenlaaksonmuseot.KarhE813%3A4&index=0&size=large', '/Cover/Show?source=Solr&id=kymenlaaksonmuseot.KarhE813%3A4&index=1&size=large', '/Cover/Show?source=Solr&id=kymenlaaksonmuseot.KarhE813%3A4&index=2&size=large', '/Cover/Show?source=Solr&id=kymenlaaksonmuseot.KarhE813%3A4&index=3&size=large', '/Cover/Show?source=Solr&id=kymenlaaksonmuseot.KarhE813%3A4&index=4&size=large', '/Cover/Show?source=Solr&id=kymenlaaksonmuseot.KarhE813%3A4&index=5&size=large', '/Cover/Show?source=Solr&id=kymenlaaksonmuseot.KarhE813%3A4&index=6&size=large', '/Cover/Show?source=Solr&id=kymenlaaksonmuseot.KarhE813%3A4&index=7&size=large']","[{'name': 'Göran Hongell', 'role': 'suunnittelija'}, {'name': 'Karhulan lasitehdas', 'role': 'valmistaja'}]","[['karahvit'], ['cocktailit'], ['273 juomat'], ['huumaavat ja nautintoaineet Alkoholijuomat'], ['323 perusraaka-aineiden jalostus keramiikka- ja lasiteollisuus']]",cocktailkarahvi; 5413 S 368; karahvi,1930.0,Göran Hongell,13
547,kymenlaaksonmuseot.KarhE813:5,"['/Cover/Show?source=Solr&id=kymenlaaksonmuseot.KarhE813%3A5&index=0&size=large', '/Cover/Show?source=Solr&id=kymenlaaksonmuseot.KarhE813%3A5&index=1&size=large', '/Cover/Show?source=Solr&id=kymenlaaksonmuseot.KarhE813%3A5&index=2&size=large', '/Cover/Show?source=Solr&id=kymenlaaksonmuseot.KarhE813%3A5&index=3&size=large']","[{'name': 'Göran Hongell', 'role': 'suunnittelija'}, {'name': 'Karhulan lasitehdas', 'role': 'valmistaja'}]","[['lautaset (astiat)'], ['cocktailit'], ['323 perusraaka-aineiden jalostus keramiikka- ja lasiteollisuus'], ['273 juomat'], ['huumaavat ja nautintoaineet Alkoholijuomat']]",lautanen; 5413 S 368,1930.0,Göran Hongell,13
548,kymenlaaksonmuseot.KarhE966:1,"['/Cover/Show?source=Solr&id=kymenlaaksonmuseot.KarhE966%3A1&index=0&size=large', '/Cover/Show?source=Solr&id=kymenlaaksonmuseot.KarhE966%3A1&index=1&size=large', '/Cover/Show?source=Solr&id=kymenlaaksonmuseot.KarhE966%3A1&index=2&size=large', '/Cover/Show?source=Solr&id=kymenlaaksonmuseot.KarhE966%3A1&index=3&size=large']","[{'name': 'Göran Hongell', 'role': 'suunnittelija'}, {'name': 'Karhulan lasitehdas', 'role': 'valmistaja'}]","[['maljat'], ['353 rakennusten varustus'], ['hoito ja palveluskunta sisustaminen ja sisustustekstilit'], ['323 perusraaka-aineiden jalostus keramiikka- ja lasiteollisuus']]",malja; 9356,1930.0,Göran Hongell,13
549,kymenlaaksonmuseot.KarhE990:1,"['/Cover/Show?source=Solr&id=kymenlaaksonmuseot.KarhE990%3A1&index=0&size=large', '/Cover/Show?source=Solr&id=kymenlaaksonmuseot.KarhE990%3A1&index=1&size=large', '/Cover/Show?source=Solr&id=kymenlaaksonmuseot.KarhE990%3A1&index=2&size=large', '/Cover/Show?source=Solr&id=kymenlaaksonmuseot.KarhE990%3A1&index=3&size=large']","[{'name': 'Karhulan lasitehdas', 'role': 'valmistaja'}, {'name': 'Göran Hongell', 'role': 'suunnittelija'}]","[['kulhot'], ['323 perusraaka-aineiden jalostus keramiikka- ja lasiteollisuus'], ['264 ruoan nauttiminen ruokailu']]",kulho,1930.0,Göran Hongell,13
550,kymenlaaksonmuseot.KarhE941:4,"['/Cover/Show?source=Solr&id=kymenlaaksonmuseot.KarhE941%3A4&index=0&size=large', '/Cover/Show?source=Solr&id=kymenlaaksonmuseot.KarhE941%3A4&index=1&size=large']","[{'name': 'Göran Hongell', 'role': 'suunnittelija'}, {'name': 'Karhulan lasitehdas', 'role': 'valmistaja'}]","[['maljakot'], ['323 perusraaka-aineiden jalostus keramiikka- ja lasiteollisuus'], ['353 rakennusten varustus'], ['hoito ja palveluskunta sisustaminen ja sisustustekstilit']]",maljakko; 3364 / 3031,1932.0,Göran Hongell,13
551,kymenlaaksonmuseot.KarhE957:2,"['/Cover/Show?source=Solr&id=kymenlaaksonmuseot.KarhE957%3A2&index=0&size=large', '/Cover/Show?source=Solr&id=kymenlaaksonmuseot.KarhE957%3A2&index=1&size=large', '/Cover/Show?source=Solr&id=kymenlaaksonmuseot.KarhE957%3A2&index=2&size=large', '/Cover/Show?source=Solr&id=kymenlaaksonmuseot.KarhE957%3A2&index=3&size=large', '/Cover/Show?source=Solr&id=kymenlaaksonmuseot.KarhE957%3A2&index=4&size=large', '/Cover/Show?source=Solr&id=kymenlaaksonmuseot.KarhE957%3A2&index=5&size=large', '/Cover/Show?source=Solr&id=kymenlaaksonmuseot.KarhE957%3A2&index=6&size=large']","[{'name': 'Göran Hongell', 'role': 'suunnittelija'}, {'name': 'Karhulan lasitehdas', 'role': 'valmistaja'}]","[['kammat'], ['vadit'], ['323 perusraaka-aineiden jalostus keramiikka- ja lasiteollisuus'], ['302 koristautuminen kauneudenhoito']]",kampavati; kampauspöytäkalusto; 5364/ 3764,1933.0,Göran Hongell,13
552,kymenlaaksonmuseot.KarhE957:3,"['/Cover/Show?source=Solr&id=kymenlaaksonmuseot.KarhE957%3A3&index=0&size=large', '/Cover/Show?source=Solr&id=kymenlaaksonmuseot.KarhE957%3A3&index=1&size=large', '/Cover/Show?source=Solr&id=kymenlaaksonmuseot.KarhE957%3A3&index=2&size=large', '/Cover/Show?source=Solr&id=kymenlaaksonmuseot.KarhE957%3A3&index=3&size=large', '/Cover/Show?source=Solr&id=kymenlaaksonmuseot.KarhE957%3A3&index=4&size=large', '/Cover/Show?source=Solr&id=kymenlaaksonmuseot.KarhE957%3A3&index=5&size=large', '/Cover/Show?source=Solr&id=kymenlaaksonmuseot.KarhE957%3A3&index=6&size=large', '/Cover/Show?source=Solr&id=kymenlaaksonmuseot.KarhE957%3A3&index=7&size=large']","[{'name': 'Karhulan lasitehdas', 'role': 'valmistaja'}, {'name': 'Göran Hongell', 'role': 'suunnittelija'}]","[['hiusneulat'], ['vadit'], ['323 perusraaka-aineiden jalostus keramiikka- ja lasiteollisuus'], ['302 koristautuminen kauneudenhoito']]",neulavati; kampauspöytäkalusto; 5364/ 3764,1933.0,Göran Hongell,13
553,kymenlaaksonmuseot.KarhE959:1,"['/Cover/Show?source=Solr&id=kymenlaaksonmuseot.KarhE959%3A1&index=0&size=large', '/Cover/Show?source=Solr&id=kymenlaaksonmuseot.KarhE959%3A1&index=1&size=large', '/Cover/Show?source=Solr&id=kymenlaaksonmuseot.KarhE959%3A1&index=2&size=large', '/Cover/Show?source=Solr&id=kymenlaaksonmuseot.KarhE959%3A1&index=3&size=large', '/Cover/Show?source=Solr&id=kymenlaaksonmuseot.KarhE959%3A1&index=4&size=large', '/Cover/Show?source=Solr&id=kymenlaaksonmuseot.KarhE959%3A1&index=5&size=large']","[{'name': 'Karhulan lasitehdas', 'role': 'valmistaja'}, {'name': 'Göran Hongell', 'role': 'suunnittelija'}]","[['maljakot'], ['323 perusraaka-aineiden jalostus keramiikka- ja lasiteollisuus'], ['531 taiteet taidekäsityö ja muotoilu'], ['353 rakennusten varustus'], ['hoito ja palveluskunta sisustaminen ja sisustustekstilit']]",maljakko,1933.0,Göran Hongell,13
554,kymenlaaksonmuseot.KarhE980:1,"['/Cover/Show?source=Solr&id=kymenlaaksonmuseot.KarhE980%3A1&index=0&size=large', '/Cover/Show?source=Solr&id=kymenlaaksonmuseot.KarhE980%3A1&index=1&size=large']","[{'name': 'Göran Hongell', 'role': 'suunnittelija'}, {'name': 'Karhulan lasitehdas', 'role': 'valmistaja'}]","[['kulhot'], ['531 taiteet taidekäsityö ja muotoilu'], ['264 ruoan nauttiminen ruokailu'], ['323 perusraaka-aineiden jalostus keramiikka- ja lasiteollisuus']]",salaattikulho; 9696,1933.0,Göran Hongell,13
555,kymenlaaksonmuseot.KarhE980:4,"['/Cover/Show?source=Solr&id=kymenlaaksonmuseot.KarhE980%3A4&index=0&size=large', '/Cover/Show?source=Solr&id=kymenlaaksonmuseot.KarhE980%3A4&index=1&size=large', '/Cover/Show?source=Solr&id=kymenlaaksonmuseot.KarhE980%3A4&index=2&size=large', '/Cover/Show?source=Solr&id=kymenlaaksonmuseot.KarhE980%3A4&index=3&size=large']","[{'name': 'Karhulan lasitehdas', 'role': 'valmistaja'}, {'name': 'Göran Hongell', 'role': 'suunnittelija'}]","[['kulhot'], ['323 perusraaka-aineiden jalostus keramiikka- ja lasiteollisuus'], ['531 taiteet taidekäsityö ja muotoilu'], ['264 ruoan nauttiminen ruokailu']]",salaattikulho; 9696,1933.0,Göran Hongell,13
556,kymenlaaksonmuseot.KarhE980:5,"['/Cover/Show?source=Solr&id=kymenlaaksonmuseot.KarhE980%3A5&index=0&size=large', '/Cover/Show?source=Solr&id=kymenlaaksonmuseot.KarhE980%3A5&index=1&size=large', '/Cover/Show?source=Solr&id=kymenlaaksonmuseot.KarhE980%3A5&index=2&size=large', '/Cover/Show?source=Solr&id=kymenlaaksonmuseot.KarhE980%3A5&index=3&size=large']","[{'name': 'Karhulan lasitehdas', 'role': 'valmistaja'}, {'name': 'Göran Hongell', 'role': 'suunnittelija'}]","[['kulhot'], ['531 taiteet taidekäsityö ja muotoilu'], ['323 perusraaka-aineiden jalostus keramiikka- ja lasiteollisuus'], ['264 ruoan nauttiminen ruokailu']]",salaattikulho; 9696,1933.0,Göran Hongell,13
557,kymenlaaksonmuseot.KarhE980:6,"['/Cover/Show?source=Solr&id=kymenlaaksonmuseot.KarhE980%3A6&index=0&size=large', '/Cover/Show?source=Solr&id=kymenlaaksonmuseot.KarhE980%3A6&index=1&size=large', '/Cover/Show?source=Solr&id=kymenlaaksonmuseot.KarhE980%3A6&index=2&size=large', '/Cover/Show?source=Solr&id=kymenlaaksonmuseot.KarhE980%3A6&index=3&size=large']","[{'name': 'Göran Hongell', 'role': 'suunnittelija'}, {'name': 'Karhulan lasitehdas', 'role': 'valmistaja'}]","[['kulhot'], ['323 perusraaka-aineiden jalostus keramiikka- ja lasiteollisuus'], ['264 ruoan nauttiminen ruokailu'], ['531 taiteet taidekäsityö ja muotoilu']]",salaattikulho; 9696,1933.0,Göran Hongell,13
558,kymenlaaksonmuseot.KarhE980:7,"['/Cover/Show?source=Solr&id=kymenlaaksonmuseot.KarhE980%3A7&index=0&size=large', '/Cover/Show?source=Solr&id=kymenlaaksonmuseot.KarhE980%3A7&index=1&size=large', '/Cover/Show?source=Solr&id=kymenlaaksonmuseot.KarhE980%3A7&index=2&size=large', '/Cover/Show?source=Solr&id=kymenlaaksonmuseot.KarhE980%3A7&index=3&size=large']","[{'name': 'Karhulan lasitehdas', 'role': 'valmistaja'}, {'name': 'Göran Hongell', 'role': 'suunnittelija'}]","[['kulhot'], ['264 ruoan nauttiminen ruokailu'], ['323 perusraaka-aineiden jalostus keramiikka- ja lasiteollisuus'], ['531 taiteet taidekäsityö ja muotoilu']]",salaattikulho; 9696,1933.0,Göran Hongell,13
559,kymenlaaksonmuseot.KarhE980:8,"['/Cover/Show?source=Solr&id=kymenlaaksonmuseot.KarhE980%3A8&index=0&size=large', '/Cover/Show?source=Solr&id=kymenlaaksonmuseot.KarhE980%3A8&index=1&size=large', '/Cover/Show?source=Solr&id=kymenlaaksonmuseot.KarhE980%3A8&index=2&size=large', '/Cover/Show?source=Solr&id=kymenlaaksonmuseot.KarhE980%3A8&index=3&size=large']","[{'name': 'Karhulan lasitehdas', 'role': 'valmistaja'}, {'name': 'Göran Hongell', 'role': 'suunnittelija'}]","[['kulhot'], ['323 perusraaka-aineiden jalostus keramiikka- ja lasiteollisuus'], ['531 taiteet taidekäsityö ja muotoilu'], ['264 ruoan nauttiminen ruokailu']]",salaattikulho; 9696,1933.0,Göran Hongell,13
560,kymenlaaksonmuseot.KarhE940:1,['/Cover/Show?source=Solr&id=kymenlaaksonmuseot.KarhE940%3A1&index=0&size=large'],"[{'name': 'Karhulan lasitehdas', 'role': 'valmistaja'}, {'name': 'Göran Hongell', 'role': 'suunnittelija'}]","[['maljakot'], ['353 rakennusten varustus'], ['hoito ja palveluskunta sisustaminen ja sisustustekstilit'], ['531 taiteet taidekäsityö ja muotoilu'], ['323 perusraaka-aineiden jalostus keramiikka- ja lasiteollisuus']]",maljakko; 9662,1935.0,Göran Hongell,13
561,kymenlaaksonmuseot.KarhE940:2,"['/Cover/Show?source=Solr&id=kymenlaaksonmuseot.KarhE940%3A2&index=0&size=large', '/Cover/Show?source=Solr&id=kymenlaaksonmuseot.KarhE940%3A2&index=1&size=large', '/Cover/Show?source=Solr&id=kymenlaaksonmuseot.KarhE940%3A2&index=2&size=large']","[{'name': 'Göran Hongell', 'role': 'suunnittelija'}, {'name': 'Karhulan lasitehdas', 'role': 'valmistaja'}]","[['maljakot'], ['353 rakennusten varustus'], ['hoito ja palveluskunta sisustaminen ja sisustustekstilit'], ['323 perusraaka-aineiden jalostus keramiikka- ja lasiteollisuus'], ['531 taiteet taidekäsityö ja muotoilu']]",maljakko; 9662,1935.0,Göran Hongell,13
562,kymenlaaksonmuseot.KarhE942:1,['/Cover/Show?source=Solr&id=kymenlaaksonmuseot.KarhE942%3A1&index=0&size=large'],"[{'name': 'Karhulan lasitehdas', 'role': 'valmistaja'}, {'name': 'Toivo Rusko', 'role': 'kaivertaja'}, {'name': 'Göran Hongell', 'role': 'suunnittelija'}]","[['maljakot'], ['juoksulajit'], ['526 liikunta ja urheilu'], ['323 keramiikka- ja lasiteollisuus']]",maljakko; 9654,1935.0,Göran Hongell,13
563,kymenlaaksonmuseot.KarhE942:2,['/Cover/Show?source=Solr&id=kymenlaaksonmuseot.KarhE942%3A2&index=0&size=large'],"[{'name': 'Karhulan lasitehdas', 'role': 'valmistaja'}, {'name': 'Göran Hongell', 'role': 'suunnittelija'}]","[['juoksulajit'], ['maljakot'], ['323 keramiikka- ja lasiteollisuus'], ['526 liikunta ja urheilu']]",maljakko; 9654,1935.0,Göran Hongell,13
564,kymenlaaksonmuseot.KarhE945:1,"['/Cover/Show?source=Solr&id=kymenlaaksonmuseot.KarhE945%3A1&index=0&size=large', '/Cover/Show?source=Solr&id=kymenlaaksonmuseot.KarhE945%3A1&index=1&size=large']","[{'name': 'Karhulan lasitehdas', 'role': 'valmistaja'}, {'name': 'Göran Hongell', 'role': 'suunnittelija'}]","[['maljakot'], ['vientiteollisuus'], ['lasitehtaat'], ['lasinpuhallus'], ['439 ulkomaankauppa'], ['323 keramiikka- ja lasiteollisuus']]",maljakko; 9681; R-Optich,1935.0,Göran Hongell,13
565,kymenlaaksonmuseot.KarhE945:2,"['/Cover/Show?source=Solr&id=kymenlaaksonmuseot.KarhE945%3A2&index=0&size=large', '/Cover/Show?source=Solr&id=kymenlaaksonmuseot.KarhE945%3A2&index=1&size=large', '/Cover/Show?source=Solr&id=kymenlaaksonmuseot.KarhE945%3A2&index=2&size=large']","[{'name': 'Göran Hongell', 'role': 'suunnittelija'}, {'name': 'Karhulan lasitehdas', 'role': 'valmistaja'}]","[['lasinpuhallus'], ['maljakot'], ['lasitehtaat'], ['vientiteollisuus'], ['323 keramiikka- ja lasiteollisuus'], ['439 ulkomaankauppa']]",maljakko; R-Optich; 9681,1935.0,Göran Hongell,13
566,kymenlaaksonmuseot.KarhE945:3,"['/Cover/Show?source=Solr&id=kymenlaaksonmuseot.KarhE945%3A3&index=0&size=large', '/Cover/Show?source=Solr&id=kymenlaaksonmuseot.KarhE945%3A3&index=1&size=large']","[{'name': 'Karhulan lasitehdas', 'role': 'valmistaja'}, {'name': 'Göran Hongell', 'role': 'suunnittelija'}]","[['maljakot'], ['lasinpuhallus'], ['lasitehtaat'], ['vientiteollisuus'], ['323 keramiikka- ja lasiteollisuus'], ['439 ulkomaankauppa']]",maljakko; R-Optich; 9681,1935.0,Göran Hongell,13
567,kymenlaaksonmuseot.KarhE945:4,"['/Cover/Show?source=Solr&id=kymenlaaksonmuseot.KarhE945%3A4&index=0&size=large', '/Cover/Show?source=Solr&id=kymenlaaksonmuseot.KarhE945%3A4&index=1&size=large']","[{'name': 'Göran Hongell', 'role': 'suunnittelija'}, {'name': 'Karhulan lasitehdas', 'role': 'valmistaja'}]","[['lasinpuhallus'], ['vientiteollisuus'], ['maljakot'], ['lasitehtaat'], ['439 ulkomaankauppa'], ['323 keramiikka- ja lasiteollisuus']]",maljakko; R-Optich; 9681,1935.0,Göran Hongell,13
568,kymenlaaksonmuseot.KarhE979:1,"['/Cover/Show?source=Solr&id=kymenlaaksonmuseot.KarhE979%3A1&index=0&size=large', '/Cover/Show?source=Solr&id=kymenlaaksonmuseot.KarhE979%3A1&index=1&size=large', '/Cover/Show?source=Solr&id=kymenlaaksonmuseot.KarhE979%3A1&index=2&size=large', '/Cover/Show?source=Solr&id=kymenlaaksonmuseot.KarhE979%3A1&index=3&size=large']","[{'name': 'Göran Hongell', 'role': 'suunnittelija'}, {'name': 'Karhulan lasitehdas', 'role': 'valmistaja'}]","[['tarjoiluastiat'], ['lautaset (astiat)'], ['vadit'], ['264 ruoan nauttiminen ruokailu'], ['323 perusraaka-aineiden jalostus keramiikka- ja lasiteollisuus'], ['531 taiteet taidekäsityö ja muotoilu']]",lautanen; tarjoiluvati,1935.0,Göran Hongell,13
569,lappeenrannanmuseot.3DCDD146-8F70-4B5C-A6F9-5D0DCDBF3184,['/Cover/Show?source=Solr&id=lappeenrannanmuseot.3DCDD146-8F70-4B5C-A6F9-5D0DCDBF3184&index=0&size=large'],"[{'name': 'Hongell, Göran', 'role': 'suunnittelija'}, {'name': 'Karhulan Lasi Oy', 'role': 'valmistaja'}]","[['astiat'], ['KAKKUVADIT'], ['tarjoiluastiat'], ['vadit'], ['Karhulan Lasi Oy']]",tarjoiluastia; kakkuvati; kakkutarjotin,1935.0,Göran Hongell,13
570,varkaudenmuseot.pju-68520,"['/Cover/Show?source=Solr&id=varkaudenmuseot.pju-68520&index=0&size=large', '/Cover/Show?source=Solr&id=varkaudenmuseot.pju-68520&index=1&size=large']","[{'name': 'Hongell, Göran', 'role': 'Suunnittelija'}, {'name': 'A. Ahlström Oy/ Karhulan tehtaat', 'role': 'Valmistaja'}]","[['urheilukilpailut'], ['pokaalit'], ['palkinnot'], ['kilpailut'], ['hiihto']]","Palkintopokaali, palkinto; tehtaan hiihtojen palkintomalja",1935.0,Göran Hongell,13
571,kymenlaaksonmuseot.KarhE1004:1,"['/Cover/Show?source=Solr&id=kymenlaaksonmuseot.KarhE1004%3A1&index=0&size=large', '/Cover/Show?source=Solr&id=kymenlaaksonmuseot.KarhE1004%3A1&index=1&size=large', '/Cover/Show?source=Solr&id=kymenlaaksonmuseot.KarhE1004%3A1&index=2&size=large']","[{'name': 'Hugo Rask', 'role': 'puhaltaja'}, {'name': 'Göran Hongell', 'role': 'suunnittelija'}, {'name': 'Emil Helander', 'role': 'tekijä'}, {'name': 'Karhulan lasitehdas', 'role': 'valmistaja'}]","[['maljakot'], ['531 taiteet taidekäsityö ja muotoilu'], ['353 rakennusten varustus'], ['hoito ja palveluskunta sisustaminen ja sisustustekstilit'], ['323 perusraaka-aineiden jalostus keramiikka- ja lasiteollisuus']]",maljakko; GH-N1; Purkki,1936.0,Göran Hongell,13
572,kymenlaaksonmuseot.KarhE1018:2,"['/Cover/Show?source=Solr&id=kymenlaaksonmuseot.KarhE1018%3A2&index=0&size=large', '/Cover/Show?source=Solr&id=kymenlaaksonmuseot.KarhE1018%3A2&index=1&size=large', '/Cover/Show?source=Solr&id=kymenlaaksonmuseot.KarhE1018%3A2&index=2&size=large', '/Cover/Show?source=Solr&id=kymenlaaksonmuseot.KarhE1018%3A2&index=3&size=large', '/Cover/Show?source=Solr&id=kymenlaaksonmuseot.KarhE1018%3A2&index=4&size=large', '/Cover/Show?source=Solr&id=kymenlaaksonmuseot.KarhE1018%3A2&index=5&size=large']","[{'name': 'Karhulan lasitehdas', 'role': 'valmistaja'}, {'name': 'Göran Hongell', 'role': 'suunnittelija'}]","[['olut'], ['juomalasit'], ['323 perusraaka-aineiden jalostus keramiikka- ja lasiteollisuus'], ['273 juomat'], ['huumaavat ja nautintoaineet Alkoholijuomat']]",olutlasi; Vala,1936.0,Göran Hongell,13
573,kymenlaaksonmuseot.KarhE1018:3,"['/Cover/Show?source=Solr&id=kymenlaaksonmuseot.KarhE1018%3A3&index=0&size=large', '/Cover/Show?source=Solr&id=kymenlaaksonmuseot.KarhE1018%3A3&index=1&size=large', '/Cover/Show?source=Solr&id=kymenlaaksonmuseot.KarhE1018%3A3&index=2&size=large', '/Cover/Show?source=Solr&id=kymenlaaksonmuseot.KarhE1018%3A3&index=3&size=large', '/Cover/Show?source=Solr&id=kymenlaaksonmuseot.KarhE1018%3A3&index=4&size=large']","[{'name': 'Göran Hongell', 'role': 'suunnittelija'}, {'name': 'Karhulan lasitehdas', 'role': 'valmistaja'}]","[['viinilasit'], ['juomalasit'], ['323 perusraaka-aineiden jalostus keramiikka- ja lasiteollisuus'], ['273 juomat'], ['huumaavat ja nautintoaineet Alkoholijuomat']]",viinilasi; Vala,1936.0,Göran Hongell,13
574,kymenlaaksonmuseot.KarhE1018:5,"['/Cover/Show?source=Solr&id=kymenlaaksonmuseot.KarhE1018%3A5&index=0&size=large', '/Cover/Show?source=Solr&id=kymenlaaksonmuseot.KarhE1018%3A5&index=1&size=large', '/Cover/Show?source=Solr&id=kymenlaaksonmuseot.KarhE1018%3A5&index=2&size=large', '/Cover/Show?source=Solr&id=kymenlaaksonmuseot.KarhE1018%3A5&index=3&size=large', '/Cover/Show?source=Solr&id=kymenlaaksonmuseot.KarhE1018%3A5&index=4&size=large']","[{'name': 'Göran Hongell', 'role': 'suunnittelija'}, {'name': 'Karhulan lasitehdas', 'role': 'valmistaja'}]","[['snapsit'], ['snapsilasit'], ['juomalasit'], ['273 juomat'], ['huumaavat ja nautintoaineet Alkoholijuomat'], ['323 perusraaka-aineiden jalostus keramiikka- ja lasiteollisuus']]",ryyppylasi; Vala,1936.0,Göran Hongell,13
575,kymenlaaksonmuseot.KarhE1018:6,"['/Cover/Show?source=Solr&id=kymenlaaksonmuseot.KarhE1018%3A6&index=0&size=large', '/Cover/Show?source=Solr&id=kymenlaaksonmuseot.KarhE1018%3A6&index=1&size=large', '/Cover/Show?source=Solr&id=kymenlaaksonmuseot.KarhE1018%3A6&index=2&size=large', '/Cover/Show?source=Solr&id=kymenlaaksonmuseot.KarhE1018%3A6&index=3&size=large', '/Cover/Show?source=Solr&id=kymenlaaksonmuseot.KarhE1018%3A6&index=4&size=large']","[{'name': 'Göran Hongell', 'role': 'suunnittelija'}, {'name': 'Karhulan lasitehdas', 'role': 'valmistaja'}]","[['snapsit'], ['juomalasit'], ['snapsilasit'], ['273 juomat'], ['huumaavat ja nautintoaineet Alkoholijuomat'], ['323 perusraaka-aineiden jalostus keramiikka- ja lasiteollisuus']]",ryyppylasi; Vala,1936.0,Göran Hongell,13
576,kymenlaaksonmuseot.KarhE1024:1,"['/Cover/Show?source=Solr&id=kymenlaaksonmuseot.KarhE1024%3A1&index=0&size=large', '/Cover/Show?source=Solr&id=kymenlaaksonmuseot.KarhE1024%3A1&index=1&size=large', '/Cover/Show?source=Solr&id=kymenlaaksonmuseot.KarhE1024%3A1&index=2&size=large', '/Cover/Show?source=Solr&id=kymenlaaksonmuseot.KarhE1024%3A1&index=3&size=large', '/Cover/Show?source=Solr&id=kymenlaaksonmuseot.KarhE1024%3A1&index=4&size=large', '/Cover/Show?source=Solr&id=kymenlaaksonmuseot.KarhE1024%3A1&index=5&size=large', '/Cover/Show?source=Solr&id=kymenlaaksonmuseot.KarhE1024%3A1&index=6&size=large']","[{'name': 'Göran Hongell', 'role': 'suunnittelija'}, {'name': 'Karhulan lasitehdas', 'role': 'valmistaja'}]","[['juomalasit'], ['samppanja'], ['viinilasit'], ['323 perusraaka-aineiden jalostus keramiikka- ja lasiteollisuus'], ['273 juomat'], ['huumaavat ja nautintoaineet Alkoholijuomat']]",sampanjalasi; Rapu; 8258,1936.0,Göran Hongell,13
577,kymenlaaksonmuseot.KarhE1024:2,"['/Cover/Show?source=Solr&id=kymenlaaksonmuseot.KarhE1024%3A2&index=0&size=large', '/Cover/Show?source=Solr&id=kymenlaaksonmuseot.KarhE1024%3A2&index=1&size=large', '/Cover/Show?source=Solr&id=kymenlaaksonmuseot.KarhE1024%3A2&index=2&size=large', '/Cover/Show?source=Solr&id=kymenlaaksonmuseot.KarhE1024%3A2&index=3&size=large', '/Cover/Show?source=Solr&id=kymenlaaksonmuseot.KarhE1024%3A2&index=4&size=large', '/Cover/Show?source=Solr&id=kymenlaaksonmuseot.KarhE1024%3A2&index=5&size=large']","[{'name': 'Karhulan lasitehdas', 'role': 'valmistaja'}, {'name': 'Göran Hongell', 'role': 'suunnittelija'}]","[['snapsilasit'], ['273 juomat'], ['huumaavat ja nautintoaineet Alkoholijuomat'], ['323 perusraaka-aineiden jalostus keramiikka- ja lasiteollisuus']]",ryyppylasi; 8258; Rapu,1936.0,Göran Hongell,13
578,kymenlaaksonmuseot.KarhE1024:3,"['/Cover/Show?source=Solr&id=kymenlaaksonmuseot.KarhE1024%3A3&index=0&size=large', '/Cover/Show?source=Solr&id=kymenlaaksonmuseot.KarhE1024%3A3&index=1&size=large', '/Cover/Show?source=Solr&id=kymenlaaksonmuseot.KarhE1024%3A3&index=2&size=large', '/Cover/Show?source=Solr&id=kymenlaaksonmuseot.KarhE1024%3A3&index=3&size=large', '/Cover/Show?source=Solr&id=kymenlaaksonmuseot.KarhE1024%3A3&index=4&size=large']","[{'name': 'Karhulan lasitehdas', 'role': 'valmistaja'}, {'name': 'Göran Hongell', 'role': 'suunnittelija'}]","[['snapsilasit'], ['323 perusraaka-aineiden jalostus keramiikka- ja lasiteollisuus'], ['273 juomat'], ['huumaavat ja nautintoaineet Alkoholijuomat']]",ryyppylasi; 8258; Rapu,1936.0,Göran Hongell,13
579,kymenlaaksonmuseot.KarhE1024:4,"['/Cover/Show?source=Solr&id=kymenlaaksonmuseot.KarhE1024%3A4&index=0&size=large', '/Cover/Show?source=Solr&id=kymenlaaksonmuseot.KarhE1024%3A4&index=1&size=large', '/Cover/Show?source=Solr&id=kymenlaaksonmuseot.KarhE1024%3A4&index=2&size=large', '/Cover/Show?source=Solr&id=kymenlaaksonmuseot.KarhE1024%3A4&index=3&size=large', '/Cover/Show?source=Solr&id=kymenlaaksonmuseot.KarhE1024%3A4&index=4&size=large']","[{'name': 'Göran Hongell', 'role': 'suunnittelija'}, {'name': 'Karhulan lasitehdas', 'role': 'valmistaja'}]","[['snapsilasit'], ['323 perusraaka-aineiden jalostus keramiikka- ja lasiteollisuus'], ['273 juomat'], ['huumaavat ja nautintoaineet Alkoholijuomat']]",ryyppylasi; 8258; Rapu,1936.0,Göran Hongell,13
580,kymenlaaksonmuseot.KarhE1116:1,"['/Cover/Show?source=Solr&id=kymenlaaksonmuseot.KarhE1116%3A1&index=0&size=large', '/Cover/Show?source=Solr&id=kymenlaaksonmuseot.KarhE1116%3A1&index=1&size=large', '/Cover/Show?source=Solr&id=kymenlaaksonmuseot.KarhE1116%3A1&index=2&size=large', '/Cover/Show?source=Solr&id=kymenlaaksonmuseot.KarhE1116%3A1&index=3&size=large', '/Cover/Show?source=Solr&id=kymenlaaksonmuseot.KarhE1116%3A1&index=4&size=large', '/Cover/Show?source=Solr&id=kymenlaaksonmuseot.KarhE1116%3A1&index=5&size=large']","[{'name': 'Göran Hongell', 'role': 'suunnittelija'}, {'name': 'Karhulan lasitehdas', 'role': 'valmistaja'}]","[['karahvit'], ['pullot'], ['272 juomat'], ['huumaavat ja nautintoaineet juomat'], ['323 perusraaka-aineiden jalostus keramiikka- ja lasiteollisuus'], ['353 rakennusten varustus'], ['hoito ja palveluskunta sisustaminen ja sisustustekstilit'], ['531 taiteet taidekäsityö ja muotoilu']]",koristepullo; 9636; karahvi,1936.0,Göran Hongell,13
581,kymenlaaksonmuseot.KarhE681:1,"['/Cover/Show?source=Solr&id=kymenlaaksonmuseot.KarhE681%3A1&index=0&size=large', '/Cover/Show?source=Solr&id=kymenlaaksonmuseot.KarhE681%3A1&index=1&size=large', '/Cover/Show?source=Solr&id=kymenlaaksonmuseot.KarhE681%3A1&index=2&size=large', '/Cover/Show?source=Solr&id=kymenlaaksonmuseot.KarhE681%3A1&index=3&size=large', '/Cover/Show?source=Solr&id=kymenlaaksonmuseot.KarhE681%3A1&index=4&size=large', '/Cover/Show?source=Solr&id=kymenlaaksonmuseot.KarhE681%3A1&index=5&size=large']","[{'name': 'Karhulan lasitehdas', 'role': 'valmistaja'}, {'name': 'Göran Hongell', 'role': 'suunnittelija'}]","[['cocktailit'], ['juomalasit'], ['273 juomat'], ['huumaavat ja nautintoaineet Alkoholijuomat'], ['323 perusraaka-aineiden jalostus keramiikka- ja lasiteollisuus']]",cocktaillasi,1936.0,Göran Hongell,13
582,kymenlaaksonmuseot.KarhE953:1,"['/Cover/Show?source=Solr&id=kymenlaaksonmuseot.KarhE953%3A1&index=0&size=large', '/Cover/Show?source=Solr&id=kymenlaaksonmuseot.KarhE953%3A1&index=1&size=large', '/Cover/Show?source=Solr&id=kymenlaaksonmuseot.KarhE953%3A1&index=2&size=large', '/Cover/Show?source=Solr&id=kymenlaaksonmuseot.KarhE953%3A1&index=3&size=large', '/Cover/Show?source=Solr&id=kymenlaaksonmuseot.KarhE953%3A1&index=4&size=large', '/Cover/Show?source=Solr&id=kymenlaaksonmuseot.KarhE953%3A1&index=5&size=large', '/Cover/Show?source=Solr&id=kymenlaaksonmuseot.KarhE953%3A1&index=6&size=large', '/Cover/Show?source=Solr&id=kymenlaaksonmuseot.KarhE953%3A1&index=7&size=large']","[{'name': 'Karhulan lasitehdas', 'role': 'valmistaja'}, {'name': 'Toivo Rusko', 'role': 'kaivertaja'}, {'name': 'Göran Hongell', 'role': 'suunnittelija'}]","[['maljat'], ['323 perusraaka-aineiden jalostus keramiikka- ja lasiteollisuus'], ['531 taiteet taidekäsityö ja muotoilu'], ['353 rakennusten varustus'], ['hoito ja palveluskunta sisustaminen ja sisustustekstilit']]",malja; 9732; Sorsapoikue,1936.0,Göran Hongell,13
583,kymenlaaksonmuseot.KarhE954:1,"['/Cover/Show?source=Solr&id=kymenlaaksonmuseot.KarhE954%3A1&index=0&size=large', '/Cover/Show?source=Solr&id=kymenlaaksonmuseot.KarhE954%3A1&index=1&size=large', '/Cover/Show?source=Solr&id=kymenlaaksonmuseot.KarhE954%3A1&index=2&size=large', '/Cover/Show?source=Solr&id=kymenlaaksonmuseot.KarhE954%3A1&index=3&size=large', '/Cover/Show?source=Solr&id=kymenlaaksonmuseot.KarhE954%3A1&index=4&size=large', '/Cover/Show?source=Solr&id=kymenlaaksonmuseot.KarhE954%3A1&index=5&size=large', '/Cover/Show?source=Solr&id=kymenlaaksonmuseot.KarhE954%3A1&index=6&size=large', '/Cover/Show?source=Solr&id=kymenlaaksonmuseot.KarhE954%3A1&index=7&size=large', '/Cover/Show?source=Solr&id=kymenlaaksonmuseot.KarhE954%3A1&index=8&size=large', '/Cover/Show?source=Solr&id=kymenlaaksonmuseot.KarhE954%3A1&index=9&size=large']","[{'name': 'Göran Hongell', 'role': 'suunnittelija'}, {'name': 'Karhulan lasitehdas', 'role': 'valmistaja'}]","[['jalalliset astiat'], ['kulhot'], ['maljat'], ['323 perusraaka-aineiden jalostus keramiikka- ja lasiteollisuus'], ['531 taiteet taidekäsityö ja muotoilu'], ['353 rakennusten varustus'], ['hoito ja palveluskunta sisustaminen ja sisustustekstilit']]",jalallinen malja,1936.0,Göran Hongell,13
584,kymenlaaksonmuseot.KarhE981:1,"['/Cover/Show?source=Solr&id=kymenlaaksonmuseot.KarhE981%3A1&index=0&size=large', '/Cover/Show?source=Solr&id=kymenlaaksonmuseot.KarhE981%3A1&index=1&size=large', '/Cover/Show?source=Solr&id=kymenlaaksonmuseot.KarhE981%3A1&index=2&size=large', '/Cover/Show?source=Solr&id=kymenlaaksonmuseot.KarhE981%3A1&index=3&size=large', '/Cover/Show?source=Solr&id=kymenlaaksonmuseot.KarhE981%3A1&index=4&size=large']","[{'name': 'Göran Hongell', 'role': 'suunnittelija'}, {'name': 'Karhulan lasitehdas', 'role': 'valmistaja'}, {'name': 'Hugo Rask', 'role': 'puhaltaja'}]","[['maljat'], ['323 perusraaka-aineiden jalostus keramiikka- ja lasiteollisuus'], ['353 rakennusten varustus'], ['hoito ja palveluskunta sisustaminen ja sisustustekstilit'], ['531 taiteet taidekäsityö ja muotoilu']]",malja; 9787,1936.0,Göran Hongell,13
585,kymenlaaksonmuseot.KarhE981:2,"['/Cover/Show?source=Solr&id=kymenlaaksonmuseot.KarhE981%3A2&index=0&size=large', '/Cover/Show?source=Solr&id=kymenlaaksonmuseot.KarhE981%3A2&index=1&size=large', '/Cover/Show?source=Solr&id=kymenlaaksonmuseot.KarhE981%3A2&index=2&size=large', '/Cover/Show?source=Solr&id=kymenlaaksonmuseot.KarhE981%3A2&index=3&size=large', '/Cover/Show?source=Solr&id=kymenlaaksonmuseot.KarhE981%3A2&index=4&size=large', '/Cover/Show?source=Solr&id=kymenlaaksonmuseot.KarhE981%3A2&index=5&size=large', '/Cover/Show?source=Solr&id=kymenlaaksonmuseot.KarhE981%3A2&index=6&size=large', '/Cover/Show?source=Solr&id=kymenlaaksonmuseot.KarhE981%3A2&index=7&size=large']","[{'name': 'Karhulan lasitehdas', 'role': 'valmistaja'}, {'name': 'Hugo Rask', 'role': 'puhaltaja'}, {'name': 'Göran Hongell', 'role': 'suunnittelija'}]","[['maljat'], ['323 perusraaka-aineiden jalostus keramiikka- ja lasiteollisuus'], ['353 rakennusten varustus'], ['hoito ja palveluskunta sisustaminen ja sisustustekstilit'], ['531 taiteet taidekäsityö ja muotoilu']]",malja; 9787,1936.0,Göran Hongell,13
586,kymenlaaksonmuseot.KarhE984:1,"['/Cover/Show?source=Solr&id=kymenlaaksonmuseot.KarhE984%3A1&index=0&size=large', '/Cover/Show?source=Solr&id=kymenlaaksonmuseot.KarhE984%3A1&index=1&size=large', '/Cover/Show?source=Solr&id=kymenlaaksonmuseot.KarhE984%3A1&index=2&size=large', '/Cover/Show?source=Solr&id=kymenlaaksonmuseot.KarhE984%3A1&index=3&size=large', '/Cover/Show?source=Solr&id=kymenlaaksonmuseot.KarhE984%3A1&index=4&size=large', '/Cover/Show?source=Solr&id=kymenlaaksonmuseot.KarhE984%3A1&index=5&size=large']","[{'name': 'Göran Hongell', 'role': 'suunnittelija'}, {'name': 'Karhulan lasitehdas', 'role': 'valmistaja'}]","[['maljat'], ['531 taiteet taidekäsityö ja muotoilu'], ['353 rakennusten varustus'], ['hoito ja palveluskunta sisustaminen ja sisustustekstilit'], ['323 perusraaka-aineiden jalostus keramiikka- ja lasiteollisuus']]",malja,1936.0,Göran Hongell,13
587,kymenlaaksonmuseot.KarhE1022:1,"['/Cover/Show?source=Solr&id=kymenlaaksonmuseot.KarhE1022%3A1&index=0&size=large', '/Cover/Show?source=Solr&id=kymenlaaksonmuseot.KarhE1022%3A1&index=1&size=large', '/Cover/Show?source=Solr&id=kymenlaaksonmuseot.KarhE1022%3A1&index=2&size=large', '/Cover/Show?source=Solr&id=kymenlaaksonmuseot.KarhE1022%3A1&index=3&size=large']","[{'name': 'Karhulan lasitehdas', 'role': 'valmistaja'}, {'name': 'Göran Hongell', 'role': 'suunnittelija'}]","[['cocktailit'], ['juomalasit'], ['273 juomat'], ['huumaavat ja nautintoaineet Alkoholijuomat'], ['323 perusraaka-aineiden jalostus keramiikka- ja lasiteollisuus']]",cocktaillasi,1937.0,Göran Hongell,13
588,kymenlaaksonmuseot.KarhE1023:1,"['/Cover/Show?source=Solr&id=kymenlaaksonmuseot.KarhE1023%3A1&index=0&size=large', '/Cover/Show?source=Solr&id=kymenlaaksonmuseot.KarhE1023%3A1&index=1&size=large', '/Cover/Show?source=Solr&id=kymenlaaksonmuseot.KarhE1023%3A1&index=2&size=large', '/Cover/Show?source=Solr&id=kymenlaaksonmuseot.KarhE1023%3A1&index=3&size=large']","[{'name': 'Göran Hongell', 'role': 'suunnittelija'}, {'name': 'Karhulan lasitehdas', 'role': 'valmistaja'}]","[['viinilasit'], ['juomalasit'], ['323 perusraaka-aineiden jalostus keramiikka- ja lasiteollisuus'], ['273 juomat'], ['huumaavat ja nautintoaineet Alkoholijuomat']]",viinilasi,1937.0,Göran Hongell,13
589,kymenlaaksonmuseot.KarhE1038:1,"['/Cover/Show?source=Solr&id=kymenlaaksonmuseot.KarhE1038%3A1&index=0&size=large', '/Cover/Show?source=Solr&id=kymenlaaksonmuseot.KarhE1038%3A1&index=1&size=large', '/Cover/Show?source=Solr&id=kymenlaaksonmuseot.KarhE1038%3A1&index=2&size=large', '/Cover/Show?source=Solr&id=kymenlaaksonmuseot.KarhE1038%3A1&index=3&size=large', '/Cover/Show?source=Solr&id=kymenlaaksonmuseot.KarhE1038%3A1&index=4&size=large', '/Cover/Show?source=Solr&id=kymenlaaksonmuseot.KarhE1038%3A1&index=5&size=large', '/Cover/Show?source=Solr&id=kymenlaaksonmuseot.KarhE1038%3A1&index=6&size=large', '/Cover/Show?source=Solr&id=kymenlaaksonmuseot.KarhE1038%3A1&index=7&size=large']","[{'name': 'Karhulan lasimuseo', 'role': 'valmistaja'}, {'name': 'Göran Hongell', 'role': 'suunnittelija'}]","[['juomalasit'], ['272 juomat'], ['huumaavat ja nautintoaineet juomat'], ['323 perusraaka-aineiden jalostus keramiikka- ja lasiteollisuus']]",juomalasi; 9682,1937.0,Göran Hongell,13
590,kymenlaaksonmuseot.KarhE1038:2,"['/Cover/Show?source=Solr&id=kymenlaaksonmuseot.KarhE1038%3A2&index=0&size=large', '/Cover/Show?source=Solr&id=kymenlaaksonmuseot.KarhE1038%3A2&index=1&size=large', '/Cover/Show?source=Solr&id=kymenlaaksonmuseot.KarhE1038%3A2&index=2&size=large', '/Cover/Show?source=Solr&id=kymenlaaksonmuseot.KarhE1038%3A2&index=3&size=large', '/Cover/Show?source=Solr&id=kymenlaaksonmuseot.KarhE1038%3A2&index=4&size=large', '/Cover/Show?source=Solr&id=kymenlaaksonmuseot.KarhE1038%3A2&index=5&size=large', '/Cover/Show?source=Solr&id=kymenlaaksonmuseot.KarhE1038%3A2&index=6&size=large', '/Cover/Show?source=Solr&id=kymenlaaksonmuseot.KarhE1038%3A2&index=7&size=large', '/Cover/Show?source=Solr&id=kymenlaaksonmuseot.KarhE1038%3A2&index=8&size=large']","[{'name': 'Karhulan lasimuseo', 'role': 'valmistaja'}, {'name': 'Göran Hongell', 'role': 'suunnittelija'}]","[['juomalasit'], ['323 perusraaka-aineiden jalostus keramiikka- ja lasiteollisuus'], ['272 juomat'], ['huumaavat ja nautintoaineet juomat']]",juomalasi; 9682,1937.0,Göran Hongell,13
591,kymenlaaksonmuseot.KarhE1038:3,"['/Cover/Show?source=Solr&id=kymenlaaksonmuseot.KarhE1038%3A3&index=0&size=large', '/Cover/Show?source=Solr&id=kymenlaaksonmuseot.KarhE1038%3A3&index=1&size=large', '/Cover/Show?source=Solr&id=kymenlaaksonmuseot.KarhE1038%3A3&index=2&size=large', '/Cover/Show?source=Solr&id=kymenlaaksonmuseot.KarhE1038%3A3&index=3&size=large', '/Cover/Show?source=Solr&id=kymenlaaksonmuseot.KarhE1038%3A3&index=4&size=large']","[{'name': 'Karhulan lasimuseo', 'role': 'valmistaja'}, {'name': 'Göran Hongell', 'role': 'suunnittelija'}]","[['juomalasit'], ['323 perusraaka-aineiden jalostus keramiikka- ja lasiteollisuus'], ['272 juomat'], ['huumaavat ja nautintoaineet juomat']]",juomalasi; 9682,1937.0,Göran Hongell,13
592,kymenlaaksonmuseot.KarhE514:10,"['/Cover/Show?source=Solr&id=kymenlaaksonmuseot.KarhE514%3A10&index=0&size=large', '/Cover/Show?source=Solr&id=kymenlaaksonmuseot.KarhE514%3A10&index=1&size=large', '/Cover/Show?source=Solr&id=kymenlaaksonmuseot.KarhE514%3A10&index=2&size=large', '/Cover/Show?source=Solr&id=kymenlaaksonmuseot.KarhE514%3A10&index=3&size=large', '/Cover/Show?source=Solr&id=kymenlaaksonmuseot.KarhE514%3A10&index=4&size=large', '/Cover/Show?source=Solr&id=kymenlaaksonmuseot.KarhE514%3A10&index=5&size=large']","[{'name': 'Karhulan lasitehdas', 'role': 'valmistaja'}, {'name': 'Göran Hongell', 'role': 'suunnittelija'}]","[['lautaset (astiat)'], ['tarjoiluastiat'], ['323 perusraaka-aineiden jalostus keramiikka- ja lasiteollisuus'], ['264 ruoan nauttiminen ruokailu']]",lautanen; 4230; Maininki,1937.0,Göran Hongell,13
593,kymenlaaksonmuseot.KarhE514:13,"['/Cover/Show?source=Solr&id=kymenlaaksonmuseot.KarhE514%3A13&index=0&size=large', '/Cover/Show?source=Solr&id=kymenlaaksonmuseot.KarhE514%3A13&index=1&size=large', '/Cover/Show?source=Solr&id=kymenlaaksonmuseot.KarhE514%3A13&index=2&size=large', '/Cover/Show?source=Solr&id=kymenlaaksonmuseot.KarhE514%3A13&index=3&size=large', '/Cover/Show?source=Solr&id=kymenlaaksonmuseot.KarhE514%3A13&index=4&size=large']","[{'name': 'Karhulan lasitehdas', 'role': 'valmistaja'}, {'name': 'Göran Hongell', 'role': 'suunnittelija'}]","[['juomalasit'], ['323 perusraaka-aineiden jalostus keramiikka- ja lasiteollisuus'], ['272 juomat'], ['huumaavat ja nautintoaineet juomat']]",juomalasi; 4062; Maininki,1937.0,Göran Hongell,13
594,kymenlaaksonmuseot.KarhE514:15,"['/Cover/Show?source=Solr&id=kymenlaaksonmuseot.KarhE514%3A15&index=0&size=large', '/Cover/Show?source=Solr&id=kymenlaaksonmuseot.KarhE514%3A15&index=1&size=large', '/Cover/Show?source=Solr&id=kymenlaaksonmuseot.KarhE514%3A15&index=2&size=large', '/Cover/Show?source=Solr&id=kymenlaaksonmuseot.KarhE514%3A15&index=3&size=large', '/Cover/Show?source=Solr&id=kymenlaaksonmuseot.KarhE514%3A15&index=4&size=large']","[{'name': 'Göran Hongell', 'role': 'suunnittelija'}, {'name': 'Karhulan lasitehdas', 'role': 'valmistaja'}]","[['maljakot'], ['323 perusraaka-aineiden jalostus keramiikka- ja lasiteollisuus'], ['353 rakennusten varustus'], ['hoito ja palveluskunta sisustaminen ja sisustustekstilit']]",maljakko; 4938; Maininki,1937.0,Göran Hongell,13
595,kymenlaaksonmuseot.KarhE514:19,"['/Cover/Show?source=Solr&id=kymenlaaksonmuseot.KarhE514%3A19&index=0&size=large', '/Cover/Show?source=Solr&id=kymenlaaksonmuseot.KarhE514%3A19&index=1&size=large', '/Cover/Show?source=Solr&id=kymenlaaksonmuseot.KarhE514%3A19&index=2&size=large', '/Cover/Show?source=Solr&id=kymenlaaksonmuseot.KarhE514%3A19&index=3&size=large', '/Cover/Show?source=Solr&id=kymenlaaksonmuseot.KarhE514%3A19&index=4&size=large', '/Cover/Show?source=Solr&id=kymenlaaksonmuseot.KarhE514%3A19&index=5&size=large']","[{'name': 'Karhulan lasitehdas', 'role': 'valmistaja'}, {'name': 'Göran Hongell', 'role': 'suunnittelija'}]","[['jalalliset astiat'], ['tarjoiluastiat'], ['264 ruoan nauttiminen ruokailu'], ['323 perusraaka-aineiden jalostus keramiikka- ja lasiteollisuus']]",jalallinen lautanen; 4469; Maininki,1937.0,Göran Hongell,13
596,kymenlaaksonmuseot.KarhE514:2,"['/Cover/Show?source=Solr&id=kymenlaaksonmuseot.KarhE514%3A2&index=0&size=large', '/Cover/Show?source=Solr&id=kymenlaaksonmuseot.KarhE514%3A2&index=1&size=large', '/Cover/Show?source=Solr&id=kymenlaaksonmuseot.KarhE514%3A2&index=2&size=large', '/Cover/Show?source=Solr&id=kymenlaaksonmuseot.KarhE514%3A2&index=3&size=large', '/Cover/Show?source=Solr&id=kymenlaaksonmuseot.KarhE514%3A2&index=4&size=large']","[{'name': 'Göran Hongell', 'role': 'suunnittelija'}, {'name': 'Karhulan lasitehdas', 'role': 'valmistaja'}]","[['kulhot'], ['maljat'], ['264 ruoan nauttiminen ruokailu'], ['323 perusraaka-aineiden jalostus keramiikka- ja lasiteollisuus']]",kulho; 4354; Maininki,1937.0,Göran Hongell,13
597,kymenlaaksonmuseot.KarhE514:23,"['/Cover/Show?source=Solr&id=kymenlaaksonmuseot.KarhE514%3A23&index=0&size=large', '/Cover/Show?source=Solr&id=kymenlaaksonmuseot.KarhE514%3A23&index=1&size=large', '/Cover/Show?source=Solr&id=kymenlaaksonmuseot.KarhE514%3A23&index=2&size=large']","[{'name': 'Göran Hongell', 'role': 'suunnittelija'}, {'name': 'Karhulan lasitehdas', 'role': 'valmistaja'}]","[['jalalliset astiat'], ['maljat'], ['kulhot'], ['tarjoiluastiat'], ['323 perusraaka-aineiden jalostus keramiikka- ja lasiteollisuus'], ['264 ruoan nauttiminen ruokailu']]",jalallinen kulho; 4432; Maininki,1937.0,Göran Hongell,13
598,kymenlaaksonmuseot.KarhE514:3,"['/Cover/Show?source=Solr&id=kymenlaaksonmuseot.KarhE514%3A3&index=0&size=large', '/Cover/Show?source=Solr&id=kymenlaaksonmuseot.KarhE514%3A3&index=1&size=large', '/Cover/Show?source=Solr&id=kymenlaaksonmuseot.KarhE514%3A3&index=2&size=large', '/Cover/Show?source=Solr&id=kymenlaaksonmuseot.KarhE514%3A3&index=3&size=large', '/Cover/Show?source=Solr&id=kymenlaaksonmuseot.KarhE514%3A3&index=4&size=large', '/Cover/Show?source=Solr&id=kymenlaaksonmuseot.KarhE514%3A3&index=5&size=large']","[{'name': 'Karhulan lasitehdas', 'role': 'valmistaja'}, {'name': 'Göran Hongell', 'role': 'suunnittelija'}]","[['tarjoiluastiat'], ['jalalliset astiat'], ['maljat'], ['kulhot'], ['323 perusraaka-aineiden jalostus keramiikka- ja lasiteollisuus'], ['264 ruoan nauttiminen ruokailu']]",jalallinen kulho; 4432; Maininki,1937.0,Göran Hongell,13
599,kymenlaaksonmuseot.KarhE514:4,"['/Cover/Show?source=Solr&id=kymenlaaksonmuseot.KarhE514%3A4&index=0&size=large', '/Cover/Show?source=Solr&id=kymenlaaksonmuseot.KarhE514%3A4&index=1&size=large', '/Cover/Show?source=Solr&id=kymenlaaksonmuseot.KarhE514%3A4&index=2&size=large', '/Cover/Show?source=Solr&id=kymenlaaksonmuseot.KarhE514%3A4&index=3&size=large', '/Cover/Show?source=Solr&id=kymenlaaksonmuseot.KarhE514%3A4&index=4&size=large']","[{'name': 'Göran Hongell', 'role': 'suunnittelija'}, {'name': 'Karhulan lasitehdas', 'role': 'valmistaja'}]","[['tarjoiluastiat'], ['jalalliset astiat'], ['264 ruoan nauttiminen ruokailu'], ['323 perusraaka-aineiden jalostus keramiikka- ja lasiteollisuus']]",jalallinen lautanen; 4468; Maininki,1937.0,Göran Hongell,13
600,kymenlaaksonmuseot.KarhE514:5,"['/Cover/Show?source=Solr&id=kymenlaaksonmuseot.KarhE514%3A5&index=0&size=large', '/Cover/Show?source=Solr&id=kymenlaaksonmuseot.KarhE514%3A5&index=1&size=large', '/Cover/Show?source=Solr&id=kymenlaaksonmuseot.KarhE514%3A5&index=2&size=large', '/Cover/Show?source=Solr&id=kymenlaaksonmuseot.KarhE514%3A5&index=3&size=large', '/Cover/Show?source=Solr&id=kymenlaaksonmuseot.KarhE514%3A5&index=4&size=large']","[{'name': 'Göran Hongell', 'role': 'suunnittelija'}, {'name': 'Karhulan lasitehdas', 'role': 'valmistaja'}]","[['maljakot'], ['323 perusraaka-aineiden jalostus keramiikka- ja lasiteollisuus'], ['353 rakennusten varustus'], ['hoito ja palveluskunta sisustaminen ja sisustustekstilit']]",maljakko; 4938; Maininki,1937.0,Göran Hongell,13
601,kymenlaaksonmuseot.KarhE514:7,"['/Cover/Show?source=Solr&id=kymenlaaksonmuseot.KarhE514%3A7&index=0&size=large', '/Cover/Show?source=Solr&id=kymenlaaksonmuseot.KarhE514%3A7&index=1&size=large', '/Cover/Show?source=Solr&id=kymenlaaksonmuseot.KarhE514%3A7&index=2&size=large', '/Cover/Show?source=Solr&id=kymenlaaksonmuseot.KarhE514%3A7&index=3&size=large', '/Cover/Show?source=Solr&id=kymenlaaksonmuseot.KarhE514%3A7&index=4&size=large', '/Cover/Show?source=Solr&id=kymenlaaksonmuseot.KarhE514%3A7&index=5&size=large', '/Cover/Show?source=Solr&id=kymenlaaksonmuseot.KarhE514%3A7&index=6&size=large', '/Cover/Show?source=Solr&id=kymenlaaksonmuseot.KarhE514%3A7&index=7&size=large']","[{'name': 'Karhulan lasitehdas', 'role': 'valmistaja'}, {'name': 'Göran Hongell', 'role': 'suunnittelija'}]","[['lautaset (astiat)'], ['tarjoiluastiat'], ['264 ruoan nauttiminen ruokailu'], ['323 perusraaka-aineiden jalostus keramiikka- ja lasiteollisuus']]",lautanen; 4230; Maininki,1937.0,Göran Hongell,13
602,kymenlaaksonmuseot.KarhE515:1,"['/Cover/Show?source=Solr&id=kymenlaaksonmuseot.KarhE515%3A1&index=0&size=large', '/Cover/Show?source=Solr&id=kymenlaaksonmuseot.KarhE515%3A1&index=1&size=large', '/Cover/Show?source=Solr&id=kymenlaaksonmuseot.KarhE515%3A1&index=2&size=large', '/Cover/Show?source=Solr&id=kymenlaaksonmuseot.KarhE515%3A1&index=3&size=large', '/Cover/Show?source=Solr&id=kymenlaaksonmuseot.KarhE515%3A1&index=4&size=large']","[{'name': 'Göran Hongell', 'role': 'suunnittelija'}, {'name': 'Karhulan lasitehdas', 'role': 'valmistaja'}]","[['kulhot'], ['maljat'], ['323 perusraaka-aineiden jalostus keramiikka- ja lasiteollisuus'], ['264 ruoan nauttiminen ruokailu']]",kulho; 4327; Silko,1937.0,Göran Hongell,13
603,kymenlaaksonmuseot.KarhE515:10,"['/Cover/Show?source=Solr&id=kymenlaaksonmuseot.KarhE515%3A10&index=0&size=large', '/Cover/Show?source=Solr&id=kymenlaaksonmuseot.KarhE515%3A10&index=1&size=large', '/Cover/Show?source=Solr&id=kymenlaaksonmuseot.KarhE515%3A10&index=2&size=large', '/Cover/Show?source=Solr&id=kymenlaaksonmuseot.KarhE515%3A10&index=3&size=large', '/Cover/Show?source=Solr&id=kymenlaaksonmuseot.KarhE515%3A10&index=4&size=large']","[{'name': 'Karhulan lasitehdas', 'role': 'valmistaja'}, {'name': 'Göran Hongell', 'role': 'suunnittelija'}]","[['tarjoiluastiat'], ['jalalliset astiat'], ['maljat'], ['kulhot'], ['323 perusraaka-aineiden jalostus keramiikka- ja lasiteollisuus'], ['264 ruoan nauttiminen ruokailu']]",jalallinen kulho; 4430; Silko,1937.0,Göran Hongell,13
604,kymenlaaksonmuseot.KarhE515:12,"['/Cover/Show?source=Solr&id=kymenlaaksonmuseot.KarhE515%3A12&index=0&size=large', '/Cover/Show?source=Solr&id=kymenlaaksonmuseot.KarhE515%3A12&index=1&size=large', '/Cover/Show?source=Solr&id=kymenlaaksonmuseot.KarhE515%3A12&index=2&size=large', '/Cover/Show?source=Solr&id=kymenlaaksonmuseot.KarhE515%3A12&index=3&size=large', '/Cover/Show?source=Solr&id=kymenlaaksonmuseot.KarhE515%3A12&index=4&size=large']","[{'name': 'Karhulan lasitehdas', 'role': 'valmistaja'}, {'name': 'Göran Hongell', 'role': 'suunnittelija'}]","[['tarjoiluastiat'], ['jalalliset astiat'], ['maljat'], ['kulhot'], ['323 perusraaka-aineiden jalostus keramiikka- ja lasiteollisuus'], ['264 ruoan nauttiminen ruokailu']]",jalallinen kulho; 4430; Silko,1937.0,Göran Hongell,13
605,kymenlaaksonmuseot.KarhE515:13,"['/Cover/Show?source=Solr&id=kymenlaaksonmuseot.KarhE515%3A13&index=0&size=large', '/Cover/Show?source=Solr&id=kymenlaaksonmuseot.KarhE515%3A13&index=1&size=large', '/Cover/Show?source=Solr&id=kymenlaaksonmuseot.KarhE515%3A13&index=2&size=large', '/Cover/Show?source=Solr&id=kymenlaaksonmuseot.KarhE515%3A13&index=3&size=large', '/Cover/Show?source=Solr&id=kymenlaaksonmuseot.KarhE515%3A13&index=4&size=large']","[{'name': 'Karhulan lasitehdas', 'role': 'valmistaja'}, {'name': 'Göran Hongell', 'role': 'suunnittelija'}]","[['maljat'], ['kulhot'], ['tarjoiluastiat'], ['jalalliset astiat'], ['323 perusraaka-aineiden jalostus keramiikka- ja lasiteollisuus'], ['264 ruoan nauttiminen ruokailu']]",jalallinen kulho; 4429; Silko,1937.0,Göran Hongell,13
606,kymenlaaksonmuseot.KarhE515:14,"['/Cover/Show?source=Solr&id=kymenlaaksonmuseot.KarhE515%3A14&index=0&size=large', '/Cover/Show?source=Solr&id=kymenlaaksonmuseot.KarhE515%3A14&index=1&size=large', '/Cover/Show?source=Solr&id=kymenlaaksonmuseot.KarhE515%3A14&index=2&size=large', '/Cover/Show?source=Solr&id=kymenlaaksonmuseot.KarhE515%3A14&index=3&size=large', '/Cover/Show?source=Solr&id=kymenlaaksonmuseot.KarhE515%3A14&index=4&size=large']","[{'name': 'Karhulan lasitehdas', 'role': 'valmistaja'}, {'name': 'Göran Hongell', 'role': 'suunnittelija'}]","[['maljat'], ['kulhot'], ['jalalliset astiat'], ['tarjoiluastiat'], ['264 ruoan nauttiminen ruokailu'], ['323 perusraaka-aineiden jalostus keramiikka- ja lasiteollisuus']]",jalallinen kulho; 4429; Silko,1937.0,Göran Hongell,13
607,kymenlaaksonmuseot.KarhE515:16,"['/Cover/Show?source=Solr&id=kymenlaaksonmuseot.KarhE515%3A16&index=0&size=large', '/Cover/Show?source=Solr&id=kymenlaaksonmuseot.KarhE515%3A16&index=1&size=large', '/Cover/Show?source=Solr&id=kymenlaaksonmuseot.KarhE515%3A16&index=2&size=large', '/Cover/Show?source=Solr&id=kymenlaaksonmuseot.KarhE515%3A16&index=3&size=large', '/Cover/Show?source=Solr&id=kymenlaaksonmuseot.KarhE515%3A16&index=4&size=large', '/Cover/Show?source=Solr&id=kymenlaaksonmuseot.KarhE515%3A16&index=5&size=large']","[{'name': 'Göran Hongell', 'role': 'suunnittelija'}, {'name': 'Karhulan lasitehdas', 'role': 'valmistaja'}]","[['maljat'], ['kulhot'], ['jalalliset astiat'], ['tarjoiluastiat'], ['264 ruoan nauttiminen ruokailu'], ['323 perusraaka-aineiden jalostus keramiikka- ja lasiteollisuus']]",jalallinen kulho; 4429; Silko,1937.0,Göran Hongell,13
608,kymenlaaksonmuseot.KarhE515:17,"['/Cover/Show?source=Solr&id=kymenlaaksonmuseot.KarhE515%3A17&index=0&size=large', '/Cover/Show?source=Solr&id=kymenlaaksonmuseot.KarhE515%3A17&index=1&size=large', '/Cover/Show?source=Solr&id=kymenlaaksonmuseot.KarhE515%3A17&index=2&size=large', '/Cover/Show?source=Solr&id=kymenlaaksonmuseot.KarhE515%3A17&index=3&size=large', '/Cover/Show?source=Solr&id=kymenlaaksonmuseot.KarhE515%3A17&index=4&size=large', '/Cover/Show?source=Solr&id=kymenlaaksonmuseot.KarhE515%3A17&index=5&size=large', '/Cover/Show?source=Solr&id=kymenlaaksonmuseot.KarhE515%3A17&index=6&size=large']","[{'name': 'Karhulan lasitehdas', 'role': 'valmistaja'}, {'name': 'Göran Hongell', 'role': 'suunnittelija'}]","[['kaatimet'], ['kannut'], ['272 juomat'], ['huumaavat ja nautintoaineet juomat'], ['323 perusraaka-aineiden jalostus keramiikka- ja lasiteollisuus']]",kaadin; 4649; Silko,1937.0,Göran Hongell,13
609,kymenlaaksonmuseot.KarhE515:18,"['/Cover/Show?source=Solr&id=kymenlaaksonmuseot.KarhE515%3A18&index=0&size=large', '/Cover/Show?source=Solr&id=kymenlaaksonmuseot.KarhE515%3A18&index=1&size=large', '/Cover/Show?source=Solr&id=kymenlaaksonmuseot.KarhE515%3A18&index=2&size=large', '/Cover/Show?source=Solr&id=kymenlaaksonmuseot.KarhE515%3A18&index=3&size=large', '/Cover/Show?source=Solr&id=kymenlaaksonmuseot.KarhE515%3A18&index=4&size=large']","[{'name': 'Karhulan lasitehdas', 'role': 'valmistaja'}, {'name': 'Göran Hongell', 'role': 'suunnittelija'}]","[['kaatimet'], ['kannut'], ['272 juomat'], ['huumaavat ja nautintoaineet juomat'], ['323 perusraaka-aineiden jalostus keramiikka- ja lasiteollisuus']]",kaadin; 4649; Silko,1937.0,Göran Hongell,13
610,kymenlaaksonmuseot.KarhE515:19,"['/Cover/Show?source=Solr&id=kymenlaaksonmuseot.KarhE515%3A19&index=0&size=large', '/Cover/Show?source=Solr&id=kymenlaaksonmuseot.KarhE515%3A19&index=1&size=large', '/Cover/Show?source=Solr&id=kymenlaaksonmuseot.KarhE515%3A19&index=2&size=large', '/Cover/Show?source=Solr&id=kymenlaaksonmuseot.KarhE515%3A19&index=3&size=large', '/Cover/Show?source=Solr&id=kymenlaaksonmuseot.KarhE515%3A19&index=4&size=large']","[{'name': 'Göran Hongell', 'role': 'suunnittelija'}, {'name': 'Karhulan lasitehdas', 'role': 'valmistaja'}]","[['tarjoiluastiat'], ['lautaset (astiat)'], ['323 perusraaka-aineiden jalostus keramiikka- ja lasiteollisuus'], ['264 ruoan nauttiminen ruokailu']]",lautanen; 4227; Silko,1937.0,Göran Hongell,13
611,kymenlaaksonmuseot.KarhE515:20,"['/Cover/Show?source=Solr&id=kymenlaaksonmuseot.KarhE515%3A20&index=0&size=large', '/Cover/Show?source=Solr&id=kymenlaaksonmuseot.KarhE515%3A20&index=1&size=large', '/Cover/Show?source=Solr&id=kymenlaaksonmuseot.KarhE515%3A20&index=2&size=large', '/Cover/Show?source=Solr&id=kymenlaaksonmuseot.KarhE515%3A20&index=3&size=large', '/Cover/Show?source=Solr&id=kymenlaaksonmuseot.KarhE515%3A20&index=4&size=large']","[{'name': 'Göran Hongell', 'role': 'suunnittelija'}, {'name': 'Karhulan lasitehdas', 'role': 'valmistaja'}]","[['lautaset (astiat)'], ['323 perusraaka-aineiden jalostus keramiikka- ja lasiteollisuus'], ['264 ruoan nauttiminen ruokailu']]",lautanen; 4228; Silko,1937.0,Göran Hongell,13
612,kymenlaaksonmuseot.KarhE515:23,"['/Cover/Show?source=Solr&id=kymenlaaksonmuseot.KarhE515%3A23&index=0&size=large', '/Cover/Show?source=Solr&id=kymenlaaksonmuseot.KarhE515%3A23&index=1&size=large', '/Cover/Show?source=Solr&id=kymenlaaksonmuseot.KarhE515%3A23&index=2&size=large', '/Cover/Show?source=Solr&id=kymenlaaksonmuseot.KarhE515%3A23&index=3&size=large', '/Cover/Show?source=Solr&id=kymenlaaksonmuseot.KarhE515%3A23&index=4&size=large']","[{'name': 'Karhulan lasitehdas', 'role': 'valmistaja'}, {'name': 'Göran Hongell', 'role': 'suunnittelija'}]","[['kaatimet'], ['kannut'], ['323 perusraaka-aineiden jalostus keramiikka- ja lasiteollisuus'], ['272 juomat'], ['huumaavat ja nautintoaineet juomat']]",kaadin; 4649; Silko,1937.0,Göran Hongell,13
613,kymenlaaksonmuseot.KarhE515:24,"['/Cover/Show?source=Solr&id=kymenlaaksonmuseot.KarhE515%3A24&index=0&size=large', '/Cover/Show?source=Solr&id=kymenlaaksonmuseot.KarhE515%3A24&index=1&size=large', '/Cover/Show?source=Solr&id=kymenlaaksonmuseot.KarhE515%3A24&index=2&size=large', '/Cover/Show?source=Solr&id=kymenlaaksonmuseot.KarhE515%3A24&index=3&size=large', '/Cover/Show?source=Solr&id=kymenlaaksonmuseot.KarhE515%3A24&index=4&size=large']","[{'name': 'Göran Hongell', 'role': 'suunnittelija'}, {'name': 'Karhulan lasitehdas', 'role': 'valmistaja'}]","[['lautaset (astiat)'], ['323 perusraaka-aineiden jalostus keramiikka- ja lasiteollisuus'], ['264 ruoan nauttiminen ruokailu']]",lautanen; 4227; Silko,1937.0,Göran Hongell,13
614,kymenlaaksonmuseot.KarhE515:25,"['/Cover/Show?source=Solr&id=kymenlaaksonmuseot.KarhE515%3A25&index=0&size=large', '/Cover/Show?source=Solr&id=kymenlaaksonmuseot.KarhE515%3A25&index=1&size=large', '/Cover/Show?source=Solr&id=kymenlaaksonmuseot.KarhE515%3A25&index=2&size=large', '/Cover/Show?source=Solr&id=kymenlaaksonmuseot.KarhE515%3A25&index=3&size=large', '/Cover/Show?source=Solr&id=kymenlaaksonmuseot.KarhE515%3A25&index=4&size=large']","[{'name': 'Göran Hongell', 'role': 'suunnittelija'}, {'name': 'Karhulan lasitehdas', 'role': 'valmistaja'}]","[['lautaset (astiat)'], ['264 ruoan nauttiminen ruokailu'], ['323 perusraaka-aineiden jalostus keramiikka- ja lasiteollisuus']]",lautanen; 4227; Silko,1937.0,Göran Hongell,13
615,kymenlaaksonmuseot.KarhE515:4,"['/Cover/Show?source=Solr&id=kymenlaaksonmuseot.KarhE515%3A4&index=0&size=large', '/Cover/Show?source=Solr&id=kymenlaaksonmuseot.KarhE515%3A4&index=1&size=large', '/Cover/Show?source=Solr&id=kymenlaaksonmuseot.KarhE515%3A4&index=2&size=large', '/Cover/Show?source=Solr&id=kymenlaaksonmuseot.KarhE515%3A4&index=3&size=large', '/Cover/Show?source=Solr&id=kymenlaaksonmuseot.KarhE515%3A4&index=4&size=large']","[{'name': 'Karhulan lasitehdas', 'role': 'valmistaja'}, {'name': 'Göran Hongell', 'role': 'suunnittelija'}]","[['kaatimet'], ['kannut'], ['323 perusraaka-aineiden jalostus keramiikka- ja lasiteollisuus'], ['272 juomat'], ['huumaavat ja nautintoaineet juomat']]",kaadin; 4649; Silko,1937.0,Göran Hongell,13
616,kymenlaaksonmuseot.KarhE515:7,"['/Cover/Show?source=Solr&id=kymenlaaksonmuseot.KarhE515%3A7&index=0&size=large', '/Cover/Show?source=Solr&id=kymenlaaksonmuseot.KarhE515%3A7&index=1&size=large', '/Cover/Show?source=Solr&id=kymenlaaksonmuseot.KarhE515%3A7&index=2&size=large', '/Cover/Show?source=Solr&id=kymenlaaksonmuseot.KarhE515%3A7&index=3&size=large', '/Cover/Show?source=Solr&id=kymenlaaksonmuseot.KarhE515%3A7&index=4&size=large']","[{'name': 'Karhulan lasitehdas', 'role': 'valmistaja'}, {'name': 'Göran Hongell', 'role': 'suunnittelija'}]","[['kulhot'], ['maljat'], ['323 perusraaka-aineiden jalostus keramiikka- ja lasiteollisuus'], ['264 ruoan nauttiminen ruokailu']]",kulho; 4327; Silko,1937.0,Göran Hongell,13
617,kymenlaaksonmuseot.KarhE941:1,"['/Cover/Show?source=Solr&id=kymenlaaksonmuseot.KarhE941%3A1&index=0&size=large', '/Cover/Show?source=Solr&id=kymenlaaksonmuseot.KarhE941%3A1&index=1&size=large']","[{'name': 'Karhulan lasitehdas', 'role': 'valmistaja'}, {'name': 'Toivo Rusko', 'role': 'kaivertaja'}, {'name': 'Jalmari Lehto', 'role': 'kaivertaja'}, {'name': 'Göran Hongell', 'role': 'suunnittelija'}]","[['maljakot'], ['353 rakennusten varustus'], ['hoito ja palveluskunta sisustaminen ja sisustustekstilit'], ['323 perusraaka-aineiden jalostus keramiikka- ja lasiteollisuus'], ['531 taiteet taidekäsityö ja muotoilu']]",maljakko; 3364 / 3031; Tyttö ja poika,1937.0,Göran Hongell,13
618,kymenlaaksonmuseot.KarhE941:2,"['/Cover/Show?source=Solr&id=kymenlaaksonmuseot.KarhE941%3A2&index=0&size=large', '/Cover/Show?source=Solr&id=kymenlaaksonmuseot.KarhE941%3A2&index=1&size=large']","[{'name': 'Karhulan lasitehdas', 'role': 'valmistaja'}, {'name': 'Jalmari Lehto', 'role': 'kaivertaja'}, {'name': 'Toivo Rusko', 'role': 'kaivertaja'}, {'name': 'Göran Hongell', 'role': 'suunnittelija'}]","[['maljakot'], ['323 perusraaka-aineiden jalostus keramiikka- ja lasiteollisuus'], ['353 rakennusten varustus'], ['hoito ja palveluskunta sisustaminen ja sisustustekstilit'], ['531 taiteet taidekäsityö ja muotoilu']]",maljakko; 3364 / 3031; Tyttö ja poika,1937.0,Göran Hongell,13
619,kymenlaaksonmuseot.KarhE948:1,"['/Cover/Show?source=Solr&id=kymenlaaksonmuseot.KarhE948%3A1&index=0&size=large', '/Cover/Show?source=Solr&id=kymenlaaksonmuseot.KarhE948%3A1&index=1&size=large', '/Cover/Show?source=Solr&id=kymenlaaksonmuseot.KarhE948%3A1&index=2&size=large', '/Cover/Show?source=Solr&id=kymenlaaksonmuseot.KarhE948%3A1&index=3&size=large', '/Cover/Show?source=Solr&id=kymenlaaksonmuseot.KarhE948%3A1&index=4&size=large', '/Cover/Show?source=Solr&id=kymenlaaksonmuseot.KarhE948%3A1&index=5&size=large', '/Cover/Show?source=Solr&id=kymenlaaksonmuseot.KarhE948%3A1&index=6&size=large', '/Cover/Show?source=Solr&id=kymenlaaksonmuseot.KarhE948%3A1&index=7&size=large']","[{'name': 'Göran Hongell', 'role': 'suunnittelija'}, {'name': 'Jalmari Lehto', 'role': 'kaivertaja'}, {'name': 'Karhulan lasitehdas', 'role': 'valmistaja'}]","[['maljat'], ['353 rakennusten varustus'], ['hoito ja palveluskunta sisustaminen ja sisustustekstilit'], ['531 taiteet taidekäsityö ja muotoilu'], ['323 perusraaka-aineiden jalostus keramiikka- ja lasiteollisuus']]",malja; Hylkeenpyynti; 5026,1937.0,Göran Hongell,13
620,kymenlaaksonmuseot.KarhE949:1,"['/Cover/Show?source=Solr&id=kymenlaaksonmuseot.KarhE949%3A1&index=0&size=large', '/Cover/Show?source=Solr&id=kymenlaaksonmuseot.KarhE949%3A1&index=1&size=large', '/Cover/Show?source=Solr&id=kymenlaaksonmuseot.KarhE949%3A1&index=2&size=large']","[{'name': 'Göran Hongell', 'role': 'suunnittelija'}, {'name': 'Jalmari Lehto', 'role': 'kaivertaja'}, {'name': 'Karhulan lasitehdas', 'role': 'valmistaja'}]","[['maljakot'], ['353 rakennusten varustus'], ['hoito ja palveluskunta sisustaminen ja sisustustekstilit'], ['531 taiteet taidekäsityö ja muotoilu'], ['323 perusraaka-aineiden jalostus keramiikka- ja lasiteollisuus']]",maljakko; Elonkorjuu; 9655/ 3168,1937.0,Göran Hongell,13
621,kymenlaaksonmuseot.KarhE950:1,"['/Cover/Show?source=Solr&id=kymenlaaksonmuseot.KarhE950%3A1&index=0&size=large', '/Cover/Show?source=Solr&id=kymenlaaksonmuseot.KarhE950%3A1&index=1&size=large']","[{'name': 'Göran Hongell', 'role': 'suunnittelija'}, {'name': 'Karhulan lasitehdas', 'role': 'valmistaja'}]","[['maljat'], ['jalalliset astiat'], ['kulhot'], ['353 rakennusten varustus'], ['hoito ja palveluskunta sisustaminen ja sisustustekstilit'], ['323 perusraaka-aineiden jalostus keramiikka- ja lasiteollisuus'], ['531 taiteet taidekäsityö ja muotoilu']]",jalallinen malja; 9342,1937.0,Göran Hongell,13
622,kymenlaaksonmuseot.KarhE950:2,"['/Cover/Show?source=Solr&id=kymenlaaksonmuseot.KarhE950%3A2&index=0&size=large', '/Cover/Show?source=Solr&id=kymenlaaksonmuseot.KarhE950%3A2&index=1&size=large', '/Cover/Show?source=Solr&id=kymenlaaksonmuseot.KarhE950%3A2&index=2&size=large', '/Cover/Show?source=Solr&id=kymenlaaksonmuseot.KarhE950%3A2&index=3&size=large', '/Cover/Show?source=Solr&id=kymenlaaksonmuseot.KarhE950%3A2&index=4&size=large', '/Cover/Show?source=Solr&id=kymenlaaksonmuseot.KarhE950%3A2&index=5&size=large', '/Cover/Show?source=Solr&id=kymenlaaksonmuseot.KarhE950%3A2&index=6&size=large', '/Cover/Show?source=Solr&id=kymenlaaksonmuseot.KarhE950%3A2&index=7&size=large']","[{'name': 'Göran Hongell', 'role': 'suunnittelija'}, {'name': 'Karhulan lasitehdas', 'role': 'valmistaja'}]","[['jalalliset astiat'], ['maljat'], ['kulhot'], ['323 perusraaka-aineiden jalostus keramiikka- ja lasiteollisuus'], ['353 rakennusten varustus'], ['hoito ja palveluskunta sisustaminen ja sisustustekstilit'], ['531 taiteet taidekäsityö ja muotoilu']]",jalallinen malja; 9342,1937.0,Göran Hongell,13
623,kymenlaaksonmuseot.KarhE964:1,"['/Cover/Show?source=Solr&id=kymenlaaksonmuseot.KarhE964%3A1&index=0&size=large', '/Cover/Show?source=Solr&id=kymenlaaksonmuseot.KarhE964%3A1&index=1&size=large']","[{'name': 'Karhulan lasitehdas', 'role': 'valmistaja'}, {'name': 'Göran Hongell', 'role': 'suunnittelija'}]","[['lasitehtaat'], ['maljakot'], ['lasinpuhallus'], ['323 keramiikka- ja lasiteollisuus']]",maljakko; hiottu kristallimaljakko,1937.0,Göran Hongell,13
624,kymenlaaksonmuseot.KarhE978:1,"['/Cover/Show?source=Solr&id=kymenlaaksonmuseot.KarhE978%3A1&index=0&size=large', '/Cover/Show?source=Solr&id=kymenlaaksonmuseot.KarhE978%3A1&index=1&size=large', '/Cover/Show?source=Solr&id=kymenlaaksonmuseot.KarhE978%3A1&index=2&size=large', '/Cover/Show?source=Solr&id=kymenlaaksonmuseot.KarhE978%3A1&index=3&size=large', '/Cover/Show?source=Solr&id=kymenlaaksonmuseot.KarhE978%3A1&index=4&size=large', '/Cover/Show?source=Solr&id=kymenlaaksonmuseot.KarhE978%3A1&index=5&size=large']","[{'name': 'Karhulan lasitehdas', 'role': 'valmistaja'}, {'name': 'Göran Hongell', 'role': 'suunnittelija'}]","[['maljat'], ['jälkiruoka-astiat'], ['531 taiteet taidekäsityö ja muotoilu'], ['323 perusraaka-aineiden jalostus keramiikka- ja lasiteollisuus'], ['264 ruoan nauttiminen ruokailu']]",jälkiruokamalja; 2093,1937.0,Göran Hongell,13
625,kymenlaaksonmuseot.KarhE983:1,"['/Cover/Show?source=Solr&id=kymenlaaksonmuseot.KarhE983%3A1&index=0&size=large', '/Cover/Show?source=Solr&id=kymenlaaksonmuseot.KarhE983%3A1&index=1&size=large', '/Cover/Show?source=Solr&id=kymenlaaksonmuseot.KarhE983%3A1&index=2&size=large', '/Cover/Show?source=Solr&id=kymenlaaksonmuseot.KarhE983%3A1&index=3&size=large']","[{'name': 'Göran Hongell', 'role': 'suunnittelija'}, {'name': 'Hugo Rask', 'role': 'puhaltaja'}, {'name': 'Karhulan lasitehdas', 'role': 'valmistaja'}]","[['maljat'], ['353 rakennusten varustus'], ['hoito ja palveluskunta sisustaminen ja sisustustekstilit'], ['531 taiteet taidekäsityö ja muotoilu'], ['323 perusraaka-aineiden jalostus keramiikka- ja lasiteollisuus']]",malja,1937.0,Göran Hongell,13
626,kymenlaaksonmuseot.KarhE987:1,"['/Cover/Show?source=Solr&id=kymenlaaksonmuseot.KarhE987%3A1&index=0&size=large', '/Cover/Show?source=Solr&id=kymenlaaksonmuseot.KarhE987%3A1&index=1&size=large', '/Cover/Show?source=Solr&id=kymenlaaksonmuseot.KarhE987%3A1&index=2&size=large', '/Cover/Show?source=Solr&id=kymenlaaksonmuseot.KarhE987%3A1&index=3&size=large']","[{'name': 'Göran Hongell', 'role': 'suunnittelija'}, {'name': 'Hugo Rask', 'role': 'puhaltaja'}, {'name': 'Karhulan lasitehdas', 'role': 'valmistaja'}]","[['maljat'], ['323 perusraaka-aineiden jalostus keramiikka- ja lasiteollisuus'], ['531 taiteet taidekäsityö ja muotoilu'], ['353 rakennusten varustus'], ['hoito ja palveluskunta sisustaminen ja sisustustekstilit']]",malja; 6251,1937.0,Göran Hongell,13
627,kymenlaaksonmuseot.KarhE1008:1,"['/Cover/Show?source=Solr&id=kymenlaaksonmuseot.KarhE1008%3A1&index=0&size=large', '/Cover/Show?source=Solr&id=kymenlaaksonmuseot.KarhE1008%3A1&index=1&size=large', '/Cover/Show?source=Solr&id=kymenlaaksonmuseot.KarhE1008%3A1&index=2&size=large', '/Cover/Show?source=Solr&id=kymenlaaksonmuseot.KarhE1008%3A1&index=3&size=large', '/Cover/Show?source=Solr&id=kymenlaaksonmuseot.KarhE1008%3A1&index=4&size=large']","[{'name': 'Karhulan lasitehdas', 'role': 'valmistaja'}, {'name': 'Göran Hongell', 'role': 'suunnittelija'}]","[['maljat'], ['531 taiteet taidekäsityö ja muotoilu'], ['323 perusraaka-aineiden jalostus keramiikka- ja lasiteollisuus'], ['353 rakennusten varustus'], ['hoito ja palveluskunta sisustaminen ja sisustustekstilit']]",malja; 9735; GH-9,1938.0,Göran Hongell,13
628,kymenlaaksonmuseot.KarhE1008:2,"['/Cover/Show?source=Solr&id=kymenlaaksonmuseot.KarhE1008%3A2&index=0&size=large', '/Cover/Show?source=Solr&id=kymenlaaksonmuseot.KarhE1008%3A2&index=1&size=large', '/Cover/Show?source=Solr&id=kymenlaaksonmuseot.KarhE1008%3A2&index=2&size=large', '/Cover/Show?source=Solr&id=kymenlaaksonmuseot.KarhE1008%3A2&index=3&size=large', '/Cover/Show?source=Solr&id=kymenlaaksonmuseot.KarhE1008%3A2&index=4&size=large', '/Cover/Show?source=Solr&id=kymenlaaksonmuseot.KarhE1008%3A2&index=5&size=large']","[{'name': 'Karhulan lasitehdas', 'role': 'valmistaja'}, {'name': 'Göran Hongell', 'role': 'suunnittelija'}]","[['maljat'], ['353 rakennusten varustus'], ['hoito ja palveluskunta sisustaminen ja sisustustekstilit'], ['531 taiteet taidekäsityö ja muotoilu'], ['323 perusraaka-aineiden jalostus keramiikka- ja lasiteollisuus']]",malja; GH-9; 9735,1938.0,Göran Hongell,13
629,kymenlaaksonmuseot.KarhE1008:3,"['/Cover/Show?source=Solr&id=kymenlaaksonmuseot.KarhE1008%3A3&index=0&size=large', '/Cover/Show?source=Solr&id=kymenlaaksonmuseot.KarhE1008%3A3&index=1&size=large', '/Cover/Show?source=Solr&id=kymenlaaksonmuseot.KarhE1008%3A3&index=2&size=large', '/Cover/Show?source=Solr&id=kymenlaaksonmuseot.KarhE1008%3A3&index=3&size=large']","[{'name': 'Göran Hongell', 'role': 'suunnittelija'}, {'name': 'Karhulan lasitehdas', 'role': 'valmistaja'}]","[['maljat'], ['323 perusraaka-aineiden jalostus keramiikka- ja lasiteollisuus'], ['353 rakennusten varustus'], ['hoito ja palveluskunta sisustaminen ja sisustustekstilit'], ['531 taiteet taidekäsityö ja muotoilu']]",malja; 9735; GH-9,1938.0,Göran Hongell,13
630,kymenlaaksonmuseot.KarhE516:1,"['/Cover/Show?source=Solr&id=kymenlaaksonmuseot.KarhE516%3A1&index=0&size=large', '/Cover/Show?source=Solr&id=kymenlaaksonmuseot.KarhE516%3A1&index=1&size=large', '/Cover/Show?source=Solr&id=kymenlaaksonmuseot.KarhE516%3A1&index=2&size=large']","[{'name': 'Karhulan lasitehdas', 'role': 'valmistaja'}, {'name': 'Göran Hongell', 'role': 'suunnittelija'}]","[['kulhot'], ['323 perusraaka-aineiden jalostus keramiikka- ja lasiteollisuus'], ['264 ruoan nauttiminen ruokailu']]",kulho; 4334; Säde,1938.0,Göran Hongell,13
631,kymenlaaksonmuseot.KarhE516:11,"['/Cover/Show?source=Solr&id=kymenlaaksonmuseot.KarhE516%3A11&index=0&size=large', '/Cover/Show?source=Solr&id=kymenlaaksonmuseot.KarhE516%3A11&index=1&size=large', '/Cover/Show?source=Solr&id=kymenlaaksonmuseot.KarhE516%3A11&index=2&size=large', '/Cover/Show?source=Solr&id=kymenlaaksonmuseot.KarhE516%3A11&index=3&size=large', '/Cover/Show?source=Solr&id=kymenlaaksonmuseot.KarhE516%3A11&index=4&size=large']","[{'name': 'Karhulan lasitehdas', 'role': 'valmistaja'}, {'name': 'Göran Hongell', 'role': 'suunnittelija'}]","[['lautaset (astiat)'], ['323 perusraaka-aineiden jalostus keramiikka- ja lasiteollisuus'], ['264 ruoan nauttiminen ruokailu']]",lautanen; 4242; Säde,1938.0,Göran Hongell,13
632,kymenlaaksonmuseot.KarhE516:12,"['/Cover/Show?source=Solr&id=kymenlaaksonmuseot.KarhE516%3A12&index=0&size=large', '/Cover/Show?source=Solr&id=kymenlaaksonmuseot.KarhE516%3A12&index=1&size=large', '/Cover/Show?source=Solr&id=kymenlaaksonmuseot.KarhE516%3A12&index=2&size=large', '/Cover/Show?source=Solr&id=kymenlaaksonmuseot.KarhE516%3A12&index=3&size=large', '/Cover/Show?source=Solr&id=kymenlaaksonmuseot.KarhE516%3A12&index=4&size=large']","[{'name': 'Karhulan lasitehdas', 'role': 'valmistaja'}, {'name': 'Göran Hongell', 'role': 'suunnittelija'}]","[['lautaset (astiat)'], ['264 ruoan nauttiminen ruokailu'], ['323 perusraaka-aineiden jalostus keramiikka- ja lasiteollisuus']]",lautanen; 4242; Säde,1938.0,Göran Hongell,13
633,kymenlaaksonmuseot.KarhE516:13,"['/Cover/Show?source=Solr&id=kymenlaaksonmuseot.KarhE516%3A13&index=0&size=large', '/Cover/Show?source=Solr&id=kymenlaaksonmuseot.KarhE516%3A13&index=1&size=large', '/Cover/Show?source=Solr&id=kymenlaaksonmuseot.KarhE516%3A13&index=2&size=large', '/Cover/Show?source=Solr&id=kymenlaaksonmuseot.KarhE516%3A13&index=3&size=large', '/Cover/Show?source=Solr&id=kymenlaaksonmuseot.KarhE516%3A13&index=4&size=large']","[{'name': 'Göran Hongell', 'role': 'suunnittelija'}, {'name': 'Karhulan lasitehdas', 'role': 'valmistaja'}]","[['lautaset (astiat)'], ['323 perusraaka-aineiden jalostus keramiikka- ja lasiteollisuus'], ['264 ruoan nauttiminen ruokailu']]",lautanen; 4242; Säde,1938.0,Göran Hongell,13
634,kymenlaaksonmuseot.KarhE516:14,"['/Cover/Show?source=Solr&id=kymenlaaksonmuseot.KarhE516%3A14&index=0&size=large', '/Cover/Show?source=Solr&id=kymenlaaksonmuseot.KarhE516%3A14&index=1&size=large', '/Cover/Show?source=Solr&id=kymenlaaksonmuseot.KarhE516%3A14&index=2&size=large', '/Cover/Show?source=Solr&id=kymenlaaksonmuseot.KarhE516%3A14&index=3&size=large', '/Cover/Show?source=Solr&id=kymenlaaksonmuseot.KarhE516%3A14&index=4&size=large']","[{'name': 'Karhulan lasitehdas', 'role': 'valmistaja'}, {'name': 'Göran Hongell', 'role': 'suunnittelija'}]","[['lautaset (astiat)'], ['264 ruoan nauttiminen ruokailu'], ['323 perusraaka-aineiden jalostus keramiikka- ja lasiteollisuus']]",lautanen; 4242; Säde,1938.0,Göran Hongell,13
635,kymenlaaksonmuseot.KarhE516:16,"['/Cover/Show?source=Solr&id=kymenlaaksonmuseot.KarhE516%3A16&index=0&size=large', '/Cover/Show?source=Solr&id=kymenlaaksonmuseot.KarhE516%3A16&index=1&size=large', '/Cover/Show?source=Solr&id=kymenlaaksonmuseot.KarhE516%3A16&index=2&size=large', '/Cover/Show?source=Solr&id=kymenlaaksonmuseot.KarhE516%3A16&index=3&size=large', '/Cover/Show?source=Solr&id=kymenlaaksonmuseot.KarhE516%3A16&index=4&size=large']","[{'name': 'Göran Hongell', 'role': 'suunnittelija'}, {'name': 'Karhulan lasitehdas', 'role': 'valmistaja'}]","[['lautaset (astiat)'], ['323 perusraaka-aineiden jalostus keramiikka- ja lasiteollisuus'], ['264 ruoan nauttiminen ruokailu']]",lautanen; 4242; Säde,1938.0,Göran Hongell,13
636,kymenlaaksonmuseot.KarhE516:18,"['/Cover/Show?source=Solr&id=kymenlaaksonmuseot.KarhE516%3A18&index=0&size=large', '/Cover/Show?source=Solr&id=kymenlaaksonmuseot.KarhE516%3A18&index=1&size=large', '/Cover/Show?source=Solr&id=kymenlaaksonmuseot.KarhE516%3A18&index=2&size=large', '/Cover/Show?source=Solr&id=kymenlaaksonmuseot.KarhE516%3A18&index=3&size=large', '/Cover/Show?source=Solr&id=kymenlaaksonmuseot.KarhE516%3A18&index=4&size=large', '/Cover/Show?source=Solr&id=kymenlaaksonmuseot.KarhE516%3A18&index=5&size=large', '/Cover/Show?source=Solr&id=kymenlaaksonmuseot.KarhE516%3A18&index=6&size=large']","[{'name': 'Göran Hongell', 'role': 'suunnittelija'}, {'name': 'Karhulan lasitehdas', 'role': 'valmistaja'}]","[['lautaset (astiat)'], ['264 ruoan nauttiminen ruokailu'], ['323 perusraaka-aineiden jalostus keramiikka- ja lasiteollisuus']]",lautanen; 4242; Säde,1938.0,Göran Hongell,13
637,kymenlaaksonmuseot.KarhE516:2,"['/Cover/Show?source=Solr&id=kymenlaaksonmuseot.KarhE516%3A2&index=0&size=large', '/Cover/Show?source=Solr&id=kymenlaaksonmuseot.KarhE516%3A2&index=1&size=large', '/Cover/Show?source=Solr&id=kymenlaaksonmuseot.KarhE516%3A2&index=2&size=large', '/Cover/Show?source=Solr&id=kymenlaaksonmuseot.KarhE516%3A2&index=3&size=large', '/Cover/Show?source=Solr&id=kymenlaaksonmuseot.KarhE516%3A2&index=4&size=large']","[{'name': 'Göran Hongell', 'role': 'suunnittelija'}, {'name': 'Karhulan lasitehdas', 'role': 'valmistaja'}]","[['tarjoiluastiat'], ['jalalliset astiat'], ['kulhot'], ['maljat'], ['264 ruoan nauttiminen ruokailu'], ['323 perusraaka-aineiden jalostus keramiikka- ja lasiteollisuus']]",jalallinen malja; 4437; Säde,1938.0,Göran Hongell,13
638,kymenlaaksonmuseot.KarhE516:20,"['/Cover/Show?source=Solr&id=kymenlaaksonmuseot.KarhE516%3A20&index=0&size=large', '/Cover/Show?source=Solr&id=kymenlaaksonmuseot.KarhE516%3A20&index=1&size=large', '/Cover/Show?source=Solr&id=kymenlaaksonmuseot.KarhE516%3A20&index=2&size=large', '/Cover/Show?source=Solr&id=kymenlaaksonmuseot.KarhE516%3A20&index=3&size=large', '/Cover/Show?source=Solr&id=kymenlaaksonmuseot.KarhE516%3A20&index=4&size=large']","[{'name': 'Göran Hongell', 'role': 'suunnittelija'}, {'name': 'Karhulan lasitehdas', 'role': 'valmistaja'}]","[['lautaset (astiat)'], ['264 ruoan nauttiminen ruokailu'], ['323 perusraaka-aineiden jalostus keramiikka- ja lasiteollisuus']]",lautanen; 4243; Säde,1938.0,Göran Hongell,13
639,kymenlaaksonmuseot.KarhE516:21,"['/Cover/Show?source=Solr&id=kymenlaaksonmuseot.KarhE516%3A21&index=0&size=large', '/Cover/Show?source=Solr&id=kymenlaaksonmuseot.KarhE516%3A21&index=1&size=large', '/Cover/Show?source=Solr&id=kymenlaaksonmuseot.KarhE516%3A21&index=2&size=large', '/Cover/Show?source=Solr&id=kymenlaaksonmuseot.KarhE516%3A21&index=3&size=large', '/Cover/Show?source=Solr&id=kymenlaaksonmuseot.KarhE516%3A21&index=4&size=large']","[{'name': 'Göran Hongell', 'role': 'suunnittelija'}, {'name': 'Karhulan lasitehdas', 'role': 'valmistaja'}]","[['lautaset (astiat)'], ['264 ruoan nauttiminen ruokailu'], ['323 perusraaka-aineiden jalostus keramiikka- ja lasiteollisuus']]",lautanen; 4243; Säde,1938.0,Göran Hongell,13
640,kymenlaaksonmuseot.KarhE516:24,"['/Cover/Show?source=Solr&id=kymenlaaksonmuseot.KarhE516%3A24&index=0&size=large', '/Cover/Show?source=Solr&id=kymenlaaksonmuseot.KarhE516%3A24&index=1&size=large', '/Cover/Show?source=Solr&id=kymenlaaksonmuseot.KarhE516%3A24&index=2&size=large', '/Cover/Show?source=Solr&id=kymenlaaksonmuseot.KarhE516%3A24&index=3&size=large', '/Cover/Show?source=Solr&id=kymenlaaksonmuseot.KarhE516%3A24&index=4&size=large']","[{'name': 'Göran Hongell', 'role': 'suunnittelija'}, {'name': 'Karhulan lasitehdas', 'role': 'valmistaja'}]","[['lautaset (astiat)'], ['264 ruoan nauttiminen ruokailu'], ['323 perusraaka-aineiden jalostus keramiikka- ja lasiteollisuus']]",lautanen; 4243; Säde,1938.0,Göran Hongell,13
641,kymenlaaksonmuseot.KarhE516:25,"['/Cover/Show?source=Solr&id=kymenlaaksonmuseot.KarhE516%3A25&index=0&size=large', '/Cover/Show?source=Solr&id=kymenlaaksonmuseot.KarhE516%3A25&index=1&size=large', '/Cover/Show?source=Solr&id=kymenlaaksonmuseot.KarhE516%3A25&index=2&size=large', '/Cover/Show?source=Solr&id=kymenlaaksonmuseot.KarhE516%3A25&index=3&size=large', '/Cover/Show?source=Solr&id=kymenlaaksonmuseot.KarhE516%3A25&index=4&size=large']","[{'name': 'Göran Hongell', 'role': 'suunnittelija'}, {'name': 'Karhulan lasitehdas', 'role': 'valmistaja'}]","[['lautaset (astiat)'], ['264 ruoan nauttiminen ruokailu'], ['323 perusraaka-aineiden jalostus keramiikka- ja lasiteollisuus']]",lautanen; 4243; Säde,1938.0,Göran Hongell,13
642,kymenlaaksonmuseot.KarhE516:36,"['/Cover/Show?source=Solr&id=kymenlaaksonmuseot.KarhE516%3A36&index=0&size=large', '/Cover/Show?source=Solr&id=kymenlaaksonmuseot.KarhE516%3A36&index=1&size=large', '/Cover/Show?source=Solr&id=kymenlaaksonmuseot.KarhE516%3A36&index=2&size=large', '/Cover/Show?source=Solr&id=kymenlaaksonmuseot.KarhE516%3A36&index=3&size=large', '/Cover/Show?source=Solr&id=kymenlaaksonmuseot.KarhE516%3A36&index=4&size=large']","[{'name': 'Göran Hongell', 'role': 'suunnittelija'}, {'name': 'Karhulan lasitehdas', 'role': 'valmistaja'}]","[['kulhot'], ['maljat'], ['264 ruoan nauttiminen ruokailu'], ['323 perusraaka-aineiden jalostus keramiikka- ja lasiteollisuus']]",kulho; 4334; Säde,1938.0,Göran Hongell,13
643,kymenlaaksonmuseot.KarhE516:37,"['/Cover/Show?source=Solr&id=kymenlaaksonmuseot.KarhE516%3A37&index=0&size=large', '/Cover/Show?source=Solr&id=kymenlaaksonmuseot.KarhE516%3A37&index=1&size=large', '/Cover/Show?source=Solr&id=kymenlaaksonmuseot.KarhE516%3A37&index=2&size=large', '/Cover/Show?source=Solr&id=kymenlaaksonmuseot.KarhE516%3A37&index=3&size=large', '/Cover/Show?source=Solr&id=kymenlaaksonmuseot.KarhE516%3A37&index=4&size=large', '/Cover/Show?source=Solr&id=kymenlaaksonmuseot.KarhE516%3A37&index=5&size=large']","[{'name': 'Göran Hongell', 'role': 'suunnittelija'}, {'name': 'Karhulan lasitehdas', 'role': 'valmistaja'}]","[['maljat'], ['kulhot'], ['323 perusraaka-aineiden jalostus keramiikka- ja lasiteollisuus'], ['264 ruoan nauttiminen ruokailu']]",kulho; 4334; Säde,1938.0,Göran Hongell,13
644,kymenlaaksonmuseot.KarhE516:38,"['/Cover/Show?source=Solr&id=kymenlaaksonmuseot.KarhE516%3A38&index=0&size=large', '/Cover/Show?source=Solr&id=kymenlaaksonmuseot.KarhE516%3A38&index=1&size=large', '/Cover/Show?source=Solr&id=kymenlaaksonmuseot.KarhE516%3A38&index=2&size=large', '/Cover/Show?source=Solr&id=kymenlaaksonmuseot.KarhE516%3A38&index=3&size=large', '/Cover/Show?source=Solr&id=kymenlaaksonmuseot.KarhE516%3A38&index=4&size=large']","[{'name': 'Karhulan lasitehdas', 'role': 'valmistaja'}, {'name': 'Göran Hongell', 'role': 'suunnittelija'}]","[['kulhot'], ['maljat'], ['323 perusraaka-aineiden jalostus keramiikka- ja lasiteollisuus'], ['264 ruoan nauttiminen ruokailu']]",kulho; 4334; Säde,1938.0,Göran Hongell,13
645,kymenlaaksonmuseot.KarhE516:39,"['/Cover/Show?source=Solr&id=kymenlaaksonmuseot.KarhE516%3A39&index=0&size=large', '/Cover/Show?source=Solr&id=kymenlaaksonmuseot.KarhE516%3A39&index=1&size=large', '/Cover/Show?source=Solr&id=kymenlaaksonmuseot.KarhE516%3A39&index=2&size=large', '/Cover/Show?source=Solr&id=kymenlaaksonmuseot.KarhE516%3A39&index=3&size=large', '/Cover/Show?source=Solr&id=kymenlaaksonmuseot.KarhE516%3A39&index=4&size=large']","[{'name': 'Göran Hongell', 'role': 'suunnittelija'}, {'name': 'Karhulan lasitehdas', 'role': 'valmistaja'}]","[['kulhot'], ['maljat'], ['323 perusraaka-aineiden jalostus keramiikka- ja lasiteollisuus'], ['264 ruoan nauttiminen ruokailu']]",kulho; 4334; Säde,1938.0,Göran Hongell,13
646,kymenlaaksonmuseot.KarhE516:40,"['/Cover/Show?source=Solr&id=kymenlaaksonmuseot.KarhE516%3A40&index=0&size=large', '/Cover/Show?source=Solr&id=kymenlaaksonmuseot.KarhE516%3A40&index=1&size=large', '/Cover/Show?source=Solr&id=kymenlaaksonmuseot.KarhE516%3A40&index=2&size=large', '/Cover/Show?source=Solr&id=kymenlaaksonmuseot.KarhE516%3A40&index=3&size=large', '/Cover/Show?source=Solr&id=kymenlaaksonmuseot.KarhE516%3A40&index=4&size=large']","[{'name': 'Göran Hongell', 'role': 'suunnittelija'}, {'name': 'Karhulan lasitehdas', 'role': 'valmistaja'}]","[['maljat'], ['kulhot'], ['323 perusraaka-aineiden jalostus keramiikka- ja lasiteollisuus'], ['264 ruoan nauttiminen ruokailu']]",kulho; 4334; Säde,1938.0,Göran Hongell,13
647,kymenlaaksonmuseot.KarhE516:43,"['/Cover/Show?source=Solr&id=kymenlaaksonmuseot.KarhE516%3A43&index=0&size=large', '/Cover/Show?source=Solr&id=kymenlaaksonmuseot.KarhE516%3A43&index=1&size=large', '/Cover/Show?source=Solr&id=kymenlaaksonmuseot.KarhE516%3A43&index=2&size=large', '/Cover/Show?source=Solr&id=kymenlaaksonmuseot.KarhE516%3A43&index=3&size=large', '/Cover/Show?source=Solr&id=kymenlaaksonmuseot.KarhE516%3A43&index=4&size=large']","[{'name': 'Karhulan lasitehdas', 'role': 'valmistaja'}, {'name': 'Göran Hongell', 'role': 'suunnittelija'}]","[['maljat'], ['kulhot'], ['323 perusraaka-aineiden jalostus keramiikka- ja lasiteollisuus'], ['264 ruoan nauttiminen ruokailu']]",kulho; 4334; Säde,1938.0,Göran Hongell,13
648,kymenlaaksonmuseot.KarhE516:44,"['/Cover/Show?source=Solr&id=kymenlaaksonmuseot.KarhE516%3A44&index=0&size=large', '/Cover/Show?source=Solr&id=kymenlaaksonmuseot.KarhE516%3A44&index=1&size=large', '/Cover/Show?source=Solr&id=kymenlaaksonmuseot.KarhE516%3A44&index=2&size=large', '/Cover/Show?source=Solr&id=kymenlaaksonmuseot.KarhE516%3A44&index=3&size=large', '/Cover/Show?source=Solr&id=kymenlaaksonmuseot.KarhE516%3A44&index=4&size=large']","[{'name': 'Karhulan lasitehdas', 'role': 'valmistaja'}, {'name': 'Göran Hongell', 'role': 'suunnittelija'}]","[['kulhot'], ['maljat'], ['323 perusraaka-aineiden jalostus keramiikka- ja lasiteollisuus'], ['264 ruoan nauttiminen ruokailu']]",kulho; 4334 B; Säde,1938.0,Göran Hongell,13
649,kymenlaaksonmuseot.KarhE516:46,"['/Cover/Show?source=Solr&id=kymenlaaksonmuseot.KarhE516%3A46&index=0&size=large', '/Cover/Show?source=Solr&id=kymenlaaksonmuseot.KarhE516%3A46&index=1&size=large', '/Cover/Show?source=Solr&id=kymenlaaksonmuseot.KarhE516%3A46&index=2&size=large', '/Cover/Show?source=Solr&id=kymenlaaksonmuseot.KarhE516%3A46&index=3&size=large', '/Cover/Show?source=Solr&id=kymenlaaksonmuseot.KarhE516%3A46&index=4&size=large']","[{'name': 'Göran Hongell', 'role': 'suunnittelija'}, {'name': 'Karhulan lasitehdas', 'role': 'valmistaja'}]","[['kermakot'], ['272 juomat'], ['huumaavat ja nautintoaineet juomat'], ['323 perusraaka-aineiden jalostus keramiikka- ja lasiteollisuus']]",kermakko; 4517; Säde,1938.0,Göran Hongell,13
650,kymenlaaksonmuseot.KarhE516:5,"['/Cover/Show?source=Solr&id=kymenlaaksonmuseot.KarhE516%3A5&index=0&size=large', '/Cover/Show?source=Solr&id=kymenlaaksonmuseot.KarhE516%3A5&index=1&size=large', '/Cover/Show?source=Solr&id=kymenlaaksonmuseot.KarhE516%3A5&index=2&size=large', '/Cover/Show?source=Solr&id=kymenlaaksonmuseot.KarhE516%3A5&index=3&size=large', '/Cover/Show?source=Solr&id=kymenlaaksonmuseot.KarhE516%3A5&index=4&size=large']","[{'name': 'Karhulan lasitehdas', 'role': 'valmistaja'}, {'name': 'Göran Hongell', 'role': 'suunnittelija'}]","[['kannut'], ['kaatimet'], ['323 perusraaka-aineiden jalostus keramiikka- ja lasiteollisuus'], ['272 juomat'], ['huumaavat ja nautintoaineet juomat']]",kaadin; Säde,1938.0,Göran Hongell,13
651,kymenlaaksonmuseot.KarhE516:6,"['/Cover/Show?source=Solr&id=kymenlaaksonmuseot.KarhE516%3A6&index=0&size=large', '/Cover/Show?source=Solr&id=kymenlaaksonmuseot.KarhE516%3A6&index=1&size=large', '/Cover/Show?source=Solr&id=kymenlaaksonmuseot.KarhE516%3A6&index=2&size=large', '/Cover/Show?source=Solr&id=kymenlaaksonmuseot.KarhE516%3A6&index=3&size=large', '/Cover/Show?source=Solr&id=kymenlaaksonmuseot.KarhE516%3A6&index=4&size=large']","[{'name': 'Göran Hongell', 'role': 'suunnittelija'}, {'name': 'Karhulan lasitehdas', 'role': 'valmistaja'}]","[['lautaset (astiat)'], ['323 perusraaka-aineiden jalostus keramiikka- ja lasiteollisuus'], ['264 ruoan nauttiminen ruokailu']]",lautanen; 4242; Säde,1938.0,Göran Hongell,13
652,kymenlaaksonmuseot.KarhE516:7,"['/Cover/Show?source=Solr&id=kymenlaaksonmuseot.KarhE516%3A7&index=0&size=large', '/Cover/Show?source=Solr&id=kymenlaaksonmuseot.KarhE516%3A7&index=1&size=large', '/Cover/Show?source=Solr&id=kymenlaaksonmuseot.KarhE516%3A7&index=2&size=large', '/Cover/Show?source=Solr&id=kymenlaaksonmuseot.KarhE516%3A7&index=3&size=large', '/Cover/Show?source=Solr&id=kymenlaaksonmuseot.KarhE516%3A7&index=4&size=large']","[{'name': 'Göran Hongell', 'role': 'suunnittelija'}, {'name': 'Karhulan lasitehdas', 'role': 'valmistaja'}]","[['lautaset (astiat)'], ['323 perusraaka-aineiden jalostus keramiikka- ja lasiteollisuus'], ['264 ruoan nauttiminen ruokailu']]",lautanen; 4242; Säde,1938.0,Göran Hongell,13
653,kymenlaaksonmuseot.KarhE516:9,"['/Cover/Show?source=Solr&id=kymenlaaksonmuseot.KarhE516%3A9&index=0&size=large', '/Cover/Show?source=Solr&id=kymenlaaksonmuseot.KarhE516%3A9&index=1&size=large', '/Cover/Show?source=Solr&id=kymenlaaksonmuseot.KarhE516%3A9&index=2&size=large', '/Cover/Show?source=Solr&id=kymenlaaksonmuseot.KarhE516%3A9&index=3&size=large', '/Cover/Show?source=Solr&id=kymenlaaksonmuseot.KarhE516%3A9&index=4&size=large', '/Cover/Show?source=Solr&id=kymenlaaksonmuseot.KarhE516%3A9&index=5&size=large', '/Cover/Show?source=Solr&id=kymenlaaksonmuseot.KarhE516%3A9&index=6&size=large']","[{'name': 'Göran Hongell', 'role': 'suunnittelija'}, {'name': 'Karhulan lasitehdas', 'role': 'valmistaja'}]","[['lautaset (astiat)'], ['323 perusraaka-aineiden jalostus keramiikka- ja lasiteollisuus'], ['264 ruoan nauttiminen ruokailu']]",lautanen; 4242; Säde,1938.0,Göran Hongell,13
654,kymenlaaksonmuseot.KarhE939:2,"['/Cover/Show?source=Solr&id=kymenlaaksonmuseot.KarhE939%3A2&index=0&size=large', '/Cover/Show?source=Solr&id=kymenlaaksonmuseot.KarhE939%3A2&index=1&size=large', '/Cover/Show?source=Solr&id=kymenlaaksonmuseot.KarhE939%3A2&index=2&size=large', '/Cover/Show?source=Solr&id=kymenlaaksonmuseot.KarhE939%3A2&index=3&size=large']","[{'name': 'Karhulan lasitehdas', 'role': 'valmistaja'}, {'name': 'Göran Hongell', 'role': 'suunnittelija'}]","[['jalalliset astiat'], ['maljat'], ['kulhot'], ['531 taiteet taidekäsityö ja muotoilu'], ['353 rakennusten varustus'], ['hoito ja palveluskunta sisustaminen ja sisustustekstilit'], ['323 perusraaka-aineiden jalostus keramiikka- ja lasiteollisuus']]",jalallinen malja; 9667,1938.0,Göran Hongell,13
655,kymenlaaksonmuseot.KarhE941:3,['/Cover/Show?source=Solr&id=kymenlaaksonmuseot.KarhE941%3A3&index=0&size=large'],"[{'name': 'Göran Hongell', 'role': 'suunnittelija'}, {'name': 'Karhulan lasitehdas', 'role': 'valmistaja'}]","[['maljakot'], ['323 perusraaka-aineiden jalostus keramiikka- ja lasiteollisuus'], ['353 rakennusten varustus'], ['hoito ja palveluskunta sisustaminen ja sisustustekstilit']]",maljakko; 3364 / 3031,1938.0,Göran Hongell,13
656,kymenlaaksonmuseot.KarhE952:1,"['/Cover/Show?source=Solr&id=kymenlaaksonmuseot.KarhE952%3A1&index=0&size=large', '/Cover/Show?source=Solr&id=kymenlaaksonmuseot.KarhE952%3A1&index=1&size=large', '/Cover/Show?source=Solr&id=kymenlaaksonmuseot.KarhE952%3A1&index=2&size=large', '/Cover/Show?source=Solr&id=kymenlaaksonmuseot.KarhE952%3A1&index=3&size=large']","[{'name': 'Göran Hongell', 'role': 'suunnittelija'}, {'name': 'Frans Rantanen', 'role': 'kaivertaja'}, {'name': 'Karhulan lasitehdas', 'role': 'valmistaja'}]","[['maljat'], ['531 taiteet taidekäsityö ja muotoilu'], ['353 rakennusten varustus'], ['hoito ja palveluskunta sisustaminen ja sisustustekstilit'], ['323 perusraaka-aineiden jalostus keramiikka- ja lasiteollisuus']]",malja; 6201/ 3173,1938.0,Göran Hongell,13
657,kymenlaaksonmuseot.KarhE956:1,"['/Cover/Show?source=Solr&id=kymenlaaksonmuseot.KarhE956%3A1&index=0&size=large', '/Cover/Show?source=Solr&id=kymenlaaksonmuseot.KarhE956%3A1&index=1&size=large', '/Cover/Show?source=Solr&id=kymenlaaksonmuseot.KarhE956%3A1&index=2&size=large', '/Cover/Show?source=Solr&id=kymenlaaksonmuseot.KarhE956%3A1&index=3&size=large']","[{'name': 'Karhulan lasitehdas', 'role': 'valmistaja'}, {'name': 'Jalmari Lehto', 'role': 'hioja'}, {'name': 'Toivo Rusko', 'role': 'kaivertaja'}, {'name': 'Göran Hongell', 'role': 'suunnittelija'}]","[['maljakot'], ['353 rakennusten varustus'], ['hoito ja palveluskunta sisustaminen ja sisustustekstilit'], ['531 taiteet taidekäsityö ja muotoilu'], ['323 perusraaka-aineiden jalostus keramiikka- ja lasiteollisuus']]",maljakko; 9718,1938.0,Göran Hongell,13
658,kymenlaaksonmuseot.KarhE967:1,"['/Cover/Show?source=Solr&id=kymenlaaksonmuseot.KarhE967%3A1&index=0&size=large', '/Cover/Show?source=Solr&id=kymenlaaksonmuseot.KarhE967%3A1&index=1&size=large', '/Cover/Show?source=Solr&id=kymenlaaksonmuseot.KarhE967%3A1&index=2&size=large', '/Cover/Show?source=Solr&id=kymenlaaksonmuseot.KarhE967%3A1&index=3&size=large', '/Cover/Show?source=Solr&id=kymenlaaksonmuseot.KarhE967%3A1&index=4&size=large', '/Cover/Show?source=Solr&id=kymenlaaksonmuseot.KarhE967%3A1&index=5&size=large']","[{'name': 'Karhulan lasitehdas', 'role': 'valmistaja'}, {'name': 'Göran Hongell', 'role': 'suunnittelija'}, {'name': 'Toivo Rusko', 'role': 'kaivertaja'}]","[['maljat'], ['353 rakennusten varustus'], ['hoito ja palveluskunta sisustaminen ja sisustustekstilit'], ['313 luonnonvarojen hyödyntäminen metsätyö ja metsäteollisuus'], ['531 taiteet taidekäsityö ja muotoilu'], ['323 perusraaka-aineiden jalostus keramiikka- ja lasiteollisuus']]",malja; Suomen puunjalostusteollisuus,1938.0,Göran Hongell,13
659,kymenlaaksonmuseot.KarhE968:1,"['/Cover/Show?source=Solr&id=kymenlaaksonmuseot.KarhE968%3A1&index=0&size=large', '/Cover/Show?source=Solr&id=kymenlaaksonmuseot.KarhE968%3A1&index=1&size=large', '/Cover/Show?source=Solr&id=kymenlaaksonmuseot.KarhE968%3A1&index=2&size=large', '/Cover/Show?source=Solr&id=kymenlaaksonmuseot.KarhE968%3A1&index=3&size=large']","[{'name': 'Karhulan lasitehdas', 'role': 'valmistaja'}, {'name': 'Göran Hongell', 'role': 'suunnittelija'}]","[['lautaset (astiat)'], ['323 perusraaka-aineiden jalostus keramiikka- ja lasiteollisuus'], ['531 taiteet taidekäsityö ja muotoilu'], ['353 rakennusten varustus'], ['hoito ja palveluskunta sisustaminen ja sisustustekstilit']]",lautanen; Viking,1938.0,Göran Hongell,13
660,kymenlaaksonmuseot.KarhE975:1,"['/Cover/Show?source=Solr&id=kymenlaaksonmuseot.KarhE975%3A1&index=0&size=large', '/Cover/Show?source=Solr&id=kymenlaaksonmuseot.KarhE975%3A1&index=1&size=large', '/Cover/Show?source=Solr&id=kymenlaaksonmuseot.KarhE975%3A1&index=2&size=large', '/Cover/Show?source=Solr&id=kymenlaaksonmuseot.KarhE975%3A1&index=3&size=large', '/Cover/Show?source=Solr&id=kymenlaaksonmuseot.KarhE975%3A1&index=4&size=large', '/Cover/Show?source=Solr&id=kymenlaaksonmuseot.KarhE975%3A1&index=5&size=large']","[{'name': 'Göran Hongell', 'role': 'suunnittelija'}, {'name': 'Karhulan lasitehdas', 'role': 'valmistaja'}]","[['maljakot'], ['353 rakennusten varustus'], ['hoito ja palveluskunta sisustaminen ja sisustustekstilit'], ['323 perusraaka-aineiden jalostus keramiikka- ja lasiteollisuus'], ['531 taiteet taidekäsityö ja muotoilu']]",maljakko; 9788,1938.0,Göran Hongell,13
661,kymenlaaksonmuseot.KarhE991:1,"['/Cover/Show?source=Solr&id=kymenlaaksonmuseot.KarhE991%3A1&index=0&size=large', '/Cover/Show?source=Solr&id=kymenlaaksonmuseot.KarhE991%3A1&index=1&size=large', '/Cover/Show?source=Solr&id=kymenlaaksonmuseot.KarhE991%3A1&index=2&size=large', '/Cover/Show?source=Solr&id=kymenlaaksonmuseot.KarhE991%3A1&index=3&size=large']","[{'name': 'Karhulan lasitehdas', 'role': 'valmistaja'}, {'name': 'Göran Hongell', 'role': 'suunnittelija'}]","[['jalalliset astiat'], ['maljat'], ['kulhot'], ['323 perusraaka-aineiden jalostus keramiikka- ja lasiteollisuus'], ['264 ruoan nauttiminen ruokailu']]",jalallinen kulho,1938.0,Göran Hongell,13
662,kymenlaaksonmuseot.KarhE992:1,"['/Cover/Show?source=Solr&id=kymenlaaksonmuseot.KarhE992%3A1&index=0&size=large', '/Cover/Show?source=Solr&id=kymenlaaksonmuseot.KarhE992%3A1&index=1&size=large']","[{'name': 'Göran Hongell', 'role': 'suunnittelija'}, {'name': 'Karhulan lasitehdas', 'role': 'valmistaja'}]","[['maljakot'], ['531 taiteet taidekäsityö ja muotoilu'], ['323 perusraaka-aineiden jalostus keramiikka- ja lasiteollisuus'], ['353 rakennusten varustus'], ['hoito ja palveluskunta sisustaminen ja sisustustekstilit']]",maljakko; GH-21,1938.0,Göran Hongell,13
663,kymenlaaksonmuseot.KarhE999:1,"['/Cover/Show?source=Solr&id=kymenlaaksonmuseot.KarhE999%3A1&index=0&size=large', '/Cover/Show?source=Solr&id=kymenlaaksonmuseot.KarhE999%3A1&index=1&size=large', '/Cover/Show?source=Solr&id=kymenlaaksonmuseot.KarhE999%3A1&index=2&size=large', '/Cover/Show?source=Solr&id=kymenlaaksonmuseot.KarhE999%3A1&index=3&size=large', '/Cover/Show?source=Solr&id=kymenlaaksonmuseot.KarhE999%3A1&index=4&size=large', '/Cover/Show?source=Solr&id=kymenlaaksonmuseot.KarhE999%3A1&index=5&size=large']","[{'name': 'Karhulan lasitehdas', 'role': 'valmistaja'}, {'name': 'Göran Hongell', 'role': 'suunnittelija'}]","[['maljat'], ['272 juomat'], ['huumaavat ja nautintoaineet juomat'], ['323 perusraaka-aineiden jalostus keramiikka- ja lasiteollisuus'], ['264 ruoan nauttiminen ruokailu']]",malja,1938.0,Göran Hongell,13
664,kymenlaaksonmuseot.KarhE1020:1,"['/Cover/Show?source=Solr&id=kymenlaaksonmuseot.KarhE1020%3A1&index=0&size=large', '/Cover/Show?source=Solr&id=kymenlaaksonmuseot.KarhE1020%3A1&index=1&size=large', '/Cover/Show?source=Solr&id=kymenlaaksonmuseot.KarhE1020%3A1&index=2&size=large', '/Cover/Show?source=Solr&id=kymenlaaksonmuseot.KarhE1020%3A1&index=3&size=large', '/Cover/Show?source=Solr&id=kymenlaaksonmuseot.KarhE1020%3A1&index=4&size=large']","[{'name': 'Göran Hongell', 'role': 'suunnittelija'}, {'name': 'Karhulan lasitehdas', 'role': 'valmistaja'}]","[['olut'], ['juomalasit'], ['323 perusraaka-aineiden jalostus keramiikka- ja lasiteollisuus'], ['273 juomat'], ['huumaavat ja nautintoaineet Alkoholijuomat'], ['531 taiteet taidekäsityö ja muotoilu']]",olutlasi; NY-lasisto; 6115,1939.0,Göran Hongell,13
665,kymenlaaksonmuseot.KarhE1020:7,"['/Cover/Show?source=Solr&id=kymenlaaksonmuseot.KarhE1020%3A7&index=0&size=large', '/Cover/Show?source=Solr&id=kymenlaaksonmuseot.KarhE1020%3A7&index=1&size=large', '/Cover/Show?source=Solr&id=kymenlaaksonmuseot.KarhE1020%3A7&index=2&size=large', '/Cover/Show?source=Solr&id=kymenlaaksonmuseot.KarhE1020%3A7&index=3&size=large']","[{'name': 'Göran Hongell', 'role': 'suunnittelija'}, {'name': 'Karhulan lasitehdas', 'role': 'valmistaja'}]","[['juomalasit'], ['viinilasit'], ['531 taiteet taidekäsityö ja muotoilu'], ['273 juomat'], ['huumaavat ja nautintoaineet Alkoholijuomat'], ['323 perusraaka-aineiden jalostus keramiikka- ja lasiteollisuus'], ['1939 - 1939']]",viinilasi; 6115; NY-lasisto,1939.0,Göran Hongell,13
666,kymenlaaksonmuseot.KarhE1005:1,"['/Cover/Show?source=Solr&id=kymenlaaksonmuseot.KarhE1005%3A1&index=0&size=large', '/Cover/Show?source=Solr&id=kymenlaaksonmuseot.KarhE1005%3A1&index=1&size=large']","[{'name': 'Göran Hongell', 'role': 'suunnittelija'}, {'name': 'Karhulan lasitehdas', 'role': 'valmistaja'}]","[['maljakot'], ['323 perusraaka-aineiden jalostus keramiikka- ja lasiteollisuus'], ['353 rakennusten varustus'], ['hoito ja palveluskunta sisustaminen ja sisustustekstilit'], ['531 taiteet taidekäsityö ja muotoilu']]",maljakko; GH-3,1940.0,Göran Hongell,13
667,kymenlaaksonmuseot.KarhE1005:2,"['/Cover/Show?source=Solr&id=kymenlaaksonmuseot.KarhE1005%3A2&index=0&size=large', '/Cover/Show?source=Solr&id=kymenlaaksonmuseot.KarhE1005%3A2&index=1&size=large', '/Cover/Show?source=Solr&id=kymenlaaksonmuseot.KarhE1005%3A2&index=2&size=large', '/Cover/Show?source=Solr&id=kymenlaaksonmuseot.KarhE1005%3A2&index=3&size=large', '/Cover/Show?source=Solr&id=kymenlaaksonmuseot.KarhE1005%3A2&index=4&size=large']","[{'name': 'Göran Hongell', 'role': 'suunnittelija'}, {'name': 'Karhulan lasitehdas', 'role': 'valmistaja'}]","[['maljakot'], ['323 perusraaka-aineiden jalostus keramiikka- ja lasiteollisuus'], ['353 rakennusten varustus'], ['hoito ja palveluskunta sisustaminen ja sisustustekstilit'], ['531 taiteet taidekäsityö ja muotoilu']]",maljakko; GH-3,1940.0,Göran Hongell,13
668,kymenlaaksonmuseot.KarhE1005:4,"['/Cover/Show?source=Solr&id=kymenlaaksonmuseot.KarhE1005%3A4&index=0&size=large', '/Cover/Show?source=Solr&id=kymenlaaksonmuseot.KarhE1005%3A4&index=1&size=large', '/Cover/Show?source=Solr&id=kymenlaaksonmuseot.KarhE1005%3A4&index=2&size=large', '/Cover/Show?source=Solr&id=kymenlaaksonmuseot.KarhE1005%3A4&index=3&size=large', '/Cover/Show?source=Solr&id=kymenlaaksonmuseot.KarhE1005%3A4&index=4&size=large', '/Cover/Show?source=Solr&id=kymenlaaksonmuseot.KarhE1005%3A4&index=5&size=large', '/Cover/Show?source=Solr&id=kymenlaaksonmuseot.KarhE1005%3A4&index=6&size=large']","[{'name': 'Karhulan lasitehdas', 'role': 'valmistaja'}, {'name': 'Göran Hongell', 'role': 'suunnittelija'}]","[['maljakot'], ['531 taiteet taidekäsityö ja muotoilu'], ['323 perusraaka-aineiden jalostus keramiikka- ja lasiteollisuus'], ['353 rakennusten varustus'], ['hoito ja palveluskunta sisustaminen ja sisustustekstilit']]",maljakko; GH-3,1940.0,Göran Hongell,13
669,kymenlaaksonmuseot.KarhE516:31,"['/Cover/Show?source=Solr&id=kymenlaaksonmuseot.KarhE516%3A31&index=0&size=large', '/Cover/Show?source=Solr&id=kymenlaaksonmuseot.KarhE516%3A31&index=1&size=large', '/Cover/Show?source=Solr&id=kymenlaaksonmuseot.KarhE516%3A31&index=2&size=large', '/Cover/Show?source=Solr&id=kymenlaaksonmuseot.KarhE516%3A31&index=3&size=large', '/Cover/Show?source=Solr&id=kymenlaaksonmuseot.KarhE516%3A31&index=4&size=large']","[{'name': 'Göran Hongell', 'role': 'suunnittelija'}, {'name': 'Karhulan lasitehdas', 'role': 'valmistaja'}]","[['tarjoiluastiat'], ['jalalliset astiat'], ['264 ruoan nauttiminen ruokailu'], ['323 perusraaka-aineiden jalostus keramiikka- ja lasiteollisuus']]",jalallinen lautanen; 4472; Säde,1940.0,Göran Hongell,13
670,kymenlaaksonmuseot.KarhE516:32,"['/Cover/Show?source=Solr&id=kymenlaaksonmuseot.KarhE516%3A32&index=0&size=large', '/Cover/Show?source=Solr&id=kymenlaaksonmuseot.KarhE516%3A32&index=1&size=large', '/Cover/Show?source=Solr&id=kymenlaaksonmuseot.KarhE516%3A32&index=2&size=large', '/Cover/Show?source=Solr&id=kymenlaaksonmuseot.KarhE516%3A32&index=3&size=large']","[{'name': 'Karhulan lasitehdas', 'role': 'valmistaja'}, {'name': 'Göran Hongell', 'role': 'suunnittelija'}]","[['tarjoiluastiat'], ['jalalliset astiat'], ['323 perusraaka-aineiden jalostus keramiikka- ja lasiteollisuus'], ['264 ruoan nauttiminen ruokailu']]",jalallinen lautanen; 4472; Säde,1940.0,Göran Hongell,13
671,kymenlaaksonmuseot.KarhE973:1,"['/Cover/Show?source=Solr&id=kymenlaaksonmuseot.KarhE973%3A1&index=0&size=large', '/Cover/Show?source=Solr&id=kymenlaaksonmuseot.KarhE973%3A1&index=1&size=large', '/Cover/Show?source=Solr&id=kymenlaaksonmuseot.KarhE973%3A1&index=2&size=large', '/Cover/Show?source=Solr&id=kymenlaaksonmuseot.KarhE973%3A1&index=3&size=large', '/Cover/Show?source=Solr&id=kymenlaaksonmuseot.KarhE973%3A1&index=4&size=large', '/Cover/Show?source=Solr&id=kymenlaaksonmuseot.KarhE973%3A1&index=5&size=large', '/Cover/Show?source=Solr&id=kymenlaaksonmuseot.KarhE973%3A1&index=6&size=large', '/Cover/Show?source=Solr&id=kymenlaaksonmuseot.KarhE973%3A1&index=7&size=large']","[{'name': 'Göran Hongell', 'role': 'suunnittelija'}, {'name': 'Karhulan lasitehdas', 'role': 'valmistaja'}]","[['toinen maailmansota'], ['maljat'], ['muistoesineet'], ['maljakot'], ['353 rakennusten varustus'], ['hoito ja palveluskunta sisustaminen ja sisustustekstilit'], ['531 taiteet taidekäsityö ja muotoilu'], ['323 perusraaka-aineiden jalostus keramiikka- ja lasiteollisuus']]",Vapauden malja; 9632,1940.0,Göran Hongell,13
672,kymenlaaksonmuseot.KarhE974:1,"['/Cover/Show?source=Solr&id=kymenlaaksonmuseot.KarhE974%3A1&index=0&size=large', '/Cover/Show?source=Solr&id=kymenlaaksonmuseot.KarhE974%3A1&index=1&size=large', '/Cover/Show?source=Solr&id=kymenlaaksonmuseot.KarhE974%3A1&index=2&size=large', '/Cover/Show?source=Solr&id=kymenlaaksonmuseot.KarhE974%3A1&index=3&size=large', '/Cover/Show?source=Solr&id=kymenlaaksonmuseot.KarhE974%3A1&index=4&size=large', '/Cover/Show?source=Solr&id=kymenlaaksonmuseot.KarhE974%3A1&index=5&size=large', '/Cover/Show?source=Solr&id=kymenlaaksonmuseot.KarhE974%3A1&index=6&size=large', '/Cover/Show?source=Solr&id=kymenlaaksonmuseot.KarhE974%3A1&index=7&size=large', '/Cover/Show?source=Solr&id=kymenlaaksonmuseot.KarhE974%3A1&index=8&size=large', '/Cover/Show?source=Solr&id=kymenlaaksonmuseot.KarhE974%3A1&index=9&size=large']","[{'name': 'Göran Hongell', 'role': 'suunnittelija'}, {'name': 'Karhulan lasitehdas', 'role': 'valmistaja'}]","[['maljat'], ['talvisota'], ['toinen maailmansota'], ['muistoesineet'], ['maljakot'], ['531 taiteet taidekäsityö ja muotoilu'], ['323 perusraaka-aineiden jalostus keramiikka- ja lasiteollisuus'], ['211 dokumentointi muistamisen apuvälineet']]",malja; Sankarimalja; 9788; Vapauden malja,1940.0,Göran Hongell,13
673,kymenlaaksonmuseot.KarhE988:2,"['/Cover/Show?source=Solr&id=kymenlaaksonmuseot.KarhE988%3A2&index=0&size=large', '/Cover/Show?source=Solr&id=kymenlaaksonmuseot.KarhE988%3A2&index=1&size=large', '/Cover/Show?source=Solr&id=kymenlaaksonmuseot.KarhE988%3A2&index=2&size=large']","[{'name': 'Hugo Rask', 'role': 'tekijä'}, {'name': 'Karhulan lasitehdas', 'role': 'valmistaja'}, {'name': 'Göran Hongell', 'role': 'suunnittelija'}]","[['maljat'], ['323 perusraaka-aineiden jalostus keramiikka- ja lasiteollisuus'], ['531 taiteet taidekäsityö ja muotoilu'], ['353 rakennusten varustus'], ['hoito ja palveluskunta sisustaminen ja sisustustekstilit']]",malja; 6226,1941.0,Göran Hongell,13
674,kymenlaaksonmuseot.KarhE989:1,"['/Cover/Show?source=Solr&id=kymenlaaksonmuseot.KarhE989%3A1&index=0&size=large', '/Cover/Show?source=Solr&id=kymenlaaksonmuseot.KarhE989%3A1&index=1&size=large']","[{'name': 'Karhulan lasitehdas', 'role': 'valmistaja'}, {'name': 'Göran Hongell', 'role': 'suunnittelija'}]","[['maljat'], ['323 perusraaka-aineiden jalostus keramiikka- ja lasiteollisuus'], ['531 taiteet taidekäsityö ja muotoilu'], ['353 rakennusten varustus'], ['hoito ja palveluskunta sisustaminen ja sisustustekstilit']]",malja; 6252,1941.0,Göran Hongell,13
675,kymenlaaksonmuseot.KarhE1010:1,"['/Cover/Show?source=Solr&id=kymenlaaksonmuseot.KarhE1010%3A1&index=0&size=large', '/Cover/Show?source=Solr&id=kymenlaaksonmuseot.KarhE1010%3A1&index=1&size=large', '/Cover/Show?source=Solr&id=kymenlaaksonmuseot.KarhE1010%3A1&index=2&size=large', '/Cover/Show?source=Solr&id=kymenlaaksonmuseot.KarhE1010%3A1&index=3&size=large']","[{'name': 'Göran Hongell', 'role': 'suunnittelija'}, {'name': 'Karhulan lasitehdas', 'role': 'valmistaja'}]","[['maljakot'], ['531 taiteet taidekäsityö ja muotoilu'], ['323 perusraaka-aineiden jalostus keramiikka- ja lasiteollisuus'], ['353 rakennusten varustus'], ['hoito ja palveluskunta sisustaminen ja sisustustekstilit']]",maljakko,1947.0,Göran Hongell,13
676,kymenlaaksonmuseot.KarhE1012:1,"['/Cover/Show?source=Solr&id=kymenlaaksonmuseot.KarhE1012%3A1&index=0&size=large', '/Cover/Show?source=Solr&id=kymenlaaksonmuseot.KarhE1012%3A1&index=1&size=large', '/Cover/Show?source=Solr&id=kymenlaaksonmuseot.KarhE1012%3A1&index=2&size=large', '/Cover/Show?source=Solr&id=kymenlaaksonmuseot.KarhE1012%3A1&index=3&size=large']","[{'name': 'Göran Hongell', 'role': 'suunnittelija'}, {'name': 'Karhulan lasitehdas', 'role': 'valmistaja'}]","[['maljakot'], ['323 perusraaka-aineiden jalostus keramiikka- ja lasiteollisuus'], ['353 rakennusten varustus'], ['hoito ja palveluskunta sisustaminen ja sisustustekstilit'], ['531 taiteet taidekäsityö ja muotoilu']]",maljakko,1947.0,Göran Hongell,13
677,kymenlaaksonmuseot.KarhE1046:1,"['/Cover/Show?source=Solr&id=kymenlaaksonmuseot.KarhE1046%3A1&index=0&size=large', '/Cover/Show?source=Solr&id=kymenlaaksonmuseot.KarhE1046%3A1&index=1&size=large', '/Cover/Show?source=Solr&id=kymenlaaksonmuseot.KarhE1046%3A1&index=2&size=large']","[{'name': 'Göran Hongell', 'role': 'suunnittelija'}, {'name': 'Karhulan lasitehdas', 'role': 'valmistaja'}]","[['karahvit'], ['273 alkoholijuomat'], ['323 keramiikka- ja lasiteollisuus']]",karahvi,1947.0,Göran Hongell,13
678,kymenlaaksonmuseot.KarhE2040:1,"['/Cover/Show?source=Solr&id=kymenlaaksonmuseot.KarhE2040%3A1&index=0&size=large', '/Cover/Show?source=Solr&id=kymenlaaksonmuseot.KarhE2040%3A1&index=1&size=large', '/Cover/Show?source=Solr&id=kymenlaaksonmuseot.KarhE2040%3A1&index=2&size=large', '/Cover/Show?source=Solr&id=kymenlaaksonmuseot.KarhE2040%3A1&index=3&size=large', '/Cover/Show?source=Solr&id=kymenlaaksonmuseot.KarhE2040%3A1&index=4&size=large', '/Cover/Show?source=Solr&id=kymenlaaksonmuseot.KarhE2040%3A1&index=5&size=large']","[{'name': 'Göran Hongell', 'role': 'suunnittelija'}, {'name': 'Karhulan lasitehdas', 'role': 'valmistaja'}]","[['maljakot'], ['353 rakennusten varustus'], ['hoito ja palveluskunta sisustaminen ja sisustustekstilit'], ['323 perusraaka-aineiden jalostus keramiikka- ja lasiteollisuus'], ['531 taiteet taidekäsityö ja muotoilu']]",maljakko; 9788,1947.0,Göran Hongell,13
679,tmk.161024011030000,['/Cover/Show?source=Solr&id=tmk.161024011030000&index=0&size=large'],"[{'name': 'Karhulan lasitehdas', 'role': 'valmistaja'}, {'name': 'Göran Hongell', 'role': 'suunnittelija'}]","[['astiat'], ['lasi'], ['talouslasi'], ['juomalasit'], ['juoma-astiat']]",Kukkahovi-cocktaillasi 5 kpl; cocktaillasi; lasi,1947.0,Göran Hongell,13
680,tmk.166563846159200,['/Cover/Show?source=Solr&id=tmk.166563846159200&index=0&size=large'],"[{'name': 'Karhulan lasitehdas', 'role': 'valmistaja'}, {'name': 'Göran Hongell', 'role': 'suunnittelija'}]","[['astiat'], ['lasi'], ['talouslasi'], ['juomalasit'], ['juoma-astiat']]",Kukkahovi-cocktaillasi 5 kpl; cocktaillasi; lasi,1947.0,Göran Hongell,13
681,tmk.166563850003300,['/Cover/Show?source=Solr&id=tmk.166563850003300&index=0&size=large'],"[{'name': 'Karhulan lasitehdas', 'role': 'valmistaja'}, {'name': 'Göran Hongell', 'role': 'suunnittelija'}]","[['astiat'], ['lasi'], ['talouslasi'], ['juomalasit'], ['juoma-astiat']]",Kukkahovi-cocktaillasi 5 kpl; cocktaillasi; lasi,1947.0,Göran Hongell,13
682,tmk.166563852903400,['/Cover/Show?source=Solr&id=tmk.166563852903400&index=0&size=large'],"[{'name': 'Karhulan lasitehdas', 'role': 'valmistaja'}, {'name': 'Göran Hongell', 'role': 'suunnittelija'}]","[['astiat'], ['lasi'], ['talouslasi'], ['juomalasit'], ['juoma-astiat']]",Kukkahovi-cocktaillasi 5 kpl; cocktaillasi; lasi,1947.0,Göran Hongell,13
683,tmk.166563855210500,['/Cover/Show?source=Solr&id=tmk.166563855210500&index=0&size=large'],"[{'name': 'Karhulan lasitehdas', 'role': 'valmistaja'}, {'name': 'Göran Hongell', 'role': 'suunnittelija'}]","[['astiat'], ['lasi'], ['talouslasi'], ['juomalasit'], ['juoma-astiat']]",Kukkahovi-cocktaillasi 5 kpl; cocktaillasi; lasi,1947.0,Göran Hongell,13
684,kymenlaaksonmuseot.KarhE1029:4,"['/Cover/Show?source=Solr&id=kymenlaaksonmuseot.KarhE1029%3A4&index=0&size=large', '/Cover/Show?source=Solr&id=kymenlaaksonmuseot.KarhE1029%3A4&index=1&size=large', '/Cover/Show?source=Solr&id=kymenlaaksonmuseot.KarhE1029%3A4&index=2&size=large', '/Cover/Show?source=Solr&id=kymenlaaksonmuseot.KarhE1029%3A4&index=3&size=large', '/Cover/Show?source=Solr&id=kymenlaaksonmuseot.KarhE1029%3A4&index=4&size=large']","[{'name': 'Göran Hongell', 'role': 'suunnittelija'}, {'name': 'Iittalan lasitehdas', 'role': 'valmistaja'}]","[['snapsilasit'], ['323 perusraaka-aineiden jalostus keramiikka- ja lasiteollisuus'], ['273 juomat'], ['huumaavat ja nautintoaineet Alkoholijuomat']]",ryyppylasi; 2020; 2100; Aarne,1948.0,Göran Hongell,13
685,kymenlaaksonmuseot.KarhE1029:5,"['/Cover/Show?source=Solr&id=kymenlaaksonmuseot.KarhE1029%3A5&index=0&size=large', '/Cover/Show?source=Solr&id=kymenlaaksonmuseot.KarhE1029%3A5&index=1&size=large', '/Cover/Show?source=Solr&id=kymenlaaksonmuseot.KarhE1029%3A5&index=2&size=large', '/Cover/Show?source=Solr&id=kymenlaaksonmuseot.KarhE1029%3A5&index=3&size=large', '/Cover/Show?source=Solr&id=kymenlaaksonmuseot.KarhE1029%3A5&index=4&size=large']","[{'name': 'Iittalan lasitehdas', 'role': 'valmistaja'}, {'name': 'Göran Hongell', 'role': 'suunnittelija'}]","[['juomalasit'], ['viinilasit'], ['273 juomat'], ['huumaavat ja nautintoaineet Alkoholijuomat'], ['323 perusraaka-aineiden jalostus keramiikka- ja lasiteollisuus']]",vesilasi; viinilasi; 2020; Aarne; 2100,1948.0,Göran Hongell,13
686,kymenlaaksonmuseot.KarhE986:1,"['/Cover/Show?source=Solr&id=kymenlaaksonmuseot.KarhE986%3A1&index=0&size=large', '/Cover/Show?source=Solr&id=kymenlaaksonmuseot.KarhE986%3A1&index=1&size=large']","[{'name': 'Göran Hongell', 'role': 'suunnittelija'}, {'name': 'Toivo Rusko', 'role': 'kaivertaja'}, {'name': 'Karhulan lasitehdas', 'role': 'valmistaja'}]","[['kulhot'], ['531 taiteet taidekäsityö ja muotoilu'], ['353 rakennusten varustus'], ['hoito ja palveluskunta sisustaminen ja sisustustekstilit'], ['323 perusraaka-aineiden jalostus keramiikka- ja lasiteollisuus']]",kulho; Verkonnostajat,1948.0,Göran Hongell,13
687,kymenlaaksonmuseot.KarhE1027:1,"['/Cover/Show?source=Solr&id=kymenlaaksonmuseot.KarhE1027%3A1&index=0&size=large', '/Cover/Show?source=Solr&id=kymenlaaksonmuseot.KarhE1027%3A1&index=1&size=large', '/Cover/Show?source=Solr&id=kymenlaaksonmuseot.KarhE1027%3A1&index=2&size=large', '/Cover/Show?source=Solr&id=kymenlaaksonmuseot.KarhE1027%3A1&index=3&size=large', '/Cover/Show?source=Solr&id=kymenlaaksonmuseot.KarhE1027%3A1&index=4&size=large', '/Cover/Show?source=Solr&id=kymenlaaksonmuseot.KarhE1027%3A1&index=5&size=large']","[{'name': 'Iittalan lasitehdas', 'role': 'valmistaja'}, {'name': 'Göran Hongell', 'role': 'suunnittelija'}]","[['viinilasit'], ['samppanja'], ['juomalasit'], ['323 perusraaka-aineiden jalostus keramiikka- ja lasiteollisuus'], ['273 juomat'], ['huumaavat ja nautintoaineet Alkoholijuomat'], ['1947 - 1956']]",sampanjalasi; 2019; Aulanko; Patricia,1949.0,Göran Hongell,13
688,kymenlaaksonmuseot.KarhE1027:2,"['/Cover/Show?source=Solr&id=kymenlaaksonmuseot.KarhE1027%3A2&index=0&size=large', '/Cover/Show?source=Solr&id=kymenlaaksonmuseot.KarhE1027%3A2&index=1&size=large', '/Cover/Show?source=Solr&id=kymenlaaksonmuseot.KarhE1027%3A2&index=2&size=large', '/Cover/Show?source=Solr&id=kymenlaaksonmuseot.KarhE1027%3A2&index=3&size=large', '/Cover/Show?source=Solr&id=kymenlaaksonmuseot.KarhE1027%3A2&index=4&size=large']","[{'name': 'Göran Hongell', 'role': 'suunnittelija'}, {'name': 'Iittalan lasitehdas', 'role': 'valmistaja'}]","[['juomalasit'], ['olut'], ['273 juomat'], ['huumaavat ja nautintoaineet Alkoholijuomat'], ['323 perusraaka-aineiden jalostus keramiikka- ja lasiteollisuus'], ['1947 - 1956']]",olutlasi; 2019; Aulanko; Patricia,1949.0,Göran Hongell,13
689,kymenlaaksonmuseot.KarhE1027:4,"['/Cover/Show?source=Solr&id=kymenlaaksonmuseot.KarhE1027%3A4&index=0&size=large', '/Cover/Show?source=Solr&id=kymenlaaksonmuseot.KarhE1027%3A4&index=1&size=large', '/Cover/Show?source=Solr&id=kymenlaaksonmuseot.KarhE1027%3A4&index=2&size=large', '/Cover/Show?source=Solr&id=kymenlaaksonmuseot.KarhE1027%3A4&index=3&size=large', '/Cover/Show?source=Solr&id=kymenlaaksonmuseot.KarhE1027%3A4&index=4&size=large']","[{'name': 'Göran Hongell', 'role': 'suunnittelija'}, {'name': 'Iittalan lasitehdas', 'role': 'valmistaja'}]","[['viinilasit'], ['juomalasit'], ['323 perusraaka-aineiden jalostus keramiikka- ja lasiteollisuus'], ['273 juomat'], ['huumaavat ja nautintoaineet Alkoholijuomat'], ['1947 - 1956']]",viinilasi; 2019; Aulanko; Patricia,1949.0,Göran Hongell,13
690,kymenlaaksonmuseot.KarhE1027:5,"['/Cover/Show?source=Solr&id=kymenlaaksonmuseot.KarhE1027%3A5&index=0&size=large', '/Cover/Show?source=Solr&id=kymenlaaksonmuseot.KarhE1027%3A5&index=1&size=large', '/Cover/Show?source=Solr&id=kymenlaaksonmuseot.KarhE1027%3A5&index=2&size=large', '/Cover/Show?source=Solr&id=kymenlaaksonmuseot.KarhE1027%3A5&index=3&size=large', '/Cover/Show?source=Solr&id=kymenlaaksonmuseot.KarhE1027%3A5&index=4&size=large']","[{'name': 'Iittalan lasitehdas', 'role': 'valmistaja'}, {'name': 'Göran Hongell', 'role': 'suunnittelija'}]","[['snapsilasit'], ['juomalasit'], ['273 juomat'], ['huumaavat ja nautintoaineet Alkoholijuomat'], ['323 perusraaka-aineiden jalostus keramiikka- ja lasiteollisuus'], ['1947 - 1956']]",ryyppylasi; 2019; Patricia; Aulanko,1949.0,Göran Hongell,13
691,lusto.knp-7182,"['/Cover/Show?source=Solr&id=lusto.knp-7182&index=0&size=large', '/Cover/Show?source=Solr&id=lusto.knp-7182&index=1&size=large', '/Cover/Show?source=Solr&id=lusto.knp-7182&index=2&size=large', '/Cover/Show?source=Solr&id=lusto.knp-7182&index=3&size=large', '/Cover/Show?source=Solr&id=lusto.knp-7182&index=4&size=large']","[{'name': 'Iittala', 'role': 'Valmistaja'}, {'name': 'taiteilija: Hongell, Göran', 'role': 'Valmistaja'}]","[['vaasit'], ['syntymäpäivät'], ['professorit'], ['muistoesineet'], ['metsätieteet'], ['metsänhoitajat'], ['maljakot'], ['lasiesineet'], ['astiat']]",Vaasi; Lasimaljakko,1960.0,Göran Hongell,13
692,werstas.we-1419734,"['/Cover/Show?source=Solr&id=werstas.we-1419734&index=0&size=large', '/Cover/Show?source=Solr&id=werstas.we-1419734&index=1&size=large', '/Cover/Show?source=Solr&id=werstas.we-1419734&index=2&size=large', '/Cover/Show?source=Solr&id=werstas.we-1419734&index=3&size=large', '/Cover/Show?source=Solr&id=werstas.we-1419734&index=4&size=large', '/Cover/Show?source=Solr&id=werstas.we-1419734&index=5&size=large']","[{'name': 'Göran Hongell, Iittala', 'role': 'Tekijä'}]","[['Suomen Työväen Säästöpankki'], ['vaasit'], ['maljakot'], ['lahjaesineet'], ['lahjat'], ['juhlapäivät'], ['koriste-esineet'], ['rahoitus'], ['pankkiala'], ['pankit'], ['säästöpankit']]","Maljakko; Vaasi, lasimaljakko, koristelasi, lahjaesine",1969.0,Göran Hongell,13
693,heinolanmuseo.hkm-100208,['/Cover/Show?source=Solr&id=heinolanmuseo.hkm-100208&index=0&size=large'],"[{'name': 'Hongell Göran', 'role': 'Suunnittelija'}, {'name': 'Iittala', 'role': 'Valmistaja'}]","[['juomalasit'], ['snapsilasit']]",snapsilasi; Aarne,1982.0,Göran Hongell,13
694,heinolanmuseo.hkm-96274,['/Cover/Show?source=Solr&id=heinolanmuseo.hkm-96274&index=0&size=large'],"[{'name': 'Hopea Saara', 'role': 'Suunnittelija'}, {'name': 'Nuutajärven lasitehdas', 'role': 'Valmistaja'}]","[['juoma-astiat'], ['Juomalasit'], ['Astiat']]",juomalasi,1950.0,Saara Hopea,14
695,heinolanmuseo.hkm-96275,['/Cover/Show?source=Solr&id=heinolanmuseo.hkm-96275&index=0&size=large'],"[{'name': 'Hopea Saara', 'role': 'Suunnittelija'}, {'name': 'Nuutajärven lasitehdas', 'role': 'Valmistaja'}]","[['Lasiesineet'], ['Juomat'], ['Juomalasit'], ['Astiat']]",juomalasi,1950.0,Saara Hopea,14
696,heinolanmuseo.hkm-96757,['/Cover/Show?source=Solr&id=heinolanmuseo.hkm-96757&index=0&size=large'],"[{'name': 'Hopea Saara', 'role': 'Suunnittelija'}, {'name': 'Nuutajärven lasitehdas', 'role': 'Valmistaja'}]","[['Lasi'], ['Kattaukset'], ['Juomalasit']]",viinilasi,1950.0,Saara Hopea,14
697,heinolanmuseo.hkm-96758,['/Cover/Show?source=Solr&id=heinolanmuseo.hkm-96758&index=0&size=large'],"[{'name': 'Hopea Saara', 'role': 'Suunnittelija'}, {'name': 'Nuutajärven lasitehdas', 'role': 'Valmistaja'}]","[['Lasi'], ['Kattaukset'], ['Juomalasit']]",liköörilasi,1950.0,Saara Hopea,14
698,heinolanmuseo.hkm-97141,['/Cover/Show?source=Solr&id=heinolanmuseo.hkm-97141&index=0&size=large'],"[{'name': 'Hopea Saara', 'role': 'Suunnittelija'}, {'name': 'Nuutajärven lasitehdas', 'role': 'Valmistaja'}]","[['tarjoiluastiat'], ['jälkiruoka-astiat'], ['maljat']]",malja; 1344,1952.0,Saara Hopea,14
699,ksm.158470184091400,['/Cover/Show?source=Solr&id=ksm.158470184091400&index=0&size=large'],"[{'name': 'Nuutajärven lasitehdas', 'role': 'valmistaja'}, {'name': 'Saara Hopea', 'role': 'suunnittelija'}]","[['astiat'], ['juomalasit'], ['Saara Hopea'], ['Nuutajärven lasi'], ['muotoilu'], ['1952-2010 käyttöaika']]",Nuutajärvi pinottava lasi 1718; lasi; juomalasi; juomalasi; pinottava lasi; värillinen mehulasi,1952.0,Saara Hopea,14
700,ksm.162911047359700,['/Cover/Show?source=Solr&id=ksm.162911047359700&index=0&size=large'],"[{'name': 'Saara Hopea', 'role': 'suunnittelija'}, {'name': 'Nuutajärven lasitehdas', 'role': 'valmistaja'}]","[['astiat'], ['kulhot'], ['muotoilu'], ['lasituotteet'], ['sisustus'], ['1970-2013 käyttöaika']]",Nuutajärvi Näppylä-kulho; kulho;astia; lasikulho,1952.0,Saara Hopea,14
701,ksm.162911394870100,['/Cover/Show?source=Solr&id=ksm.162911394870100&index=0&size=large'],"[{'name': 'Saara Hopea', 'role': 'suunnittelija'}, {'name': 'Nuutajärven lasitehdas', 'role': 'valmistaja'}]","[['astiat'], ['maljat'], ['tarjoiluastiat'], ['muotoilu'], ['jälkiruoka-astiat'], ['1960-2013 käyttöaika']]",Nuutajärvi jälkiruokamalja; malja;astia; lasimalja,1952.0,Saara Hopea,14
702,heinolanmuseo.hkm-96232,['/Cover/Show?source=Solr&id=heinolanmuseo.hkm-96232&index=0&size=large'],"[{'name': 'Hopea Saara', 'role': 'Suunnittelija'}, {'name': 'Nuutajärven lasitehdas', 'role': 'Valmistaja'}]","[['Tarjoiluastiat'], ['Kattaukset'], ['Maljat'], ['Astiat']]",kaviaarimalja; 1331,1953.0,Saara Hopea,14
703,heinolanmuseo.hkm-96243,['/Cover/Show?source=Solr&id=heinolanmuseo.hkm-96243&index=0&size=large'],"[{'name': 'Hopea Saara', 'role': 'Suunnittelija'}, {'name': 'Nuutajärven lasitehdas', 'role': 'Valmistaja'}]","[['Ruokailuastiat'], ['Lautaset'], ['Kattaukset'], ['Astiat']]","lautanen; 1202, 1204, 1206",1953.0,Saara Hopea,14
704,heinolanmuseo.hkm-96244,['/Cover/Show?source=Solr&id=heinolanmuseo.hkm-96244&index=0&size=large'],"[{'name': 'Hopea Saara', 'role': 'Suunnittelija'}, {'name': 'Nuutajärven lasitehdas', 'role': 'Valmistaja'}]","[['Ruokailuastiat'], ['Lautaset'], ['Kattaukset'], ['Astiat']]","lautanen; 1202, 1204, 1206",1953.0,Saara Hopea,14
705,heinolanmuseo.hkm-96245,['/Cover/Show?source=Solr&id=heinolanmuseo.hkm-96245&index=0&size=large'],"[{'name': 'Hopea Saara', 'role': 'Suunnittelija'}, {'name': 'Nuutajärven lasitehdas', 'role': 'Valmistaja'}]","[['Ruokailuastiat'], ['Lautaset'], ['Kattaukset'], ['Astiat']]","lautanen; 1202, 1204, 1206",1953.0,Saara Hopea,14
706,heinolanmuseo.hkm-96247,['/Cover/Show?source=Solr&id=heinolanmuseo.hkm-96247&index=0&size=large'],"[{'name': 'Hopea Saara', 'role': 'Suunnittelija'}, {'name': 'Nuutajärven lasitehdas', 'role': 'Valmistaja'}]","[['Ruokailuastiat'], ['Lautaset'], ['Kattaukset'], ['Astiat']]","lautanen; 1202, 1204, 1206",1953.0,Saara Hopea,14
707,heinolanmuseo.hkm-96248,['/Cover/Show?source=Solr&id=heinolanmuseo.hkm-96248&index=0&size=large'],"[{'name': 'Hopea Saara', 'role': 'Suunnittelija'}, {'name': 'Nuutajärven lasitehdas', 'role': 'Valmistaja'}]","[['Ruokailuastiat'], ['Lautaset'], ['Kattaukset'], ['Astiat']]","lautanen; 1202, 1204, 1206",1953.0,Saara Hopea,14
708,heinolanmuseo.hkm-96249,['/Cover/Show?source=Solr&id=heinolanmuseo.hkm-96249&index=0&size=large'],"[{'name': 'Hopea Saara', 'role': 'Suunnittelija'}, {'name': 'Nuutajärven lasitehdas', 'role': 'Valmistaja'}]","[['Ruokailuastiat'], ['Lautaset'], ['Kattaukset'], ['Astiat']]","lautanen; 1202, 1204, 1206",1953.0,Saara Hopea,14
709,heinolanmuseo.hkm-97124,['/Cover/Show?source=Solr&id=heinolanmuseo.hkm-97124&index=0&size=large'],"[{'name': 'Hopea Saara', 'role': 'Suunnittelija'}, {'name': 'Nuutajärven lasitehdas', 'role': 'Valmistaja'}]","[['kukkien asettelu'], ['vaasit'], ['maljakot']]",maljakko; SH 105/1404,1953.0,Saara Hopea,14
710,heinolanmuseo.hkm-97125,['/Cover/Show?source=Solr&id=heinolanmuseo.hkm-97125&index=0&size=large'],"[{'name': 'Hopea Saara', 'role': 'Suunnittelija'}, {'name': 'Nuutajärven lasitehdas', 'role': 'Valmistaja'}]","[['kukkien asettelu'], ['vaasit'], ['maljakot']]",maljakko; SH 105/1404,1953.0,Saara Hopea,14
711,heinolanmuseo.hkm-97126,['/Cover/Show?source=Solr&id=heinolanmuseo.hkm-97126&index=0&size=large'],"[{'name': 'Hopea Saara', 'role': 'Suunnittelija'}, {'name': 'Nuutajärven lasitehdas', 'role': 'Valmistaja'}]","[['kukkien asettelu'], ['vaasit'], ['maljakot']]",maljakko; SH 105/1404,1953.0,Saara Hopea,14
712,kuhmu.C5D6DD700CC94745BF279BD182B4A821,['/Cover/Show?source=Solr&id=kuhmu.C5D6DD700CC94745BF279BD182B4A821&index=0&size=large'],"[{'name': 'Hopea-Untracht, Saara', 'role': 'suunnittelija'}, {'name': 'Nuutajärvi lasitehdas', 'role': 'valmistaja'}]","[['muotoilijat'], ['muotoilijat'], ['juomalasit'], ['juomalasit'], ['juoma-astiat'], ['muotoilu']]",juomalasi; liköörilasi,1953.0,Saara Hopea,14
713,heinolanmuseo.hkm-96231,['/Cover/Show?source=Solr&id=heinolanmuseo.hkm-96231&index=0&size=large'],"[{'name': 'Hopea Saara', 'role': 'Suunnittelija'}, {'name': 'Nuutajärven lasitehdas', 'role': 'Valmistaja'}]","[['Astiat'], ['Juomat'], ['Juomalasit'], ['Kattaukset']]","samppanjalasi; Gala, 2129",1954.0,Saara Hopea,14
714,heinolanmuseo.hkm-96229,['/Cover/Show?source=Solr&id=heinolanmuseo.hkm-96229&index=0&size=large'],"[{'name': 'Hopea Saara', 'role': 'Suunnittelija'}, {'name': 'Nuutajärven lasitehdas', 'role': 'Valmistaja'}]","[['maljakot'], ['Juomalasit'], ['Astiat'], ['Kattaukset']]",aromilasi; 1131,1955.0,Saara Hopea,14
715,heinolanmuseo.hkm-96230,['/Cover/Show?source=Solr&id=heinolanmuseo.hkm-96230&index=0&size=large'],"[{'name': 'Hopea Saara', 'role': 'Suunnittelija'}, {'name': 'Nuutajärven lasitehdas', 'role': 'Valmistaja'}]","[['Kattaukset'], ['Juomat'], ['Juomalasit'], ['Astiat']]",konjakkilasi; 1131,1955.0,Saara Hopea,14
716,heinolanmuseo.hkm-97122,['/Cover/Show?source=Solr&id=heinolanmuseo.hkm-97122&index=0&size=large'],"[{'name': 'Hopea Saara', 'role': 'Suunnittelija'}, {'name': 'Nuutajärven lasitehdas', 'role': 'Valmistaja'}]","[['kukkien asettelu'], ['vaasit'], ['maljakot']]","maljakko; SH 109, Pantteri",1955.0,Saara Hopea,14
717,ksm.162911685952000,['/Cover/Show?source=Solr&id=ksm.162911685952000&index=0&size=large'],"[{'name': 'Saara Hopea', 'role': 'suunnittelija'}, {'name': 'Nuutajärven lasitehdas', 'role': 'valmistaja'}]","[['astiat'], ['muotoilu'], ['juomalasit'], ['1960-2013 käyttöaika']]",Nuutajärvi suuri aromilasi; lasi; konjakkilasi; aromilasi,1955.0,Saara Hopea,14
718,heinolanmuseo.hkm-96227,['/Cover/Show?source=Solr&id=heinolanmuseo.hkm-96227&index=0&size=large'],"[{'name': 'Hopea Saara', 'role': 'Suunnittelija'}, {'name': 'Nuutajärven lasitehdas', 'role': 'Valmistaja'}]","[['Kattaukset'], ['Juomat'], ['Juomalasit'], ['Astiat']]",maljakko; 1406,1956.0,Saara Hopea,14
719,heinolanmuseo.hkm-96228,['/Cover/Show?source=Solr&id=heinolanmuseo.hkm-96228&index=0&size=large'],"[{'name': 'Hopea Saara', 'role': 'Suunnittelija'}, {'name': 'Nuutajärven lasitehdas', 'role': 'Valmistaja'}]","[['maljakot'], ['Juomalasit'], ['Astiat']]",maljakko; 1406,1956.0,Saara Hopea,14
720,heinolanmuseo.hkm-96233,['/Cover/Show?source=Solr&id=heinolanmuseo.hkm-96233&index=0&size=large'],"[{'name': 'Hopea Saara', 'role': 'Suunnittelija'}, {'name': 'Nuutajärven lasitehdas', 'role': 'Valmistaja'}]","[['Juomat'], ['Juomalasit'], ['Astiat']]","juomalasi; Marja, 2745",1956.0,Saara Hopea,14
721,heinolanmuseo.hkm-96234,['/Cover/Show?source=Solr&id=heinolanmuseo.hkm-96234&index=0&size=large'],"[{'name': 'Hopea Saara', 'role': 'Suunnittelija'}, {'name': 'Nuutajärven lasitehdas', 'role': 'Valmistaja'}]","[['Juomat'], ['Juomalasit'], ['Astiat']]","juomalasi; Marja, 2745",1956.0,Saara Hopea,14
722,heinolanmuseo.hkm-96235,['/Cover/Show?source=Solr&id=heinolanmuseo.hkm-96235&index=0&size=large'],"[{'name': 'Hopea Saara', 'role': 'Suunnittelija'}, {'name': 'Nuutajärven lasitehdas', 'role': 'Valmistaja'}]","[['Juomat'], ['Juomalasit'], ['Astiat']]","juomalasi; Marja, 2745",1956.0,Saara Hopea,14
723,heinolanmuseo.hkm-96236,['/Cover/Show?source=Solr&id=heinolanmuseo.hkm-96236&index=0&size=large'],"[{'name': 'Hopea Saara', 'role': 'Suunnittelija'}, {'name': 'Nuutajärven lasitehdas', 'role': 'Valmistaja'}]","[['Juomat'], ['Juomalasit'], ['Astiat']]","juomalasi; Marja, 2745",1956.0,Saara Hopea,14
724,heinolanmuseo.hkm-96237,['/Cover/Show?source=Solr&id=heinolanmuseo.hkm-96237&index=0&size=large'],"[{'name': 'Hopea Saara', 'role': 'Suunnittelija'}, {'name': 'Nuutajärven lasitehdas', 'role': 'Valmistaja'}]","[['Juomat'], ['Juomalasit'], ['Astiat']]","juomalasi; Marja, 2745",1956.0,Saara Hopea,14
725,heinolanmuseo.hkm-96238,['/Cover/Show?source=Solr&id=heinolanmuseo.hkm-96238&index=0&size=large'],"[{'name': 'Hopea Saara', 'role': 'Suunnittelija'}, {'name': 'Nuutajärven lasitehdas', 'role': 'Valmistaja'}]","[['Juomat'], ['Juomalasit'], ['Astiat']]","juomalasi; Marja, 2745",1956.0,Saara Hopea,14
726,heinolanmuseo.hkm-96239,['/Cover/Show?source=Solr&id=heinolanmuseo.hkm-96239&index=0&size=large'],"[{'name': 'Hopea Saara', 'role': 'Suunnittelija'}, {'name': 'Nuutajärven lasitehdas', 'role': 'Valmistaja'}]","[['Juomat'], ['Juomalasit'], ['Astiat']]","juomalasi; Marja, 2745",1956.0,Saara Hopea,14
727,heinolanmuseo.hkm-96240,['/Cover/Show?source=Solr&id=heinolanmuseo.hkm-96240&index=0&size=large'],"[{'name': 'Hopea Saara', 'role': 'Suunnittelija'}, {'name': 'Nuutajärven lasitehdas', 'role': 'Valmistaja'}]","[['Juomat'], ['Juomalasit'], ['Astiat']]","juomalasi; Marja, 2745",1956.0,Saara Hopea,14
728,hkm.8515C8EF-D9C9-4BC5-9804-1A40A4A30AF7,['/Cover/Show?source=Solr&id=hkm.8515C8EF-D9C9-4BC5-9804-1A40A4A30AF7&index=0&size=large'],"[{'name': 'Hopea, Saara', 'role': 'muotoilija'}]","[['muotoilu'], ['taideteollisuus'], ['keräily'], ['koriste-esineet'], ['sisustus']]",maljakko; kristallimaljakko,1956.0,Saara Hopea,14
729,heinolanmuseo.hkm-96241,['/Cover/Show?source=Solr&id=heinolanmuseo.hkm-96241&index=0&size=large'],"[{'name': 'Hopea Saara', 'role': 'Suunnittelija'}, {'name': 'Nuutajärven lasitehdas', 'role': 'Valmistaja'}]","[['Ruokailuastiat'], ['Lautaset'], ['Kattaukset']]",lautanen; 5277,1958.0,Saara Hopea,14
730,heinolanmuseo.hkm-96242,['/Cover/Show?source=Solr&id=heinolanmuseo.hkm-96242&index=0&size=large'],"[{'name': 'Hopea Saara', 'role': 'Suunnittelija'}, {'name': 'Nuutajärven lasitehdas', 'role': 'Valmistaja'}]","[['Ruokailuastiat'], ['Lautaset'], ['Kattaukset']]",lautanen; 5277,1958.0,Saara Hopea,14
731,heinolanmuseo.hkm-96273,"['/Cover/Show?source=Solr&id=heinolanmuseo.hkm-96273&index=0&size=large', '/Cover/Show?source=Solr&id=heinolanmuseo.hkm-96273&index=1&size=large']","[{'name': 'Hopea Saara', 'role': 'Suunnittelija'}, {'name': 'Nuutajärven lasitehdas', 'role': 'Valmistaja'}]","[['Lasiesineet'], ['Maljakot'], ['Koriste-esineet'], ['Koristelu']]",maljakko,1958.0,Saara Hopea,14
732,heinolanmuseo.hkm-97127,['/Cover/Show?source=Solr&id=heinolanmuseo.hkm-97127&index=0&size=large'],"[{'name': 'Hopea Saara', 'role': 'Suunnittelija'}, {'name': 'Nuutajärven lasitehdas', 'role': 'Valmistaja'}]","[['kukkien asettelu'], ['vaasit'], ['maljakot']]",maljakko; SH 142/1416,1958.0,Saara Hopea,14
733,heinolanmuseo.hkm-97128,['/Cover/Show?source=Solr&id=heinolanmuseo.hkm-97128&index=0&size=large'],"[{'name': 'Hopea Saara', 'role': 'Suunnittelija'}, {'name': 'Nuutajärven lasitehdas', 'role': 'Valmistaja'}]","[['kukkien asettelu'], ['vaasit'], ['maljakot']]",maljakko; SH 142/1416,1958.0,Saara Hopea,14
734,hkm.C63F5913-DA52-4304-8625-CB12B1BF301E,['/Cover/Show?source=Solr&id=hkm.C63F5913-DA52-4304-8625-CB12B1BF301E&index=0&size=large'],"[{'name': 'Nuutajärven lasitehdas', 'role': 'valmistaja'}, {'name': 'Hopea, Saara', 'role': 'muotoilija'}]","[['muotoilu'], ['taideteollisuus'], ['keräily'], ['koriste-esineet'], ['sisustus']]",maljakko,1959.0,Saara Hopea,14
735,heinolanmuseo.hkm-91372,['/Cover/Show?source=Solr&id=heinolanmuseo.hkm-91372&index=0&size=large'],"[{'name': 'Hopea Saara', 'role': 'Suunnittelija'}, {'name': 'Iittala', 'role': 'Valmistaja'}]","[['Tarjoiluastiat'], ['Maljakot'], ['Maljat']]",maljakko,1960.0,Saara Hopea,14
736,ksm.158470194724300,['/Cover/Show?source=Solr&id=ksm.158470194724300&index=0&size=large'],"[{'name': 'Riihimäen Lasi Oy', 'role': 'valmistaja'}, {'name': 'Saara Hopea', 'role': 'suunnittelija'}]","[['lasiesineet'], ['koriste-esineet'], ['lasitaide'], ['taide-esineet'], ['pullot'], ['1970-2015 käyttöaika']]",Saara Hopea pieni taidelasimaljakko; maljakko; koristemaljakko; taidelasi; kukkamaljakko,1960.0,Saara Hopea,14
737,heinolanmuseo.hkm-97123,['/Cover/Show?source=Solr&id=heinolanmuseo.hkm-97123&index=0&size=large'],"[{'name': 'Hopea Saara', 'role': 'Suunnittelija'}, {'name': 'Nuutajärven lasitehdas', 'role': 'Valmistaja'}]","[['kukkien asettelu'], ['vaasit'], ['maljakot']]",maljakko; SH 122 Kupla,1964.0,Saara Hopea,14
738,heinolanmuseo.hkm-96173,['/Cover/Show?source=Solr&id=heinolanmuseo.hkm-96173&index=0&size=large'],"[{'name': 'Hopea Saara', 'role': 'Suunnittelija'}, {'name': 'Nuutajärven lasitehdas', 'role': 'Valmistaja'}]","[['Tarjoiluastiat'], ['Karahvit'], ['Kattaukset']]",karahvi; 2501,,Saara Hopea,14
739,heinolanmuseo.hkm-96176,['/Cover/Show?source=Solr&id=heinolanmuseo.hkm-96176&index=0&size=large'],"[{'name': 'Hopea Saara', 'role': 'Suunnittelija'}, {'name': 'Nuutajärven lasitehdas', 'role': 'Valmistaja'}]","[['cocktailit'], ['Juomat'], ['Juomalasit']]",cocktail-lasi; 2126,,Saara Hopea,14
740,heinolanmuseo.hkm-96177,['/Cover/Show?source=Solr&id=heinolanmuseo.hkm-96177&index=0&size=large'],"[{'name': 'Hopea Saara', 'role': 'Suunnittelija'}, {'name': 'Nuutajärven lasitehdas', 'role': 'Valmistaja'}]","[['cocktailit'], ['Juomat'], ['Juomalasit']]",cocktail-lasi; 2126,,Saara Hopea,14
741,heinolanmuseo.hkm-96179,['/Cover/Show?source=Solr&id=heinolanmuseo.hkm-96179&index=0&size=large'],"[{'name': 'Hopea Saara', 'role': 'Suunnittelija'}, {'name': 'Nuutajärven lasitehdas', 'role': 'Valmistaja'}]","[['Ruokailu'], ['Jälkiruoka-astiat'], ['Maljat'], ['Kattaukset']]",jälkiruokamalja; 5379,,Saara Hopea,14
742,heinolanmuseo.hkm-96181,['/Cover/Show?source=Solr&id=heinolanmuseo.hkm-96181&index=0&size=large'],"[{'name': 'Hopea Saara', 'role': 'Suunnittelija'}, {'name': 'Nuutajärven lasitehdas', 'role': 'Valmistaja'}]","[['tarjoiluastiat'], ['Maljat'], ['Kattaukset'], ['Jälkiruoka-astiat']]",jälkiruokamalja; 5379,,Saara Hopea,14
743,heinolanmuseo.hkm-96182,['/Cover/Show?source=Solr&id=heinolanmuseo.hkm-96182&index=0&size=large'],"[{'name': 'Hopea Saara', 'role': 'Suunnittelija'}, {'name': 'Nuutajärven lasitehdas', 'role': 'Valmistaja'}]","[['tarjoiluastiat'], ['Maljat'], ['Kattaukset'], ['Jälkiruoka-astiat']]",jälkiruokamalja; 5379,,Saara Hopea,14
744,heinolanmuseo.hkm-96183,['/Cover/Show?source=Solr&id=heinolanmuseo.hkm-96183&index=0&size=large'],"[{'name': 'Hopea Saara', 'role': 'Suunnittelija'}, {'name': 'Nuutajärven lasitehdas', 'role': 'Valmistaja'}]","[['olut'], ['Juomat'], ['Juomalasit']]",olutlasi; 1710,,Saara Hopea,14
745,heinolanmuseo.hkm-96186,['/Cover/Show?source=Solr&id=heinolanmuseo.hkm-96186&index=0&size=large'],"[{'name': 'Hopea Saara', 'role': 'Suunnittelija'}, {'name': 'Nuutajärven lasitehdas', 'role': 'Valmistaja'}]","[['Kattaukset'], ['Juomat'], ['Juomalasit']]","juomalasi; Bistro 1345, 2124",,Saara Hopea,14
746,heinolanmuseo.hkm-96187,['/Cover/Show?source=Solr&id=heinolanmuseo.hkm-96187&index=0&size=large'],"[{'name': 'Hopea Saara', 'role': 'Suunnittelija'}, {'name': 'Nuutajärven lasitehdas', 'role': 'Valmistaja'}]","[['Kattaukset'], ['Juomat'], ['Juomalasit']]","juomalasi; Bistro 1345, 2124",,Saara Hopea,14
747,heinolanmuseo.hkm-96190,['/Cover/Show?source=Solr&id=heinolanmuseo.hkm-96190&index=0&size=large'],"[{'name': 'Hopea Saara', 'role': 'Suunnittelija'}, {'name': 'Nuutajärven lasitehdas', 'role': 'Valmistaja'}]","[['Kattaukset'], ['Juomat'], ['Juomalasit']]","juomalasi; Bistro 1345, 2124",,Saara Hopea,14
748,heinolanmuseo.hkm-96191,['/Cover/Show?source=Solr&id=heinolanmuseo.hkm-96191&index=0&size=large'],"[{'name': 'Hopea Saara', 'role': 'Suunnittelija'}, {'name': 'Nuutajärven lasitehdas', 'role': 'Valmistaja'}]","[['Kattaukset'], ['Juomat'], ['Juomalasit']]","juomalasi; Bistro 1345, 2124",,Saara Hopea,14
749,heinolanmuseo.hkm-96192,['/Cover/Show?source=Solr&id=heinolanmuseo.hkm-96192&index=0&size=large'],"[{'name': 'Hopea Saara', 'role': 'Suunnittelija'}, {'name': 'Nuutajärven lasitehdas', 'role': 'Valmistaja'}]","[['Kattaukset'], ['Juomat'], ['Juomalasit']]","juomalasi; Bistro 1345, 2124",,Saara Hopea,14
750,heinolanmuseo.hkm-96194,['/Cover/Show?source=Solr&id=heinolanmuseo.hkm-96194&index=0&size=large'],"[{'name': 'Hopea Saara', 'role': 'Suunnittelija'}, {'name': 'Nuutajärven lasitehdas', 'role': 'Valmistaja'}]","[['samppanja'], ['Juomat'], ['Juomalasit'], ['Kattaukset']]","samppanjalasi; Nestori, 1142",,Saara Hopea,14
751,heinolanmuseo.hkm-96198,['/Cover/Show?source=Solr&id=heinolanmuseo.hkm-96198&index=0&size=large'],"[{'name': 'Hopea Saara', 'role': 'Suunnittelija'}, {'name': 'Nuutajärven lasitehdas', 'role': 'Valmistaja'}]","[['Kattaukset'], ['Juomat'], ['Juomalasit'], ['Astiat']]","juomalasi; Nestori, 1142",,Saara Hopea,14
752,heinolanmuseo.hkm-96199,['/Cover/Show?source=Solr&id=heinolanmuseo.hkm-96199&index=0&size=large'],"[{'name': 'Hopea Saara', 'role': 'Suunnittelija'}, {'name': 'Nuutajärven lasitehdas', 'role': 'Valmistaja'}]","[['Kattaukset'], ['Juomat'], ['Juomalasit'], ['Astiat']]","juomalasi; Nestori, 1142",,Saara Hopea,14
753,heinolanmuseo.hkm-96201,['/Cover/Show?source=Solr&id=heinolanmuseo.hkm-96201&index=0&size=large'],"[{'name': 'Hopea Saara', 'role': 'Suunnittelija'}, {'name': 'Nuutajärven lasitehdas', 'role': 'Valmistaja'}]","[['likööri'], ['Juomalasit'], ['Juomat']]","liköörilasi; Flamingo, 1102",,Saara Hopea,14
754,heinolanmuseo.hkm-96204,['/Cover/Show?source=Solr&id=heinolanmuseo.hkm-96204&index=0&size=large'],"[{'name': 'Hopea Saara', 'role': 'Suunnittelija'}, {'name': 'Nuutajärven lasitehdas', 'role': 'Valmistaja'}]","[['olut'], ['Kristallilasi'], ['Kattaukset'], ['Juomalasit'], ['Juomat']]",olutlasi; Inari 2161/K 505,,Saara Hopea,14
755,heinolanmuseo.hkm-96206,['/Cover/Show?source=Solr&id=heinolanmuseo.hkm-96206&index=0&size=large'],"[{'name': 'Hopea Saara', 'role': 'Suunnittelija'}, {'name': 'Nuutajärven lasitehdas', 'role': 'Valmistaja'}]","[['Kristallilasi'], ['Kattaukset'], ['Juomat'], ['Juomalasit']]",samppanjalasi; Inari 2161/K 505,,Saara Hopea,14
756,heinolanmuseo.hkm-96208,['/Cover/Show?source=Solr&id=heinolanmuseo.hkm-96208&index=0&size=large'],"[{'name': 'Hopea Saara', 'role': 'Suunnittelija'}, {'name': 'Nuutajärven lasitehdas', 'role': 'Valmistaja'}]","[['Kristallilasi'], ['Kattaukset'], ['Juomat'], ['Juomalasit']]",viinilasi; Inari 2161/K 505,,Saara Hopea,14
757,heinolanmuseo.hkm-96209,['/Cover/Show?source=Solr&id=heinolanmuseo.hkm-96209&index=0&size=large'],"[{'name': 'Hopea Saara', 'role': 'Suunnittelija'}, {'name': 'Nuutajärven lasitehdas', 'role': 'Valmistaja'}]","[['Kristallilasi'], ['Kattaukset'], ['Juomat'], ['Juomalasit']]",cocktail-lasi; Inari 2161/K 505,,Saara Hopea,14
758,heinolanmuseo.hkm-96210,['/Cover/Show?source=Solr&id=heinolanmuseo.hkm-96210&index=0&size=large'],"[{'name': 'Hopea Saara', 'role': 'Suunnittelija'}, {'name': 'Nuutajärven lasitehdas', 'role': 'Valmistaja'}]","[['Kristallilasi'], ['Kattaukset'], ['Juomat'], ['Juomalasit']]",juomalasi; Inari 2161/K 505,,Saara Hopea,14
759,heinolanmuseo.hkm-96211,['/Cover/Show?source=Solr&id=heinolanmuseo.hkm-96211&index=0&size=large'],"[{'name': 'Hopea Saara', 'role': 'Suunnittelija'}, {'name': 'Nuutajärven lasitehdas', 'role': 'Valmistaja'}]","[['Juomat'], ['Juomalasit'], ['Kattaukset']]","juomalasi; Astor, 2164",,Saara Hopea,14
760,heinolanmuseo.hkm-96212,['/Cover/Show?source=Solr&id=heinolanmuseo.hkm-96212&index=0&size=large'],"[{'name': 'Hopea Saara', 'role': 'Suunnittelija'}, {'name': 'Nuutajärven lasitehdas', 'role': 'Valmistaja'}]","[['Kattaukset'], ['Juomat'], ['Juomalasit']]","juomalasi; Astor, 2164",,Saara Hopea,14
761,heinolanmuseo.hkm-96213,['/Cover/Show?source=Solr&id=heinolanmuseo.hkm-96213&index=0&size=large'],"[{'name': 'Hopea Saara', 'role': 'Suunnittelija'}, {'name': 'Nuutajärven lasitehdas', 'role': 'Valmistaja'}]","[['Kattaukset'], ['Juomat'], ['Juomalasit']]","juomalasi; Astor, 2164",,Saara Hopea,14
762,heinolanmuseo.hkm-96214,['/Cover/Show?source=Solr&id=heinolanmuseo.hkm-96214&index=0&size=large'],"[{'name': 'Hopea Saara', 'role': 'Suunnittelija'}, {'name': 'Nuutajärven lasitehdas', 'role': 'Valmistaja'}]","[['Kattaukset'], ['Juomat'], ['Juomalasit']]","juomalasi; Astor, 2164",,Saara Hopea,14
763,heinolanmuseo.hkm-96215,['/Cover/Show?source=Solr&id=heinolanmuseo.hkm-96215&index=0&size=large'],"[{'name': 'Hopea Saara', 'role': 'Suunnittelija'}, {'name': 'Nuutajärven lasitehdas', 'role': 'Valmistaja'}]","[['Juomat'], ['Juomalasit'], ['Kattaukset'], ['Astiat']]","juomalasi; Hopea, 2149",,Saara Hopea,14
764,heinolanmuseo.hkm-96216,['/Cover/Show?source=Solr&id=heinolanmuseo.hkm-96216&index=0&size=large'],"[{'name': 'Hopea Saara', 'role': 'Suunnittelija'}, {'name': 'Nuutajärven lasitehdas', 'role': 'Valmistaja'}]","[['Kattaukset'], ['Juomat'], ['Juomalasit']]","juomalasi; Hopea, 2149",,Saara Hopea,14
765,heinolanmuseo.hkm-96217,['/Cover/Show?source=Solr&id=heinolanmuseo.hkm-96217&index=0&size=large'],"[{'name': 'Hopea Saara', 'role': 'Suunnittelija'}, {'name': 'Nuutajärven lasitehdas', 'role': 'Valmistaja'}]","[['Kattaukset'], ['Juomat'], ['Juomalasit']]","juomalasi; Hopea, 2149",,Saara Hopea,14
766,heinolanmuseo.hkm-96218,['/Cover/Show?source=Solr&id=heinolanmuseo.hkm-96218&index=0&size=large'],"[{'name': 'Hopea Saara', 'role': 'Suunnittelija'}, {'name': 'Nuutajärven lasitehdas', 'role': 'Valmistaja'}]","[['Kattaukset'], ['Juomat'], ['Juomalasit']]","juomalasi; Hopea, 2149",,Saara Hopea,14
767,heinolanmuseo.hkm-96219,['/Cover/Show?source=Solr&id=heinolanmuseo.hkm-96219&index=0&size=large'],"[{'name': 'Hopea Saara', 'role': 'Suunnittelija'}, {'name': 'Nuutajärven lasitehdas', 'role': 'Valmistaja'}]","[['Kattaukset'], ['Juomat'], ['Juomalasit']]","juomalasi; Hopea, 2149",,Saara Hopea,14
768,heinolanmuseo.hkm-96220,['/Cover/Show?source=Solr&id=heinolanmuseo.hkm-96220&index=0&size=large'],"[{'name': 'Hopea Saara', 'role': 'Suunnittelija'}, {'name': 'Nuutajärven lasitehdas', 'role': 'Valmistaja'}]","[['Kattaukset'], ['Juomat'], ['Juomalasit']]","juomalasi; Hopea, 2149",,Saara Hopea,14
769,heinolanmuseo.hkm-96221,['/Cover/Show?source=Solr&id=heinolanmuseo.hkm-96221&index=0&size=large'],"[{'name': 'Hopea Saara', 'role': 'Suunnittelija'}, {'name': 'Nuutajärven lasitehdas', 'role': 'Valmistaja'}]","[['Kattaukset'], ['Juomat'], ['Juomalasit']]","juomalasi; Hopea, 2149",,Saara Hopea,14
770,heinolanmuseo.hkm-96222,['/Cover/Show?source=Solr&id=heinolanmuseo.hkm-96222&index=0&size=large'],"[{'name': 'Hopea Saara', 'role': 'Suunnittelija'}, {'name': 'Nuutajärven lasitehdas', 'role': 'Valmistaja'}]","[['Kattaukset'], ['Juomat'], ['Juomalasit']]","juomalasi; Hopea, 2149",,Saara Hopea,14
771,heinolanmuseo.hkm-96223,['/Cover/Show?source=Solr&id=heinolanmuseo.hkm-96223&index=0&size=large'],"[{'name': 'Hopea Saara', 'role': 'Suunnittelija'}, {'name': 'Nuutajärven lasitehdas', 'role': 'Valmistaja'}]","[['Kattaukset'], ['Juomat'], ['Juomalasit']]","juomalasi; Hopea, 2149",,Saara Hopea,14
772,heinolanmuseo.hkm-96224,['/Cover/Show?source=Solr&id=heinolanmuseo.hkm-96224&index=0&size=large'],"[{'name': 'Hopea Saara', 'role': 'Suunnittelija'}, {'name': 'Nuutajärven lasitehdas', 'role': 'Valmistaja'}]","[['Juomat'], ['Juomalasit'], ['Kattaukset']]","juomalasi; Veikko, 2142",,Saara Hopea,14
773,heinolanmuseo.hkm-96225,['/Cover/Show?source=Solr&id=heinolanmuseo.hkm-96225&index=0&size=large'],"[{'name': 'Hopea Saara', 'role': 'Suunnittelija'}, {'name': 'Nuutajärven lasitehdas', 'role': 'Valmistaja'}]","[['Kattaukset'], ['Juomat'], ['Juomalasit']]","juomalasi; Veikko, 2142",,Saara Hopea,14
774,heinolanmuseo.hkm-96226,['/Cover/Show?source=Solr&id=heinolanmuseo.hkm-96226&index=0&size=large'],"[{'name': 'Hopea Saara', 'role': 'Suunnittelija'}, {'name': 'Nuutajärven lasitehdas', 'role': 'Valmistaja'}]","[['Juomat'], ['Juomalasit'], ['Kattaukset']]",jättiläisaromilasi; 3403,,Saara Hopea,14
775,heinolanmuseo.hkm-97129,['/Cover/Show?source=Solr&id=heinolanmuseo.hkm-97129&index=0&size=large'],"[{'name': 'Hopea Saara', 'role': 'Suunnittelija'}, {'name': 'Nuutajärven lasitehdas', 'role': 'Valmistaja'}]","[['tupakointi'], ['tuhkakupit']]",tuhkakuppi; 6604,,Saara Hopea,14
776,heinolanmuseo.hkm-97130,['/Cover/Show?source=Solr&id=heinolanmuseo.hkm-97130&index=0&size=large'],"[{'name': 'Hopea Saara', 'role': 'Suunnittelija'}, {'name': 'Nuutajärven lasitehdas', 'role': 'Valmistaja'}]","[['tupakointi'], ['tuhkakupit']]",tuhkakuppi; 6604,,Saara Hopea,14
777,heinolanmuseo.hkm-97131,['/Cover/Show?source=Solr&id=heinolanmuseo.hkm-97131&index=0&size=large'],"[{'name': 'Hopea Saara', 'role': 'Suunnittelija'}, {'name': 'Nuutajärven lasitehdas', 'role': 'Valmistaja'}]","[['tarjoiluastiat'], ['kulhot']]","kulho; Nyppyläkulho, 5271",,Saara Hopea,14
778,heinolanmuseo.hkm-97132,['/Cover/Show?source=Solr&id=heinolanmuseo.hkm-97132&index=0&size=large'],"[{'name': 'Hopea Saara', 'role': 'Suunnittelija'}, {'name': 'Nuutajärven lasitehdas', 'role': 'Valmistaja'}]","[['tarjoiluastiat'], ['kulhot']]","kulho; Nyppyläkulho, 5271",,Saara Hopea,14
779,heinolanmuseo.hkm-97133,['/Cover/Show?source=Solr&id=heinolanmuseo.hkm-97133&index=0&size=large'],"[{'name': 'Hopea Saara', 'role': 'Suunnittelija'}, {'name': 'Nuutajärven lasitehdas', 'role': 'Valmistaja'}]","[['tarjoiluastiat'], ['kulhot']]",kulho; 5577,,Saara Hopea,14
780,heinolanmuseo.hkm-97134,['/Cover/Show?source=Solr&id=heinolanmuseo.hkm-97134&index=0&size=large'],"[{'name': 'Hopea Saara', 'role': 'Suunnittelija'}, {'name': 'Nuutajärven lasitehdas', 'role': 'Valmistaja'}]","[['maljat'], ['kulhot']]",kulho; 5577,,Saara Hopea,14
781,heinolanmuseo.hkm-97135,['/Cover/Show?source=Solr&id=heinolanmuseo.hkm-97135&index=0&size=large'],"[{'name': 'Hopea Saara', 'role': 'Suunnittelija'}, {'name': 'Nuutajärven lasitehdas', 'role': 'Valmistaja'}]","[['maljat'], ['kulhot']]",kulho; 5577,,Saara Hopea,14
782,heinolanmuseo.hkm-97136,['/Cover/Show?source=Solr&id=heinolanmuseo.hkm-97136&index=0&size=large'],"[{'name': 'Hopea Saara', 'role': 'Suunnittelija'}, {'name': 'Nuutajärven lasitehdas', 'role': 'Valmistaja'}]","[['mausteastiat'], ['purkit'], ['tölkit']]",maustepurkki; 1931,,Saara Hopea,14
783,heinolanmuseo.hkm-97137,['/Cover/Show?source=Solr&id=heinolanmuseo.hkm-97137&index=0&size=large'],"[{'name': 'Hopea Saara', 'role': 'Suunnittelija'}, {'name': 'Nuutajärven lasitehdas', 'role': 'Valmistaja'}]","[['purkit'], ['mausteastiat'], ['tölkit']]",maustepurkki; 1931,,Saara Hopea,14
784,heinolanmuseo.hkm-97138,['/Cover/Show?source=Solr&id=heinolanmuseo.hkm-97138&index=0&size=large'],"[{'name': 'Hopea Saara', 'role': 'Suunnittelija'}, {'name': 'Nuutajärven lasitehdas', 'role': 'Valmistaja'}]","[['tarjoiluastiat'], ['jälkiruoka-astiat'], ['maljat']]",malja; 1344,,Saara Hopea,14
785,heinolanmuseo.hkm-97139,['/Cover/Show?source=Solr&id=heinolanmuseo.hkm-97139&index=0&size=large'],"[{'name': 'Hopea Saara', 'role': 'Suunnittelija'}, {'name': 'Nuutajärven lasitehdas', 'role': 'Valmistaja'}]","[['tarjoiluastiat'], ['jälkiruoka-astiat'], ['maljat']]",malja; 1344,,Saara Hopea,14
786,heinolanmuseo.hkm-97140,['/Cover/Show?source=Solr&id=heinolanmuseo.hkm-97140&index=0&size=large'],"[{'name': 'Hopea Saara', 'role': 'Suunnittelija'}, {'name': 'Nuutajärven lasitehdas', 'role': 'Valmistaja'}]","[['tarjoiluastiat'], ['jälkiruoka-astiat'], ['maljat']]",malja; 1344,,Saara Hopea,14
787,heinolanmuseo.hkm-97142,['/Cover/Show?source=Solr&id=heinolanmuseo.hkm-97142&index=0&size=large'],"[{'name': 'Hopea Saara', 'role': 'Suunnittelija'}, {'name': 'Nuutajärven lasitehdas', 'role': 'Valmistaja'}]","[['tarjoiluastiat'], ['jälkiruoka-astiat'], ['maljat']]",malja; 1344,,Saara Hopea,14
788,heinolanmuseo.hkm-97143,['/Cover/Show?source=Solr&id=heinolanmuseo.hkm-97143&index=0&size=large'],"[{'name': 'Hopea Saara', 'role': 'Suunnittelija'}, {'name': 'Nuutajärven lasitehdas', 'role': 'Valmistaja'}]","[['tarjoiluastiat'], ['jälkiruoka-astiat'], ['maljat']]",malja; 1344,,Saara Hopea,14
789,heinolanmuseo.hkm-97144,['/Cover/Show?source=Solr&id=heinolanmuseo.hkm-97144&index=0&size=large'],"[{'name': 'Hopea Saara', 'role': 'Suunnittelija'}, {'name': 'Nuutajärven lasitehdas', 'role': 'Valmistaja'}]","[['tarjoiluastiat'], ['jälkiruoka-astiat'], ['maljat']]",malja; 1344,,Saara Hopea,14
790,heinolanmuseo.hkm-97145,['/Cover/Show?source=Solr&id=heinolanmuseo.hkm-97145&index=0&size=large'],"[{'name': 'Hopea Saara', 'role': 'Suunnittelija'}, {'name': 'Nuutajärven lasitehdas', 'role': 'Valmistaja'}]","[['tarjoiluastiat'], ['jälkiruoka-astiat'], ['maljat']]",malja; 1344,,Saara Hopea,14
791,heinolanmuseo.hkm-97146,['/Cover/Show?source=Solr&id=heinolanmuseo.hkm-97146&index=0&size=large'],"[{'name': 'Hopea Saara', 'role': 'Suunnittelija'}, {'name': 'Nuutajärven lasitehdas', 'role': 'Valmistaja'}]","[['juoma-astiat'], ['juomalasit']]",juomalasi; 1710,,Saara Hopea,14
792,heinolanmuseo.hkm-97147,['/Cover/Show?source=Solr&id=heinolanmuseo.hkm-97147&index=0&size=large'],"[{'name': 'Hopea Saara', 'role': 'Suunnittelija'}, {'name': 'Nuutajärven lasitehdas', 'role': 'Valmistaja'}]","[['juoma-astiat'], ['juomalasit']]",juomalasi; 1710,,Saara Hopea,14
793,heinolanmuseo.hkm-97148,['/Cover/Show?source=Solr&id=heinolanmuseo.hkm-97148&index=0&size=large'],"[{'name': 'Hopea Saara', 'role': 'Suunnittelija'}, {'name': 'Nuutajärven lasitehdas', 'role': 'Valmistaja'}]","[['juoma-astiat'], ['juomalasit']]",juomalasi; 1710,,Saara Hopea,14
794,heinolanmuseo.hkm-97150,['/Cover/Show?source=Solr&id=heinolanmuseo.hkm-97150&index=0&size=large'],"[{'name': 'Hopea Saara', 'role': 'Suunnittelija'}, {'name': 'Nuutajärven lasitehdas', 'role': 'Valmistaja'}]","[['juoma-astiat'], ['juomalasit']]",juomalasi; 1710,,Saara Hopea,14
795,heinolanmuseo.hkm-97151,['/Cover/Show?source=Solr&id=heinolanmuseo.hkm-97151&index=0&size=large'],"[{'name': 'Hopea Saara', 'role': 'Suunnittelija'}, {'name': 'Nuutajärven lasitehdas', 'role': 'Valmistaja'}]","[['juoma-astiat'], ['juomalasit']]",juomalasi; 1710,,Saara Hopea,14
796,heinolanmuseo.hkm-97152,['/Cover/Show?source=Solr&id=heinolanmuseo.hkm-97152&index=0&size=large'],"[{'name': 'Hopea Saara', 'role': 'Suunnittelija'}, {'name': 'Nuutajärven lasitehdas', 'role': 'Valmistaja'}]","[['juoma-astiat'], ['juomalasit']]",juomalasi; 1710,,Saara Hopea,14
797,heinolanmuseo.hkm-97153,['/Cover/Show?source=Solr&id=heinolanmuseo.hkm-97153&index=0&size=large'],"[{'name': 'Hopea Saara', 'role': 'Suunnittelija'}, {'name': 'Nuutajärven lasitehdas', 'role': 'Valmistaja'}]","[['juoma-astiat'], ['juomalasit']]",juomalasi; 1710,,Saara Hopea,14
798,heinolanmuseo.hkm-97154,['/Cover/Show?source=Solr&id=heinolanmuseo.hkm-97154&index=0&size=large'],"[{'name': 'Hopea Saara', 'role': 'Suunnittelija'}, {'name': 'Nuutajärven lasitehdas', 'role': 'Valmistaja'}]","[['tarjoiluastiat'], ['kaatimet'], ['kannut']]",kannu; 1618,,Saara Hopea,14
799,heinolanmuseo.hkm-97155,['/Cover/Show?source=Solr&id=heinolanmuseo.hkm-97155&index=0&size=large'],"[{'name': 'Hopea Saara', 'role': 'Suunnittelija'}, {'name': 'Nuutajärven lasitehdas', 'role': 'Valmistaja'}]","[['tarjoiluastiat'], ['kaatimet'], ['kannut']]",kannu; 1618,,Saara Hopea,14
800,heinolanmuseo.hkm-97158,['/Cover/Show?source=Solr&id=heinolanmuseo.hkm-97158&index=0&size=large'],"[{'name': 'Hopea Saara', 'role': 'Suunnittelija'}, {'name': 'Nuutajärven lasitehdas', 'role': 'Valmistaja'}]","[['Ruokailuastiat'], ['Kattaukset'], ['Juomalasit']]","juomalasi; Otso, 1136",,Saara Hopea,14
801,heinolanmuseo.hkm-97159,['/Cover/Show?source=Solr&id=heinolanmuseo.hkm-97159&index=0&size=large'],"[{'name': 'Hopea Saara', 'role': 'Suunnittelija'}, {'name': 'Nuutajärven lasitehdas', 'role': 'Valmistaja'}]","[['Ruokailuastiat'], ['Kattaukset'], ['Juomalasit']]","juomalasi; Otso, 1136",,Saara Hopea,14
802,heinolanmuseo.hkm-97160,['/Cover/Show?source=Solr&id=heinolanmuseo.hkm-97160&index=0&size=large'],"[{'name': 'Hopea Saara', 'role': 'Suunnittelija'}, {'name': 'Nuutajärven lasitehdas', 'role': 'Valmistaja'}]","[['Ruokailuastiat'], ['Juomalasit'], ['Kattaukset'], ['Astiat']]",juomalasi; 1718,,Saara Hopea,14
803,heinolanmuseo.hkm-97161,['/Cover/Show?source=Solr&id=heinolanmuseo.hkm-97161&index=0&size=large'],"[{'name': 'Hopea Saara', 'role': 'Suunnittelija'}, {'name': 'Nuutajärven lasitehdas', 'role': 'Valmistaja'}]","[['Ruokailuastiat'], ['Kattaukset'], ['Juomalasit'], ['Astiat']]",juomalasi; 1718,,Saara Hopea,14
804,heinolanmuseo.hkm-97162,['/Cover/Show?source=Solr&id=heinolanmuseo.hkm-97162&index=0&size=large'],"[{'name': 'Hopea Saara', 'role': 'Suunnittelija'}, {'name': 'Nuutajärven lasitehdas', 'role': 'Valmistaja'}]","[['Ruokailuastiat'], ['Kattaukset'], ['Juomalasit'], ['Astiat']]",juomalasi; 1718,,Saara Hopea,14
805,heinolanmuseo.hkm-97163,['/Cover/Show?source=Solr&id=heinolanmuseo.hkm-97163&index=0&size=large'],"[{'name': 'Hopea Saara', 'role': 'Suunnittelija'}, {'name': 'Nuutajärven lasitehdas', 'role': 'Valmistaja'}]","[['Ruokailuastiat'], ['Kattaukset'], ['Juomalasit'], ['Astiat']]",juomalasi; 1718,,Saara Hopea,14
806,heinolanmuseo.hkm-97164,['/Cover/Show?source=Solr&id=heinolanmuseo.hkm-97164&index=0&size=large'],"[{'name': 'Hopea Saara', 'role': 'Suunnittelija'}, {'name': 'Nuutajärven lasitehdas', 'role': 'Valmistaja'}]","[['Ruokailuastiat'], ['Kattaukset'], ['Juomalasit'], ['Astiat']]",juomalasi; 1718,,Saara Hopea,14
807,heinolanmuseo.hkm-97165,['/Cover/Show?source=Solr&id=heinolanmuseo.hkm-97165&index=0&size=large'],"[{'name': 'Hopea Saara', 'role': 'Suunnittelija'}, {'name': 'Nuutajärven lasitehdas', 'role': 'Valmistaja'}]","[['Ruokailuastiat'], ['Kattaukset'], ['Juomalasit'], ['Astiat']]",juomalasi; 1718,,Saara Hopea,14
808,heinolanmuseo.hkm-97166,['/Cover/Show?source=Solr&id=heinolanmuseo.hkm-97166&index=0&size=large'],"[{'name': 'Hopea Saara', 'role': 'Suunnittelija'}, {'name': 'Nuutajärven lasitehdas', 'role': 'Valmistaja'}]","[['Ruokailuastiat'], ['Kattaukset'], ['Juomalasit'], ['Astiat']]",juomalasi; 1718,,Saara Hopea,14
809,heinolanmuseo.hkm-97167,['/Cover/Show?source=Solr&id=heinolanmuseo.hkm-97167&index=0&size=large'],"[{'name': 'Hopea Saara', 'role': 'Suunnittelija'}, {'name': 'Nuutajärven lasitehdas', 'role': 'Valmistaja'}]","[['Ruokailuastiat'], ['Kattaukset'], ['Juomalasit'], ['Astiat']]",juomalasi; 1718,,Saara Hopea,14
810,heinolanmuseo.hkm-97168,['/Cover/Show?source=Solr&id=heinolanmuseo.hkm-97168&index=0&size=large'],"[{'name': 'Hopea Saara', 'role': 'Suunnittelija'}, {'name': 'Nuutajärven lasitehdas', 'role': 'Valmistaja'}]","[['Ruokailuastiat'], ['Kattaukset'], ['Juomalasit'], ['Astiat']]",juomalasi; 1718,,Saara Hopea,14
811,heinolanmuseo.hkm-97172,['/Cover/Show?source=Solr&id=heinolanmuseo.hkm-97172&index=0&size=large'],"[{'name': 'Hopea Saara', 'role': 'Suunnittelija'}, {'name': 'Nuutajärven lasitehdas', 'role': 'Valmistaja'}]","[['juoma-astiat'], ['viinilasit'], ['juomalasit']]",viinilasi; NN,,Saara Hopea,14
812,heinolanmuseo.hkm-97173,['/Cover/Show?source=Solr&id=heinolanmuseo.hkm-97173&index=0&size=large'],"[{'name': 'Hopea Saara', 'role': 'Suunnittelija'}, {'name': 'Nuutajärven lasitehdas', 'role': 'Valmistaja'}]","[['tupakointi'], ['tuhkakupit']]",tuhkakuppi; 6605,,Saara Hopea,14
813,heinolanmuseo.hkm-97174,['/Cover/Show?source=Solr&id=heinolanmuseo.hkm-97174&index=0&size=large'],"[{'name': 'Hopea Saara', 'role': 'Suunnittelija'}, {'name': 'Nuutajärven lasitehdas', 'role': 'Valmistaja'}]","[['tupakointi'], ['tuhkakupit']]",tuhkakuppi; 6605,,Saara Hopea,14
814,heinolanmuseo.hkm-97175,['/Cover/Show?source=Solr&id=heinolanmuseo.hkm-97175&index=0&size=large'],"[{'name': 'Hopea Saara', 'role': 'Suunnittelija'}, {'name': 'Nuutajärven lasitehdas', 'role': 'Valmistaja'}]","[['kattaus'], ['kahvikulttuuri'], ['kaatimet'], ['kermakot']]",kermakko; 5578,,Saara Hopea,14
815,heinolanmuseo.hkm-97176,['/Cover/Show?source=Solr&id=heinolanmuseo.hkm-97176&index=0&size=large'],"[{'name': 'Hopea Saara', 'role': 'Suunnittelija'}, {'name': 'Nuutajärven lasitehdas', 'role': 'Valmistaja'}]","[['alkoholikulttuuri'], ['alkoholijuomat'], ['juomalasit'], ['snapsilasit']]",snapsilasi; 2702,,Saara Hopea,14
816,heinolanmuseo.hkm-97177,['/Cover/Show?source=Solr&id=heinolanmuseo.hkm-97177&index=0&size=large'],"[{'name': 'Hopea Saara', 'role': 'Suunnittelija'}, {'name': 'Nuutajärven lasitehdas', 'role': 'Valmistaja'}]","[['alkoholikulttuuri'], ['alkoholijuomat'], ['juomalasit'], ['snapsilasit']]",snapsilasi; 2702,,Saara Hopea,14
817,heinolanmuseo.hkm-97178,['/Cover/Show?source=Solr&id=heinolanmuseo.hkm-97178&index=0&size=large'],"[{'name': 'Hopea Saara', 'role': 'Suunnittelija'}, {'name': 'Nuutajärven lasitehdas', 'role': 'Valmistaja'}]","[['alkoholikulttuuri'], ['alkoholijuomat'], ['juomalasit'], ['snapsilasit']]",snapsilasi; 2702,,Saara Hopea,14
818,heinolanmuseo.hkm-97179,['/Cover/Show?source=Solr&id=heinolanmuseo.hkm-97179&index=0&size=large'],"[{'name': 'Hopea Saara', 'role': 'Suunnittelija'}, {'name': 'Nuutajärven lasitehdas', 'role': 'Valmistaja'}]","[['alkoholikulttuuri'], ['alkoholijuomat'], ['juomalasit'], ['snapsilasit']]",snapsilasi; 2702,,Saara Hopea,14
819,heinolanmuseo.hkm-97180,['/Cover/Show?source=Solr&id=heinolanmuseo.hkm-97180&index=0&size=large'],"[{'name': 'Hopea Saara', 'role': 'Suunnittelija'}, {'name': 'Nuutajärven lasitehdas', 'role': 'Valmistaja'}]","[['alkoholikulttuuri'], ['alkoholijuomat'], ['juomalasit'], ['snapsilasit']]",snapsilasi; 2702,,Saara Hopea,14
820,skm.158567381150700,['/Cover/Show?source=Solr&id=skm.158567381150700&index=0&size=large'],"[{'name': 'Dora Jung', 'role': 'valmistaja'}, {'name': 'Dora Jung', 'role': 'suunnittelija'}]","[['ryijyt'], ['seinätekstiilit'], ['sisustustekstiilit'], ['taidetekstiilit'], ['1982-1997 käyttöaika']]",Elämänpuu; ryijy,1930.0,Dora Jung,16
821,museovirasto.1CF54F58D5AD5D9B9AC42167B6533AEC,['/Cover/Show?source=Solr&id=museovirasto.1CF54F58D5AD5D9B9AC42167B6533AEC&index=0&size=large'],"[{'name': 'Jung, Dora', 'role': 'suunnittelija'}, {'name': 'Tampella', 'role': 'valmistaja'}]","[['tekstiilit'], ['sisustustekstiilit'], ['pöytäliinat']]",pöytäliina; damastiliina; Timber,1957.0,Dora Jung,16
822,tmk.161023166262700,['/Cover/Show?source=Solr&id=tmk.161023166262700&index=0&size=large'],"[{'name': 'Tampella Oy', 'role': 'valmistaja'}, {'name': 'Dora Jung', 'role': 'suunnittelija'}]","[['kodintekstiilit'], ['tekstiiliteollisuus'], ['taideteollisuus']]",Yrttitarha; damastiliina; pöytäliina,1960.0,Dora Jung,16
823,museovirasto.E354C0137A5E247CABD4BB9A7203AF14,"['/Cover/Show?source=Solr&id=museovirasto.E354C0137A5E247CABD4BB9A7203AF14&index=0&size=large', '/Cover/Show?source=Solr&id=museovirasto.E354C0137A5E247CABD4BB9A7203AF14&index=1&size=large', '/Cover/Show?source=Solr&id=museovirasto.E354C0137A5E247CABD4BB9A7203AF14&index=2&size=large', '/Cover/Show?source=Solr&id=museovirasto.E354C0137A5E247CABD4BB9A7203AF14&index=3&size=large', '/Cover/Show?source=Solr&id=museovirasto.E354C0137A5E247CABD4BB9A7203AF14&index=4&size=large', '/Cover/Show?source=Solr&id=museovirasto.E354C0137A5E247CABD4BB9A7203AF14&index=5&size=large', '/Cover/Show?source=Solr&id=museovirasto.E354C0137A5E247CABD4BB9A7203AF14&index=6&size=large', '/Cover/Show?source=Solr&id=museovirasto.E354C0137A5E247CABD4BB9A7203AF14&index=7&size=large']","[{'name': 'Jung, Dora', 'role': 'suunnittelija'}, {'name': 'Dora Jungin kutomo', 'role': 'valmistaja'}]","[['tekstiilit'], ['sisustustekstiilit'], ['taidetekstiilit'], ['ikkunaverhot']]",ikkunaverhot; olohuoneen verhot,1961.0,Dora Jung,16
824,museovirasto.3D0252C491029C452EC5E92093763692,['/Cover/Show?source=Solr&id=museovirasto.3D0252C491029C452EC5E92093763692&index=0&size=large'],"[{'name': 'Tampella', 'role': 'valmistaja'}, {'name': 'Jung, Dora', 'role': 'suunnittelija'}]","[['höyrylaivat'], ['jäänmurtajat'], ['museolaivat'], ['tekstiilit'], ['lautasliinat']]",lautasliina,,Dora Jung,16
825,tmk.161033713701000,['/Cover/Show?source=Solr&id=tmk.161033713701000&index=0&size=large'],"[{'name': 'Dora Jung', 'role': 'suunnittelija'}]",[['liinat']],pöytäliina; tabletti,,Dora Jung,16
826,tmk.164862353762000,['/Cover/Show?source=Solr&id=tmk.164862353762000&index=0&size=large'],"[{'name': 'Dora Jung', 'role': 'suunnittelija'}]",[],pyyheliina,,Dora Jung,16
827,tmk.164862380091500,['/Cover/Show?source=Solr&id=tmk.164862380091500&index=0&size=large'],"[{'name': 'Dora Jung', 'role': 'suunnittelija'}]",[],pyyheliina,,Dora Jung,16
828,tmk.164863352532800,['/Cover/Show?source=Solr&id=tmk.164863352532800&index=0&size=large'],"[{'name': 'Dora Jung', 'role': 'suunnittelija'}]",[],pyyheliina,,Dora Jung,16
829,tmk.164865386999000,['/Cover/Show?source=Solr&id=tmk.164865386999000&index=0&size=large'],"[{'name': 'Dora Jung', 'role': 'suunnittelija'}]",[],pyyheliina,,Dora Jung,16
830,hkm.A441A3D7-D067-4E32-811B-9D1289F9050C,['/Cover/Show?source=Solr&id=hkm.A441A3D7-D067-4E32-811B-9D1289F9050C&index=0&size=large'],"[{'name': 'Arabia', 'role': 'valmistaja', 'id': 'https://isni.org/isni/0000000474635201'}, {'name': 'Lindh, Richard', 'role': 'muotoilija'}]",[['koriste-esineet']],maljakko; kukkamaljakko,1955.0,Richard Lindh,20
831,heinolanmuseo.hkm-90470,['/Cover/Show?source=Solr&id=heinolanmuseo.hkm-90470&index=0&size=large'],"[{'name': 'Lindh Richard', 'role': 'Suunnittelija'}, {'name': 'Arabia', 'role': 'Valmistaja'}]","[['jääkarhu'], ['eläinfiguurit'], ['Koriste-esineet']]",figuriini,1960.0,Richard Lindh,20
832,hkm.BC14D197-E59C-4EC1-A82E-72E7C2744BAC,['/Cover/Show?source=Solr&id=hkm.BC14D197-E59C-4EC1-A82E-72E7C2744BAC&index=0&size=large'],"[{'name': 'Arabia', 'role': 'valmistaja', 'id': 'https://isni.org/isni/0000000474635201'}, {'name': 'Lindh, Richard', 'role': 'muotoilija'}]","[['astiat'], ['puhtaanapidon välineet'], ['vadit'], ['tuhkakupit'], ['tupakointi'], ['nautintoaineet'], ['tupakka'], ['tuhka'], ['keramiikka'], ['keraamiset astiat'], ['keraaminen teollisuus'], ['sisustus'], ['kodinsisustus'], ['mainonta'], ['oheistuotteet'], ['lehdistö'], ['sanomalehdet'], ['olympialaiset'], ['urheilukilpailut'], ['urheiluhistoria'], ['käyttöaika - 1979']]",vati; tuhkakuppi / rahatarjotin; malli LL,1960.0,Richard Lindh,20
833,lappeenrannanmuseot.E8A9D88A-D2E8-4589-882D-54607C542CF1,"['/Cover/Show?source=Solr&id=lappeenrannanmuseot.E8A9D88A-D2E8-4589-882D-54607C542CF1&index=0&size=large', '/Cover/Show?source=Solr&id=lappeenrannanmuseot.E8A9D88A-D2E8-4589-882D-54607C542CF1&index=1&size=large']","[{'name': 'Lindh, Richard', 'role': 'suunnittelija'}, {'name': 'Arabia', 'role': 'valmistaja'}]","[['tuhkakupit'], ['vaakunat'], ['matkamuistot']]",tuhkakuppi Lappeenranta-aiheella; tuhka-astia; matkamuisto,1963.0,Richard Lindh,20
834,heinolanmuseo.hkm-87208,['/Cover/Show?source=Solr&id=heinolanmuseo.hkm-87208&index=0&size=large'],"[{'name': 'Uosikkinen Raija', 'role': 'Suunnittelija'}, {'name': 'Lindh Richard', 'role': 'Suunnittelija'}, {'name': 'Arabia', 'role': 'Valmistaja'}]","[['kahvikulttuuri'], ['Asetit'], ['Kahvikupit'], ['Kahviastiastot']]","kahvikuppipari; DG, Pallas",1965.0,Richard Lindh,20
835,heinolanmuseo.hkm-87210,"['/Cover/Show?source=Solr&id=heinolanmuseo.hkm-87210&index=0&size=large', '/Cover/Show?source=Solr&id=heinolanmuseo.hkm-87210&index=1&size=large']","[{'name': 'Uosikkinen Raija', 'role': 'Suunnittelija'}, {'name': 'Lindh Richard', 'role': 'Suunnittelija'}, {'name': 'Arabia', 'role': 'Valmistaja'}]","[['kahvikulttuuri'], ['Kahviastiastot'], ['Lautaset']]","leipälautanen; DG, Pallas",1965.0,Richard Lindh,20
836,hkm.0F66A558-CF87-4B5F-9942-80A90925E912,['/Cover/Show?source=Solr&id=hkm.0F66A558-CF87-4B5F-9942-80A90925E912&index=0&size=large'],"[{'name': 'Arabia', 'role': 'valmistaja', 'id': 'https://isni.org/isni/0000000474635201'}, {'name': 'Lindh, Richard', 'role': 'valmistaja'}, {'name': 'Uosikkinen, Raija', 'role': 'suunnittelija'}]","[['juomat'], ['kahvi'], ['kattaus'], ['astiat'], ['juoma-astiat']]",kuppipari; kahvikuppi ja lautanen; Doria; C-malli,1965.0,Richard Lindh,20
837,hkm.90F56DAE-E6D8-4E20-890C-4AA1C20F6567,['/Cover/Show?source=Solr&id=hkm.90F56DAE-E6D8-4E20-890C-4AA1C20F6567&index=0&size=large'],"[{'name': 'Arabia', 'role': 'valmistaja', 'id': 'https://isni.org/isni/0000000474635201'}, {'name': 'Lindh, Richard', 'role': 'muotoilija'}, {'name': 'Uosikkinen, Raija', 'role': 'suunnittelija'}]","[['kahvi'], ['tee'], ['juomat'], ['kattaus'], ['astiat']]",lautanen; leipälautanen; asetti; Doria,1965.0,Richard Lindh,20
838,hkm.ED0392CD-3887-480D-A60B-5BAEBFC0C5E8,['/Cover/Show?source=Solr&id=hkm.ED0392CD-3887-480D-A60B-5BAEBFC0C5E8&index=0&size=large'],"[{'name': 'Arabia', 'role': 'valmistaja', 'id': 'https://isni.org/isni/0000000474635201'}, {'name': 'Lindh, Richard', 'role': 'muotoilija'}]","[['kahvi'], ['kattaus'], ['astiat'], ['juomat'], ['juoma-astiat']]",kuppipari; kahvikuppi ja lautanen; C-malli,1965.0,Richard Lindh,20
839,hkm.698CE81D-6C30-4A46-9C24-1BC466686CC2,['/Cover/Show?source=Solr&id=hkm.698CE81D-6C30-4A46-9C24-1BC466686CC2&index=0&size=large'],"[{'name': 'Arabia', 'role': 'valmistaja', 'id': 'https://isni.org/isni/0000000474635201'}, {'name': 'Lindh, Richard', 'role': 'muotoilija'}]","[['astiat'], ['säilytys']]",purkki,1966.0,Richard Lindh,20
840,hkm.F14D8F16-2C3B-43BD-8AEB-6FE80551D2F7,['/Cover/Show?source=Solr&id=hkm.F14D8F16-2C3B-43BD-8AEB-6FE80551D2F7&index=0&size=large'],"[{'name': 'Arabia', 'role': 'valmistaja', 'id': 'https://isni.org/isni/0000000474635201'}, {'name': 'Lindh, Richard', 'role': 'muotoilija'}]","[['säilytys'], ['astiat']]",purkki,1966.0,Richard Lindh,20
841,hkm.FF979ADB-522A-4902-9400-CC05881C6C5D,['/Cover/Show?source=Solr&id=hkm.FF979ADB-522A-4902-9400-CC05881C6C5D&index=0&size=large'],"[{'name': 'Arabia', 'role': 'valmistaja', 'id': 'https://isni.org/isni/0000000474635201'}, {'name': 'Lindh, Richard', 'role': 'muotoilija'}]","[['astiat'], ['säilytys']]",purkki,1966.0,Richard Lindh,20
842,hkm.06EEAAC5-F9FF-4266-A691-E3D472C563E3,['/Cover/Show?source=Solr&id=hkm.06EEAAC5-F9FF-4266-A691-E3D472C563E3&index=0&size=large'],"[{'name': 'Arabia', 'role': 'valmistaja', 'id': 'https://isni.org/isni/0000000474635201'}, {'name': 'Lindh, Richard', 'role': 'muotoilija'}, {'name': 'Uosikkinen, Raija', 'role': 'suunnittelija'}]","[['kattaus'], ['astiat'], ['juomat'], ['juoma-astiat'], ['häät'], ['lahjat'], ['käyttöaika 1968-1980']]",kaadin; kannu; Talvikki,1967.0,Richard Lindh,20
843,hkm.DA121978-24D7-47FB-83C3-27C52E2B5DA6,"['/Cover/Show?source=Solr&id=hkm.DA121978-24D7-47FB-83C3-27C52E2B5DA6&index=0&size=large', '/Cover/Show?source=Solr&id=hkm.DA121978-24D7-47FB-83C3-27C52E2B5DA6&index=1&size=large']","[{'name': 'Arabia', 'role': 'valmistaja', 'id': 'https://isni.org/isni/0000000474635201'}, {'name': 'Lindh, Richard', 'role': 'muotoilija'}, {'name': 'Uosikkinen, Raija', 'role': 'suunnittelija'}]","[['kattaus'], ['astiat'], ['astiastot'], ['häät'], ['lahjat'], ['käyttöaika 1968-1980']]",kulho; liemikulho; Talvikki,1967.0,Richard Lindh,20
844,hkm.E43AE24C-B30E-4091-BB4E-B2AAE09E9896,['/Cover/Show?source=Solr&id=hkm.E43AE24C-B30E-4091-BB4E-B2AAE09E9896&index=0&size=large'],"[{'name': 'Arabia', 'role': 'valmistaja', 'id': 'https://isni.org/isni/0000000474635201'}, {'name': 'Lindh, Richard', 'role': 'muotoilija'}, {'name': 'Tomula, Esteri', 'role': 'suunnittelija', 'id': 'https://isni.org/isni/0000000444560990'}]","[['juomat'], ['kahvi'], ['kattaus'], ['astiat'], ['juoma-astiat']]",kuppipari; kahvikuppi ja lautanen; Pikkukukka,1969.0,Richard Lindh,20
845,kerava_mui.mui-106488,"['/Cover/Show?source=Solr&id=kerava_mui.mui-106488&index=0&size=large', '/Cover/Show?source=Solr&id=kerava_mui.mui-106488&index=1&size=large']","[{'name': 'Yki Nummi', 'role': 'Suunnittelija'}, {'name': 'Orno', 'role': 'Valmistaja'}]","[['kattovalaisimet'], ['valaisimet'], ['valaistus']]",Valaisin; Kattovalaisin 71-126; 71-126,1950.0,Yki Nummi,22
846,kerava_mui.mui-106489,['/Cover/Show?source=Solr&id=kerava_mui.mui-106489&index=0&size=large'],"[{'name': 'Yki Nummi', 'role': 'Suunnittelija'}, {'name': 'Orno', 'role': 'Valmistaja'}]","[['kattovalaisimet'], ['valaisimet'], ['valaistus']]",Valaisin; Kattovalaisin 71-126; 71-126,1950.0,Yki Nummi,22
847,kerava_mui.mui-106526,['/Cover/Show?source=Solr&id=kerava_mui.mui-106526&index=0&size=large'],"[{'name': 'Yki Nummi', 'role': 'Suunnittelija'}, {'name': 'Orno', 'role': 'Valmistaja'}, {'name': 'Sanka Oy', 'role': 'Valmistaja'}]","[['seinävalaisimet'], ['valaisimet']]",Valaisin; Seinävalaisin 54-408; 54-408,1950.0,Yki Nummi,22
848,kerava_mui.mui-106528,['/Cover/Show?source=Solr&id=kerava_mui.mui-106528&index=0&size=large'],"[{'name': 'Yki Nummi', 'role': 'Suunnittelija'}, {'name': 'Orno', 'role': 'Valmistaja'}, {'name': 'Sanka Oy', 'role': 'Valmistaja'}]","[['seinävalaisimet'], ['valaisimet']]",Valaisin; Seinävalaisin 54-415; 54-415,1950.0,Yki Nummi,22
849,kerava_mui.mui-106529,"['/Cover/Show?source=Solr&id=kerava_mui.mui-106529&index=0&size=large', '/Cover/Show?source=Solr&id=kerava_mui.mui-106529&index=1&size=large']","[{'name': 'Yki Nummi', 'role': 'Suunnittelija'}, {'name': 'Orno', 'role': 'Valmistaja'}, {'name': 'Sanka Oy', 'role': 'Valmistaja'}]","[['seinävalaisimet'], ['valaisimet']]",Valaisin; Seinävalaisin 54-408; 54-408,1950.0,Yki Nummi,22
850,kerava_mui.mui-106929,['/Cover/Show?source=Solr&id=kerava_mui.mui-106929&index=0&size=large'],"[{'name': 'Yki Nummi', 'role': 'Suunnittelija'}, {'name': 'Orno', 'role': 'Valmistaja'}, {'name': 'Sanka Oy', 'role': 'Valmistaja'}]","[['valaisimet'], ['seinävalaisimet']]",Valaisin; Seinävalaisin 54-414,1950.0,Yki Nummi,22
851,kerava_mui.mui-107324,['/Cover/Show?source=Solr&id=kerava_mui.mui-107324&index=0&size=large'],"[{'name': 'Yki Nummi', 'role': 'Suunnittelija'}, {'name': 'Orno', 'role': 'Valmistaja'}]","[['kattovalaisimet'], ['valaisimet'], ['1956']]",Valaisin; Kattovalaisin 71-135; 71-135,1950.0,Yki Nummi,22
852,kerava_mui.mui-108692,['/Cover/Show?source=Solr&id=kerava_mui.mui-108692&index=0&size=large'],"[{'name': 'Yki Nummi', 'role': 'Suunnittelija'}, {'name': 'Orno', 'role': 'Valmistaja'}, {'name': 'Sanka Oy', 'role': 'Valmistaja'}]","[['teollinen muotoilu'], ['kattovalaisimet'], ['valaisimet'], ['valaistus'], ['1959']]",Valaisin; Kattovalaisin 64-458; 64-458; Pikkukurki,1950.0,Yki Nummi,22
853,kerava_mui.mui-108693,['/Cover/Show?source=Solr&id=kerava_mui.mui-108693&index=0&size=large'],"[{'name': 'Yki Nummi', 'role': 'Suunnittelija'}, {'name': 'Orno', 'role': 'Valmistaja'}]","[['kattovalaisimet'], ['teollinen muotoilu'], ['valaisimet'], ['valaistus'], ['1950-l.']]",Valaisin; Kattovalaisin 64-405; 64-405,1950.0,Yki Nummi,22
854,kerava_mui.mui-108695,['/Cover/Show?source=Solr&id=kerava_mui.mui-108695&index=0&size=large'],"[{'name': 'Yki Nummi', 'role': 'Suunnittelija'}, {'name': 'Sanka Oy', 'role': 'Valmistaja'}, {'name': 'Orno', 'role': 'Valmistaja'}]","[['kattovalaisimet'], ['teollinen muotoilu'], ['valaisimet'], ['valaistus'], ['1959']]",Valaisin; Kattovalaisin 64-458; 64-458; Kurki,1950.0,Yki Nummi,22
855,kerava_mui.mui-81774,['/Cover/Show?source=Solr&id=kerava_mui.mui-81774&index=0&size=large'],"[{'name': 'Yki Nummi', 'role': 'Suunnittelija'}]","[['sähkölaitteet'], ['sisustus (elottomat fyysiset kokonaisuudet'], ['fyysiset kokonaisuudet'], ['sisustus'], ['toisenlaiseksi muuttam'], ['valaistus'], ['valaisimet']]",Riippuvalaisin; 61-365,1950.0,Yki Nummi,22
856,loviisakm.9fc77a50-38b3-4ad5-843c-2e57fdc0c992,"['/Cover/Show?source=Solr&id=loviisakm.9fc77a50-38b3-4ad5-843c-2e57fdc0c992&index=0&size=large', '/Cover/Show?source=Solr&id=loviisakm.9fc77a50-38b3-4ad5-843c-2e57fdc0c992&index=1&size=large']","[{'name': 'Sanka Oy', 'role': 'valmistaja'}, {'name': 'Nummi, Yki', 'role': 'suunnittelija'}]","[['kauhat'], ['boolit'], ['juomat'], ['muovi (aine, polymeerit)'], ['akryyli'], ['muovitehtaat'], ['muoviteollisuus'], ['muovituotteet'], ['tarjoilu']]",Muovinen kauha,1957.0,Yki Nummi,22
857,museovirasto.C699ACAB5F22555EBD50D91B3C481BAB,['/Cover/Show?source=Solr&id=museovirasto.C699ACAB5F22555EBD50D91B3C481BAB&index=0&size=large'],"[{'name': 'Sanka Oy', 'role': 'valmistaja'}, {'name': 'Nummi, Yki', 'role': 'suunnittelija'}]",[],tarjotin,1957.0,Yki Nummi,22
858,hkm.5F10859B-29FF-4245-8660-AA989C271EF3,['/Cover/Show?source=Solr&id=hkm.5F10859B-29FF-4245-8660-AA989C271EF3&index=0&size=large'],"[{'name': 'Nummi, Yki', 'role': 'muotoilija', 'id': 'https://isni.org/isni/0000000016297487'}, {'name': 'Sanka Oy', 'role': 'valmistaja'}, {'name': 'Oy Stockmann Ab', 'role': 'jälleenmyyjä', 'id': 'http://urn.fi/URN:NBN:fi:au:finaf:000011301'}, {'name': 'Stockmann-Orno', 'role': 'valmistaja', 'id': 'http://urn.fi/URN:NBN:fi:au:finaf:000213681'}]","[['valaisimet'], ['kattovalaisimet'], ['muovi'], ['kestomuovi'], ['akryyli'], ['muotoilu'], ['kirjastot'], ['käyttöaika - 1989']]",valaisin; 964-445; kattovalaisin; Lentävä lautanen; Lokki,1960.0,Yki Nummi,22
859,hkm.D87F2950-25A0-4BD0-A1E7-C1D029F68010,['/Cover/Show?source=Solr&id=hkm.D87F2950-25A0-4BD0-A1E7-C1D029F68010&index=0&size=large'],"[{'name': 'Nummi, Yki', 'role': 'muotoilija', 'id': 'https://isni.org/isni/0000000016297487'}, {'name': 'Sanka Oy', 'role': 'valmistaja'}, {'name': 'Oy Stockmann Ab', 'role': 'jälleenmyyjä', 'id': 'http://urn.fi/URN:NBN:fi:au:finaf:000011301'}, {'name': 'Stockmann-Orno', 'role': 'valmistaja', 'id': 'http://urn.fi/URN:NBN:fi:au:finaf:000213681'}]","[['valaisimet'], ['kattovalaisimet'], ['muovi'], ['kestomuovi'], ['akryyli'], ['muotoilu'], ['kirjastot']]",valaisin; kattovalaisin; 964-445; Lentävä lautanen; Lokki,1960.0,Yki Nummi,22
860,kerava_mui.mui-106492,"['/Cover/Show?source=Solr&id=kerava_mui.mui-106492&index=0&size=large', '/Cover/Show?source=Solr&id=kerava_mui.mui-106492&index=1&size=large']","[{'name': 'Yki Nummi', 'role': 'Suunnittelija'}, {'name': 'Orno', 'role': 'Valmistaja'}]","[['valaistus'], ['valaisimet'], ['1960']]",Valaisin; Pöytävalaisin 940-008 Kupoli; 940-008 Kupoli,1960.0,Yki Nummi,22
861,kerava_mui.mui-108634,['/Cover/Show?source=Solr&id=kerava_mui.mui-108634&index=0&size=large'],"[{'name': 'Yki Nummi', 'role': 'Suunnittelija'}, {'name': 'Orno', 'role': 'Valmistaja'}]","[['kattovalaisimet'], ['riippuvalaisimet'], ['valaisimet']]",Valaisin; Kattovalaisin 974-405; 974-405,1960.0,Yki Nummi,22
862,kerava_mui.mui-108662,"['/Cover/Show?source=Solr&id=kerava_mui.mui-108662&index=0&size=large', '/Cover/Show?source=Solr&id=kerava_mui.mui-108662&index=1&size=large']","[{'name': 'Yki Nummi', 'role': 'Suunnittelija'}, {'name': 'Orno', 'role': 'Valmistaja'}]","[['kattovalaisimet'], ['teollinen muotoilu'], ['valaisimet'], ['valaistus'], ['1959-1960']]",Valaisin; Kattovalaisin 71-035; 17-035,1960.0,Yki Nummi,22
863,kerava_mui.mui-108666,"['/Cover/Show?source=Solr&id=kerava_mui.mui-108666&index=0&size=large', '/Cover/Show?source=Solr&id=kerava_mui.mui-108666&index=1&size=large']","[{'name': 'Yki Nummi', 'role': 'Suunnittelija'}, {'name': 'Orno', 'role': 'Valmistaja'}]","[['kattovalaisimet'], ['teollinen muotoilu'], ['valaisimet'], ['valaistus'], ['1959']]","Valaisin; Kattovalaisin 64-438, Kuplat; 64-438; Kuplat",1960.0,Yki Nummi,22
864,kerava_mui.mui-108694,['/Cover/Show?source=Solr&id=kerava_mui.mui-108694&index=0&size=large'],"[{'name': 'Yki Nummi', 'role': 'Suunnittelija'}, {'name': 'Orno', 'role': 'Valmistaja'}]","[['kattovalaisimet'], ['teollinen muotoilu'], ['valaisimet'], ['valaistus'], ['1960-l.']]","Valaisin; Kattovalaisin 61-170, Mexico; 61-170; Mexico",1960.0,Yki Nummi,22
865,kerava_mui.mui-108703,['/Cover/Show?source=Solr&id=kerava_mui.mui-108703&index=0&size=large'],"[{'name': 'Yki Nummi', 'role': 'Suunnittelija'}, {'name': 'Orno', 'role': 'Valmistaja'}]","[['kattovalaisimet'], ['teollinen muotoilu'], ['valaisimet'], ['valaistus'], ['1960-l.']]",Valaisin; Kattovalaisin 64-401; 64-401,1960.0,Yki Nummi,22
866,kerava_mui.mui-81603,"['/Cover/Show?source=Solr&id=kerava_mui.mui-81603&index=0&size=large', '/Cover/Show?source=Solr&id=kerava_mui.mui-81603&index=1&size=large']","[{'name': 'Yki Nummi', 'role': 'Suunnittelija'}, {'name': 'Orno', 'role': 'Valmistaja'}]","[['sisustus (elottomat fyysiset kokonaisuudet'], ['fyysiset kokonaisuudet'], ['sisustus'], ['toisenlaiseksi muuttam'], ['valaistus'], ['sähkölaitteet'], ['valaisimet']]","Riippuvalaisin; Kohdevalaisin, 13-009",1960.0,Yki Nummi,22
867,kerava_mui.mui-81606,"['/Cover/Show?source=Solr&id=kerava_mui.mui-81606&index=0&size=large', '/Cover/Show?source=Solr&id=kerava_mui.mui-81606&index=1&size=large']","[{'name': 'Yki Nummi', 'role': 'Suunnittelija'}, {'name': 'Orno', 'role': 'Valmistaja'}]","[['sisustus (elottomat fyysiset kokonaisuudet'], ['fyysiset kokonaisuudet'], ['sisustus'], ['toisenlaiseksi muuttam'], ['valaistus'], ['sähkölaitteet'], ['valaisimet']]","Riippuvalaisin; Kohdevalaisin, 13-010",1960.0,Yki Nummi,22
868,kerava_mui.mui-81629,"['/Cover/Show?source=Solr&id=kerava_mui.mui-81629&index=0&size=large', '/Cover/Show?source=Solr&id=kerava_mui.mui-81629&index=1&size=large']","[{'name': 'Yki Nummi', 'role': 'Suunnittelija'}, {'name': 'Sanka Oy', 'role': 'Valmistaja'}, {'name': 'Orno', 'role': 'Valmistaja'}]","[['sisustus (elottomat fyysiset kokonaisuudet'], ['fyysiset kokonaisuudet'], ['sisustus'], ['toisenlaiseksi muuttam'], ['valaistus'], ['sähkölaitteet'], ['valaisimet']]","Pöytävalaisin; Modern art, 44-405 , 944-405 , 5539",1960.0,Yki Nummi,22
869,kerava_mui.mui-81760,['/Cover/Show?source=Solr&id=kerava_mui.mui-81760&index=0&size=large'],"[{'name': 'Yki Nummi', 'role': 'Suunnittelija'}, {'name': 'Orno', 'role': 'Valmistaja'}]","[['sisustus (elottomat fyysiset kokonaisuudet'], ['fyysiset kokonaisuudet'], ['sisustus'], ['toisenlaiseksi muuttam'], ['sähkölaitteet'], ['valaistus'], ['valaisimet']]",Pöytävalaisin; 40-040,1960.0,Yki Nummi,22
870,kerava_mui.mui-81875,['/Cover/Show?source=Solr&id=kerava_mui.mui-81875&index=0&size=large'],"[{'name': 'Yki Nummi', 'role': 'Suunnittelija'}, {'name': 'Sanka Oy', 'role': 'Valmistaja'}]","[['sähkölaitteet'], ['sisustus (elottomat fyysiset kokonaisuudet'], ['fyysiset kokonaisuudet'], ['sisustus'], ['toisenlaiseksi muuttam'], ['valaistus'], ['valaisimet']]","Riippuvalaisin; Lokki , 64-445 , 964-445 , Lentävä lautanen",1960.0,Yki Nummi,22
871,hkm.AF39A7F5-F212-4A9E-A3F0-96EEF4609405,['/Cover/Show?source=Solr&id=hkm.AF39A7F5-F212-4A9E-A3F0-96EEF4609405&index=0&size=large'],"[{'name': 'Nummi, Yki', 'role': 'muotoilija', 'id': 'https://isni.org/isni/0000000016297487'}, {'name': 'Stockmann-Orno', 'role': 'valmistaja', 'id': 'http://urn.fi/URN:NBN:fi:au:finaf:000213681'}]","[['valaisimet'], ['kattovalaisimet'], ['muovi'], ['kestomuovi'], ['akryyli']]",valaisin; plafondi; kattovalaisin; 74 - 405,1964.0,Yki Nummi,22
872,hkm.0E0790F9-2292-4EB4-A4AA-A80FEAA818B1,['/Cover/Show?source=Solr&id=hkm.0E0790F9-2292-4EB4-A4AA-A80FEAA818B1&index=0&size=large'],"[{'name': 'Nummi, Yki', 'role': 'muotoilija', 'id': 'https://isni.org/isni/0000000016297487'}, {'name': 'Sanka Oy', 'role': 'valmistaja'}, {'name': 'Oy Stockmann Ab', 'role': 'jälleenmyyjä', 'id': 'http://urn.fi/URN:NBN:fi:au:finaf:000011301'}, {'name': 'Stockmann-Orno', 'role': 'valmistaja', 'id': 'http://urn.fi/URN:NBN:fi:au:finaf:000213681'}]","[['valaisimet'], ['kattovalaisimet'], ['muovi'], ['kestomuovi'], ['akryyli'], ['muotoilu']]",valaisin; kattovalaisin; 964-445; Lentävä lautanen; Lokki,1970.0,Yki Nummi,22
873,hkm.1D063BE0-31FD-4285-80DD-2D4BBA5DF971,['/Cover/Show?source=Solr&id=hkm.1D063BE0-31FD-4285-80DD-2D4BBA5DF971&index=0&size=large'],"[{'name': 'Nummi, Yki', 'role': 'muotoilija', 'id': 'https://isni.org/isni/0000000016297487'}, {'name': 'Sanka Oy', 'role': 'valmistaja'}, {'name': 'Oy Stockmann Ab', 'role': 'jälleenmyyjä', 'id': 'http://urn.fi/URN:NBN:fi:au:finaf:000011301'}, {'name': 'Stockmann-Orno', 'role': 'valmistaja', 'id': 'http://urn.fi/URN:NBN:fi:au:finaf:000213681'}]","[['valaisimet'], ['muovi'], ['kestomuovi'], ['akryyli'], ['muotoilu']]",valaisin; pöytävalaisin; 944-405,1970.0,Yki Nummi,22
874,hkm.42F52D34-70B3-45F0-982C-0E4A3CA4F0BE,['/Cover/Show?source=Solr&id=hkm.42F52D34-70B3-45F0-982C-0E4A3CA4F0BE&index=0&size=large'],"[{'name': 'Nummi, Yki', 'role': 'muotoilija', 'id': 'https://isni.org/isni/0000000016297487'}, {'name': 'Sanka Oy', 'role': 'valmistaja'}, {'name': 'Oy Stockmann Ab', 'role': 'jälleenmyyjä', 'id': 'http://urn.fi/URN:NBN:fi:au:finaf:000011301'}, {'name': 'Stockmann-Orno', 'role': 'valmistaja', 'id': 'http://urn.fi/URN:NBN:fi:au:finaf:000213681'}]","[['teollinen muotoilu'], ['kattovalaisimet'], ['akryyli'], ['muotoilu']]",valaisin; kattovalaisin; 961-339; Outokumpu,1970.0,Yki Nummi,22
875,hkm.63BF15C3-D9F7-43AD-9CED-2FBCF6911C48,['/Cover/Show?source=Solr&id=hkm.63BF15C3-D9F7-43AD-9CED-2FBCF6911C48&index=0&size=large'],"[{'name': 'Nummi, Yki', 'role': 'suunnittelija', 'id': 'https://isni.org/isni/0000000016297487'}, {'name': 'Sanka Oy', 'role': 'valmistaja'}, {'name': 'Oy Stockmann Ab', 'role': 'jälleenmyyjä', 'id': 'http://urn.fi/URN:NBN:fi:au:finaf:000011301'}]","[['taloustarvikkeet'], ['astiat'], ['tarjoiluastiat'], ['kulhot'], ['muoviteollisuus']]",kulho; tarjoiluvati; Y34/8,1970.0,Yki Nummi,22
876,hkm.F0C972DD-4815-49FC-94BE-C5C71391138C,['/Cover/Show?source=Solr&id=hkm.F0C972DD-4815-49FC-94BE-C5C71391138C&index=0&size=large'],"[{'name': 'Nummi, Yki', 'role': 'suunnittelija', 'id': 'https://isni.org/isni/0000000016297487'}, {'name': 'Sanka Oy', 'role': 'valmistaja'}, {'name': 'Oy Stockmann Ab', 'role': 'jälleenmyyjä', 'id': 'http://urn.fi/URN:NBN:fi:au:finaf:000011301'}]","[['kattaus'], ['astiat'], ['tarjoiluastiat'], ['kulhot'], ['muoviteollisuus']]",kulho; tarjoiluvati; Y34/12,1970.0,Yki Nummi,22
877,hkm.EBDB6503-8BC6-4B42-BDD9-50EBD8B1DBBE,['/Cover/Show?source=Solr&id=hkm.EBDB6503-8BC6-4B42-BDD9-50EBD8B1DBBE&index=0&size=large'],"[{'name': 'Nummi, Yki', 'role': 'suunnittelija', 'id': 'https://isni.org/isni/0000000016297487'}, {'name': 'Sanka Oy', 'role': 'valmistaja'}, {'name': 'Oy Stockmann Ab', 'role': 'jälleenmyyjä', 'id': 'http://urn.fi/URN:NBN:fi:au:finaf:000011301'}]","[['kattaus'], ['astiat'], ['tarjoiluastiat'], ['kulhot'], ['muoviteollisuus']]",kulho; tarjoiluvati; Y34/16,,Yki Nummi,22
878,kerava_mui.mui-104573,['/Cover/Show?source=Solr&id=kerava_mui.mui-104573&index=0&size=large'],"[{'name': 'Yki Nummi', 'role': 'Suunnittelija'}, {'name': 'Sanka Oy', 'role': 'Valmistaja'}]","[['valaistus'], ['kattovalaisimet'], ['valaisimet']]",Valaisin; Kattovalaisin Tiira 64-459; Tiira 64-459,,Yki Nummi,22
879,kerava_mui.mui-104656,['/Cover/Show?source=Solr&id=kerava_mui.mui-104656&index=0&size=large'],"[{'name': 'Yki Nummi', 'role': 'Suunnittelija'}, {'name': 'Orno', 'role': 'Valmistaja'}]","[['kattovalaisimet'], ['sisustus (elottomat fyysiset kokonaisuudet'], ['fyysiset kokonaisuudet'], ['sisustus'], ['toisenlaiseksi muuttam'], ['valaiseminen'], ['valaisimet']]","Valaisin; Kattovalaisin 61-399, Outokumpu",,Yki Nummi,22
880,kerava_mui.mui-104699,['/Cover/Show?source=Solr&id=kerava_mui.mui-104699&index=0&size=large'],"[{'name': 'Yki Nummi', 'role': 'Suunnittelija'}]","[['valaisimet'], ['valaistus']]",Valaisin; Kattovalaisin 64-463; 64-463,,Yki Nummi,22
881,kerava_mui.mui-104700,['/Cover/Show?source=Solr&id=kerava_mui.mui-104700&index=0&size=large'],"[{'name': 'Yki Nummi', 'role': 'Suunnittelija'}]","[['valaisimet'], ['valaistus']]",Valaisin; Kattovalaisin 64-463; 64-463,,Yki Nummi,22
882,kerava_mui.mui-105329,['/Cover/Show?source=Solr&id=kerava_mui.mui-105329&index=0&size=large'],"[{'name': 'Yki Nummi', 'role': 'Suunnittelija'}, {'name': 'Orno', 'role': 'Valmistaja'}]","[['pöytävalaisimet'], ['valaisimet'], ['valaistus']]",Valaisin; Pöytävalaisin 40-038; 40-038,,Yki Nummi,22
883,kerava_mui.mui-106661,['/Cover/Show?source=Solr&id=kerava_mui.mui-106661&index=0&size=large'],"[{'name': 'Yki Nummi', 'role': 'Suunnittelija'}, {'name': 'Sanka Oy', 'role': 'Valmistaja'}, {'name': 'Orno', 'role': 'Valmistaja'}]","[['riippuvalaisimet'], ['kattovalaisimet'], ['valaisimet']]",Valaisin; Kattovalaisin 64-452 (?); 64-452 (?),,Yki Nummi,22
884,loviisakm.5729ce4a-2146-4bd6-b176-0788186e3b5d,"['/Cover/Show?source=Solr&id=loviisakm.5729ce4a-2146-4bd6-b176-0788186e3b5d&index=0&size=large', '/Cover/Show?source=Solr&id=loviisakm.5729ce4a-2146-4bd6-b176-0788186e3b5d&index=1&size=large']","[{'name': 'Sanka Oy', 'role': 'valmistaja'}, {'name': 'Nummi, Yki', 'role': 'suunnittelija'}]","[['muovi (aine, polymeerit)'], ['muoviteollisuus'], ['muovitehtaat'], ['muotoilu'], ['kulhot'], ['akryyli']]","Muovinen jääpalakulho, Y-38",,Yki Nummi,22
885,loviisakm.94c0a5eb-e201-42e9-88a6-b79269dd4261,"['/Cover/Show?source=Solr&id=loviisakm.94c0a5eb-e201-42e9-88a6-b79269dd4261&index=0&size=large', '/Cover/Show?source=Solr&id=loviisakm.94c0a5eb-e201-42e9-88a6-b79269dd4261&index=1&size=large', '/Cover/Show?source=Solr&id=loviisakm.94c0a5eb-e201-42e9-88a6-b79269dd4261&index=2&size=large']","[{'name': 'Sanka Oy', 'role': 'valmistaja'}, {'name': 'Nummi, Yki', 'role': 'suunnittelija'}]","[['tarjottimet'], ['tarjoiluastiat'], ['muovi (aine, polymeerit)'], ['muoviteollisuus'], ['muovitehtaat'], ['muotoilu']]",Tarjotin Y-49,,Yki Nummi,22
886,loviisakm.a4114466-c7c6-4daf-92a2-2b5ae47c3594,"['/Cover/Show?source=Solr&id=loviisakm.a4114466-c7c6-4daf-92a2-2b5ae47c3594&index=0&size=large', '/Cover/Show?source=Solr&id=loviisakm.a4114466-c7c6-4daf-92a2-2b5ae47c3594&index=1&size=large']","[{'name': 'Sanka Oy', 'role': 'valmistaja'}, {'name': 'Nummi, Yki', 'role': 'suunnittelija'}]","[['ottimet'], ['pihdit'], ['jää'], ['muovi (aine, polymeerit)'], ['muovitehtaat'], ['muoviteollisuus'], ['muovituotteet'], ['muotoilu']]",Muovinen jääpalaotin,,Yki Nummi,22
887,loviisakm.b7a58e25-deb5-43f9-be65-c2a450dd5c45,"['/Cover/Show?source=Solr&id=loviisakm.b7a58e25-deb5-43f9-be65-c2a450dd5c45&index=0&size=large', '/Cover/Show?source=Solr&id=loviisakm.b7a58e25-deb5-43f9-be65-c2a450dd5c45&index=1&size=large']","[{'name': 'Sanka Oy', 'role': 'valmistaja'}, {'name': 'Nummi, Yki', 'role': 'suunnittelija'}]","[['salaatit (ruokalajit)'], ['ruokailuvälineet'], ['ottimet'], ['muovi (aine, polymeerit)'], ['muovitehtaat'], ['muoviteollisuus'], ['muovituotteet'], ['muotoilu']]",Salaattiottimet Y-5,,Yki Nummi,22
888,loviisakm.cf681817-4d54-4309-af86-9baa3d1cdfa6,['/Cover/Show?source=Solr&id=loviisakm.cf681817-4d54-4309-af86-9baa3d1cdfa6&index=0&size=large'],"[{'name': 'Sanka Oy', 'role': 'valmistaja'}, {'name': 'Nummi, Yki', 'role': 'suunnittelija'}]","[['kattovalaisimet'], ['valaisimet'], ['sisävalaistus'], ['valonlähteet'], ['muotoilu'], ['akryyli'], ['muovi (aine, polymeerit)'], ['muovitehtaat'], ['muoviteollisuus'], ['muovituotteet']]",Akryylivalaisin 64-429,,Yki Nummi,22
889,kymenlaaksonmuseot.KarhE905:1,"['/Cover/Show?source=Solr&id=kymenlaaksonmuseot.KarhE905%3A1&index=0&size=large', '/Cover/Show?source=Solr&id=kymenlaaksonmuseot.KarhE905%3A1&index=1&size=large', '/Cover/Show?source=Solr&id=kymenlaaksonmuseot.KarhE905%3A1&index=2&size=large', '/Cover/Show?source=Solr&id=kymenlaaksonmuseot.KarhE905%3A1&index=3&size=large']","[{'name': 'Karhulan lasitehdas', 'role': 'valmistaja'}, {'name': 'Gunnel Nyman', 'role': 'suunnittelija'}]","[['maljakot'], ['323 perusraaka-aineiden jalostus keramiikka- ja lasiteollisuus'], ['353 rakennusten varustus'], ['hoito ja palveluskunta sisustaminen ja sisustustekstilit'], ['531 taiteet taidekäsityö ja muotoilu']]",maljakko; 9697,1935.0,Gunnel Nyman,24
890,kymenlaaksonmuseot.KarhE900:1,"['/Cover/Show?source=Solr&id=kymenlaaksonmuseot.KarhE900%3A1&index=0&size=large', '/Cover/Show?source=Solr&id=kymenlaaksonmuseot.KarhE900%3A1&index=1&size=large', '/Cover/Show?source=Solr&id=kymenlaaksonmuseot.KarhE900%3A1&index=2&size=large']","[{'name': 'Gunnel Nyman', 'role': 'suunnittelija'}, {'name': 'Karhulan lasitehdas', 'role': 'valmistaja'}]","[['maljat'], ['323 perusraaka-aineiden jalostus keramiikka- ja lasiteollisuus'], ['353 rakennusten varustus'], ['hoito ja palveluskunta sisustaminen ja sisustustekstilit'], ['531 taiteet taidekäsityö ja muotoilu']]",malja; 6209 K 3163; Blomskålen,1937.0,Gunnel Nyman,24
891,kymenlaaksonmuseot.KarhE901:1,"['/Cover/Show?source=Solr&id=kymenlaaksonmuseot.KarhE901%3A1&index=0&size=large', '/Cover/Show?source=Solr&id=kymenlaaksonmuseot.KarhE901%3A1&index=1&size=large']","[{'name': 'Karhulan lasitehdas', 'role': 'valmistaja'}, {'name': 'Gunnel Nyman', 'role': 'suunnittelija'}]","[['maljakot'], ['353 rakennusten varustus'], ['hoito ja palveluskunta sisustaminen ja sisustustekstilit'], ['323 perusraaka-aineiden jalostus keramiikka- ja lasiteollisuus'], ['531 taiteet taidekäsityö ja muotoilu']]",maljakko; 6310 K 3163; Perhe,1937.0,Gunnel Nyman,24
892,kymenlaaksonmuseot.KarhE902:1,"['/Cover/Show?source=Solr&id=kymenlaaksonmuseot.KarhE902%3A1&index=0&size=large', '/Cover/Show?source=Solr&id=kymenlaaksonmuseot.KarhE902%3A1&index=1&size=large', '/Cover/Show?source=Solr&id=kymenlaaksonmuseot.KarhE902%3A1&index=2&size=large']","[{'name': 'Gunnel Nyman', 'role': 'suunnittelija'}, {'name': 'Karhulan lasitehdas', 'role': 'valmistaja'}]","[['maljat'], ['vadit'], ['531 taiteet taidekäsityö ja muotoilu'], ['353 rakennusten varustus'], ['hoito ja palveluskunta sisustaminen ja sisustustekstilit'], ['323 perusraaka-aineiden jalostus keramiikka- ja lasiteollisuus']]",vati; Kalamalja; 6211 K 3164; Kalavati,1937.0,Gunnel Nyman,24
893,kymenlaaksonmuseot.KarhE902:2,"['/Cover/Show?source=Solr&id=kymenlaaksonmuseot.KarhE902%3A2&index=0&size=large', '/Cover/Show?source=Solr&id=kymenlaaksonmuseot.KarhE902%3A2&index=1&size=large', '/Cover/Show?source=Solr&id=kymenlaaksonmuseot.KarhE902%3A2&index=2&size=large']","[{'name': 'Karhulan lasitehdas', 'role': 'valmistaja'}, {'name': 'Gunnel Nyman', 'role': 'suunnittelija'}]","[['maljat'], ['vadit'], ['323 perusraaka-aineiden jalostus keramiikka- ja lasiteollisuus'], ['353 rakennusten varustus'], ['hoito ja palveluskunta sisustaminen ja sisustustekstilit'], ['531 taiteet taidekäsityö ja muotoilu']]",vati; Kalavati; Kalamalja; 6211 K 3164,1937.0,Gunnel Nyman,24
894,kymenlaaksonmuseot.KarhE903:1,"['/Cover/Show?source=Solr&id=kymenlaaksonmuseot.KarhE903%3A1&index=0&size=large', '/Cover/Show?source=Solr&id=kymenlaaksonmuseot.KarhE903%3A1&index=1&size=large']","[{'name': 'Karhulan lasitehdas', 'role': 'valmistaja'}, {'name': 'Gunnel Nyman', 'role': 'suunnittelija'}]","[['maljat'], ['531 taiteet taidekäsityö ja muotoilu'], ['323 perusraaka-aineiden jalostus keramiikka- ja lasiteollisuus'], ['353 rakennusten varustus'], ['hoito ja palveluskunta sisustaminen ja sisustustekstilit']]",malja; 6311 S 2125; Ruispelto,1937.0,Gunnel Nyman,24
895,kymenlaaksonmuseot.KarhE906:1,"['/Cover/Show?source=Solr&id=kymenlaaksonmuseot.KarhE906%3A1&index=0&size=large', '/Cover/Show?source=Solr&id=kymenlaaksonmuseot.KarhE906%3A1&index=1&size=large', '/Cover/Show?source=Solr&id=kymenlaaksonmuseot.KarhE906%3A1&index=2&size=large', '/Cover/Show?source=Solr&id=kymenlaaksonmuseot.KarhE906%3A1&index=3&size=large']","[{'name': 'Karhulan lasitehdas', 'role': 'valmistaja'}, {'name': 'Gunnel Nyman', 'role': 'suunnittelija'}]","[['maljat'], ['323 perusraaka-aineiden jalostus keramiikka- ja lasiteollisuus'], ['531 taiteet taidekäsityö ja muotoilu'], ['353 rakennusten varustus'], ['hoito ja palveluskunta sisustaminen ja sisustustekstilit']]",malja,1937.0,Gunnel Nyman,24
896,heinolanmuseo.hkm-99861,['/Cover/Show?source=Solr&id=heinolanmuseo.hkm-99861&index=0&size=large'],"[{'name': 'Nyman Gunnel', 'role': 'Suunnittelija'}, {'name': 'Nuutajärven lasitehdas', 'role': 'Valmistaja'}]","[['tarjoiluastiat'], ['snapsilasit'], ['juomalasit'], ['1945-1947']]",snapsilasi; Pore 2723,1945.0,Gunnel Nyman,24
897,hkm.1B0B1FA8-CE4B-43EE-9828-B9A9017CCEC1,['/Cover/Show?source=Solr&id=hkm.1B0B1FA8-CE4B-43EE-9828-B9A9017CCEC1&index=0&size=large'],"[{'name': 'Nyman, Gunnel', 'role': 'muotoilija', 'id': 'https://isni.org/isni/0000000082180965'}, {'name': 'Nuutajärven lasitehdas', 'role': 'valmistaja'}]","[['muotoilu'], ['taideteollisuus'], ['keräily'], ['koriste-esineet'], ['sisustus'], ['astiat'], ['design']]",maljakko; Helminauha,1947.0,Gunnel Nyman,24
898,hkm.BCF9628A-922D-4F2B-884C-B374D26B27AE,['/Cover/Show?source=Solr&id=hkm.BCF9628A-922D-4F2B-884C-B374D26B27AE&index=0&size=large'],"[{'name': 'Nyman, Gunnel', 'role': 'muotoilija', 'id': 'https://isni.org/isni/0000000082180965'}, {'name': 'Nuutajärven lasitehdas', 'role': 'valmistaja'}]","[['muotoilu'], ['taideteollisuus'], ['keräily'], ['koriste-esineet'], ['sisustus'], ['astiat'], ['design']]",maljakko; Morsiushuntu,1947.0,Gunnel Nyman,24
899,tmk.160990483032400,['/Cover/Show?source=Solr&id=tmk.160990483032400&index=0&size=large'],"[{'name': 'Nuutajärven Lasitehdas Oy', 'role': 'valmistaja'}, {'name': 'Gunnel Nyman', 'role': 'suunnittelija'}]",[['maljakot']],Serpentiini GN 18; maljakko,1947.0,Gunnel Nyman,24
900,tmk.161004621432500,['/Cover/Show?source=Solr&id=tmk.161004621432500&index=0&size=large'],"[{'name': 'Gunnel Nyman', 'role': 'suunnittelija'}, {'name': 'Nuutajärven Lasitehdas Oy', 'role': 'valmistaja'}]","[['maljakot'], ['lasitaide'], ['taideteollisuus']]",maljakko,1947.0,Gunnel Nyman,24
901,tmk.161004621955100,['/Cover/Show?source=Solr&id=tmk.161004621955100&index=0&size=large'],"[{'name': 'Nuutajärven Lasitehdas Oy', 'role': 'valmistaja'}, {'name': 'Gunnel Nyman', 'role': 'suunnittelija'}]","[['astiat'], ['juoma-astiat'], ['juomalasit']]",juomalasi,1947.0,Gunnel Nyman,24
902,hkm.0277A179-FCB7-47A9-B746-1A5E36376383,['/Cover/Show?source=Solr&id=hkm.0277A179-FCB7-47A9-B746-1A5E36376383&index=0&size=large'],"[{'name': 'Nyman, Gunnel', 'role': 'muotoilija', 'id': 'https://isni.org/isni/0000000082180965'}, {'name': 'Nuutajärven lasitehdas', 'role': 'valmistaja'}]","[['kattaus'], ['astiat'], ['juomat'], ['juoma-astiat'], ['desing']]",kaadin; lasikannu,1950.0,Gunnel Nyman,24
903,hkm.081E04FB-870A-41D1-A232-6268ECC029FD,['/Cover/Show?source=Solr&id=hkm.081E04FB-870A-41D1-A232-6268ECC029FD&index=0&size=large'],"[{'name': 'Nyman, Gunnel', 'role': 'muotoilija', 'id': 'https://isni.org/isni/0000000082180965'}, {'name': 'Nuutajärven lasitehdas', 'role': 'valmistaja'}]","[['muotoilu'], ['taideteollisuus'], ['keräily'], ['koriste-esineet'], ['sisustus'], ['astiat'], ['design']]",maljakko; Serpentiini,1950.0,Gunnel Nyman,24
904,hkm.0E93458F-B0F7-4D14-AC64-325ACE0E630F,['/Cover/Show?source=Solr&id=hkm.0E93458F-B0F7-4D14-AC64-325ACE0E630F&index=0&size=large'],"[{'name': 'Nyman, Gunnel', 'role': 'muotoilija', 'id': 'https://isni.org/isni/0000000082180965'}, {'name': 'Nuutajärven lasitehdas', 'role': 'valmistaja'}]","[['muotoilu'], ['taideteollisuus'], ['keräily'], ['koriste-esineet'], ['sisustus'], ['design']]",maljakko,1950.0,Gunnel Nyman,24
905,tmk.169157562838100,"['/Cover/Show?source=Solr&id=tmk.169157562838100&index=0&size=large', '/Cover/Show?source=Solr&id=tmk.169157562838100&index=1&size=large']","[{'name': 'Nuutajärven Lasitehdas Oy', 'role': 'valmistaja'}, {'name': 'Gunnel Nyman', 'role': 'suunnittelija'}]",[],maljakko; Pore,,Gunnel Nyman,24
906,tmk.169157586995700,['/Cover/Show?source=Solr&id=tmk.169157586995700&index=0&size=large'],"[{'name': 'Nuutajärven Lasitehdas Oy', 'role': 'valmistaja'}, {'name': 'Gunnel Nyman', 'role': 'suunnittelija'}]",[],kermakko; Pore,,Gunnel Nyman,24
907,tmk.169157600294800,['/Cover/Show?source=Solr&id=tmk.169157600294800&index=0&size=large'],"[{'name': 'Nuutajärven Lasitehdas Oy', 'role': 'valmistaja'}, {'name': 'Gunnel Nyman', 'role': 'suunnittelija'}]",[],sokerikko; Pore,,Gunnel Nyman,24
908,ksm.158470115803000,['/Cover/Show?source=Solr&id=ksm.158470115803000&index=0&size=large'],"[{'name': 'Timo Sarpaneva', 'role': 'suunnittelija'}, {'name': 'Iittalan Lasitehdas'}]","[['astiat'], ['lasit'], ['juomalasit'], ['muotoilu'], ['1960-1970 käyttöaika']]",Iittala juomalasi i-114; astia;lasi; juomalasi,1956.0,Timo Sarpaneva,29
909,heinolanmuseo.hkm-92731,['/Cover/Show?source=Solr&id=heinolanmuseo.hkm-92731&index=0&size=large'],"[{'name': 'Sarpaneva Timo', 'role': 'Suunnittelija'}, {'name': 'Iittala', 'role': 'Valmistaja'}]","[['vaasit'], ['Maljakot']]",maljakko; Finlandia,1959.0,Timo Sarpaneva,29
910,museovirasto.206A4E3E9579AFAA1DC3DFCD7C13B69B,['/Cover/Show?source=Solr&id=museovirasto.206A4E3E9579AFAA1DC3DFCD7C13B69B&index=0&size=large'],"[{'name': 'Sarpaneva, Pi', 'role': 'tekijä'}, {'name': 'Sarpaneva, Timo', 'role': 'suunnittelija'}]",[['naisten puvut']],naisten puku; arkipuku,1959.0,Timo Sarpaneva,29
911,heinolanmuseo.hkm-91215,['/Cover/Show?source=Solr&id=heinolanmuseo.hkm-91215&index=0&size=large'],"[{'name': 'Sarpaneva Timo', 'role': 'Suunnittelija'}, {'name': 'W. Rosenlew Oy Ab', 'role': 'Valmistaja'}]","[['taideteollisuus'], ['Padat'], ['Ruoanvalmistusastiat']]",pata; Saturnus,1960.0,Timo Sarpaneva,29
912,ksm.162928766016200,['/Cover/Show?source=Solr&id=ksm.162928766016200&index=0&size=large'],"[{'name': 'Timo Sarpaneva', 'role': 'suunnittelija'}, {'name': 'Rosenlew', 'role': 'valmistaja'}]","[['valurauta'], ['muotoilu'], ['padat'], ['1960-2013 käyttöaika']]",Rosenlew Sarpaneva-pata; pata; valurautapata,1960.0,Timo Sarpaneva,29
913,ksm.163006569825900,['/Cover/Show?source=Solr&id=ksm.163006569825900&index=0&size=large'],"[{'name': 'Timo Sarpaneva', 'role': 'suunnittelija'}, {'name': 'Iittalan Lasitehdas', 'role': 'valmistaja'}]","[['astiat'], ['kulhot'], ['tarjoiluastiat'], ['lasiesineet'], ['muotoilu'], ['1961-2016 käyttöaika']]",Iittala i-linja -tarjoilukulho; kulho;astia; lasikulho; tarjoilukulho,1960.0,Timo Sarpaneva,29
914,ksm.165468064992200,['/Cover/Show?source=Solr&id=ksm.165468064992200&index=0&size=large'],"[{'name': 'Juhava Oy', 'role': 'valmistaja'}, {'name': 'Timo Sarpaneva', 'role': 'suunnittelija'}]","[['kynttilänjalat'], ['kynttilänaluset'], ['koriste-esineet'], ['lasiesineet'], ['1960-2013']]",Juhava Oy kynttilänjalka; kynttilänjalka; servettiteline,1960.0,Timo Sarpaneva,29
915,tmk.161020880886000,['/Cover/Show?source=Solr&id=tmk.161020880886000&index=0&size=large'],"[{'name': 'W. Rosenlew & Co Oy', 'role': 'valmistaja'}, {'name': 'Timo Sarpaneva', 'role': 'suunnittelija'}]","[['astiat'], ['ruoanvalmistus']]",Sarpaneva-pata; pata; valurautapata,1960.0,Timo Sarpaneva,29
916,tmk.161020881488900,['/Cover/Show?source=Solr&id=tmk.161020881488900&index=0&size=large'],"[{'name': 'Timo Sarpaneva', 'role': 'suunnittelija'}, {'name': 'W. Rosenlew & Co Oy', 'role': 'valmistaja'}]","[['astiat'], ['ruoanvalmistus']]",Saturnus-pata; pata; valurautapata,1960.0,Timo Sarpaneva,29
917,tmk.161020882020600,['/Cover/Show?source=Solr&id=tmk.161020882020600&index=0&size=large'],"[{'name': 'Timo Sarpaneva', 'role': 'suunnittelija'}, {'name': 'W. Rosenlew & Co Oy', 'role': 'valmistaja'}]","[['astiat'], ['ruoanvalmistus']]",Saturnus-pata; pata; valurautapata,1960.0,Timo Sarpaneva,29
918,visavuori.pju-75018,['/Cover/Show?source=Solr&id=visavuori.pju-75018&index=0&size=large'],"[{'name': 'Frenckellin kirjapaino osakeyhtiö,Sarpaneva, Timo,Vorberg, Jürgen,Säteri', 'role': 'Valmistaja'}]",[],"esite, tuote-esite",1962.0,Timo Sarpaneva,29
919,ksm.158470240160000,['/Cover/Show?source=Solr&id=ksm.158470240160000&index=0&size=large'],"[{'name': 'Iittalan Lasitehdas', 'role': 'valmistaja'}, {'name': 'Timo Sarpaneva', 'role': 'suunnittelija'}]","[['alustat'], ['tuhkakupit'], ['Iittala'], ['Sarpaneva Timo'], ['1964-1992 käyttöaika']]",Iittala Visa tuhkakuppi; kuppi;alusta; kynttilänalusta; tuhkakuppi,1964.0,Timo Sarpaneva,29
920,visavuori.pju-79451,['/Cover/Show?source=Solr&id=visavuori.pju-79451&index=0&size=large'],"[{'name': 'Rosenlew, Timo Sarpaneva', 'role': 'Valmistaja'}]","[['paperit'], ['lahjapaperit']]","Lahjapaperi (18 kpl); ""Ambiente""-lahjapaperi",1965.0,Timo Sarpaneva,29
921,visavuori.pju-79452,['/Cover/Show?source=Solr&id=visavuori.pju-79452&index=0&size=large'],"[{'name': 'Rosenlew, Timo Sarpaneva', 'role': 'Valmistaja'}]","[['paperit'], ['lahjapaperit']]","Lahjapaperi (15 kpl); ""Ambiente""-lahjapaperi",1965.0,Timo Sarpaneva,29
922,visavuori.pju-79453,['/Cover/Show?source=Solr&id=visavuori.pju-79453&index=0&size=large'],"[{'name': 'Rosenlew, Timo Sarpaneva', 'role': 'Valmistaja'}]","[['paperit'], ['hyllypaperit']]","Hyllypaperirulla (4 kpl); ""Ambiente""-hyllypaperi",1965.0,Timo Sarpaneva,29
923,ksm.158470038568000,['/Cover/Show?source=Solr&id=ksm.158470038568000&index=0&size=large'],"[{'name': 'Timo Sarpaneva', 'role': 'suunnittelija'}]","[['koristeet'], ['kynttilänjalat'], ['Iittala'], ['Sarpaneva Timo'], ['lasiteollisuus'], ['design'], ['1967-1980 käyttöaika']]",Iittala Festivo-kynttilänjalka; kynttilänjalka; lasinen kynttilänjalka,1967.0,Timo Sarpaneva,29
924,hkm.3646AF6C-73E4-4B10-BB9B-BFA281C5999B,['/Cover/Show?source=Solr&id=hkm.3646AF6C-73E4-4B10-BB9B-BFA281C5999B&index=0&size=large'],"[{'name': 'Sarpaneva, Timo', 'role': 'muotoilija', 'id': 'https://isni.org/isni/000000011445284X'}, {'name': 'Iittala', 'role': 'valmistaja', 'id': 'http://urn.fi/URN:NBN:fi:au:finaf:000037985'}]","[['muotoilu'], ['taideteollisuus'], ['keräily'], ['koriste-esineet'], ['sisustus']]",tuhka-astia; kynttilänalusta; Riite,1968.0,Timo Sarpaneva,29
925,hkm.0FF6FEFA-EB09-41FD-8B69-8452AD1F17F7,['/Cover/Show?source=Solr&id=hkm.0FF6FEFA-EB09-41FD-8B69-8452AD1F17F7&index=0&size=large'],"[{'name': 'Sarpaneva, Timo', 'role': 'muotoilija', 'id': 'https://isni.org/isni/000000011445284X'}, {'name': 'Oy Peltiteos Ab', 'role': 'valmistaja'}]","[['taloustarvikkeet'], ['säilyttimet'], ['purkit'], ['uniikkituotteet']]",purkki,1970.0,Timo Sarpaneva,29
926,hkm.3135045D-857A-4FD2-AEFD-D6047638C884,['/Cover/Show?source=Solr&id=hkm.3135045D-857A-4FD2-AEFD-D6047638C884&index=0&size=large'],"[{'name': 'Sarpaneva, Timo', 'role': 'muotoilija', 'id': 'https://isni.org/isni/000000011445284X'}, {'name': 'Oy Peltiteos Ab', 'role': 'valmistaja'}]","[['taloustarvikkeet'], ['säilyttimet'], ['purkit'], ['uniikkituotteet']]",purkki,1970.0,Timo Sarpaneva,29
927,hkm.710E0A70-D531-4C65-AB56-538CB53C9971,['/Cover/Show?source=Solr&id=hkm.710E0A70-D531-4C65-AB56-538CB53C9971&index=0&size=large'],"[{'name': 'Sarpaneva, Timo', 'role': 'muotoilija', 'id': 'https://isni.org/isni/000000011445284X'}, {'name': 'Oy Peltiteos Ab', 'role': 'valmistaja'}]","[['taloustarvikkeet'], ['astiat'], ['ruoanvalmistusastiat']]","kattila; teräskattila, tarjoilukattila; OPA malli TS-202",1970.0,Timo Sarpaneva,29
928,hkm.8931DF44-422D-4A57-B82A-D3845BCE4FBE,['/Cover/Show?source=Solr&id=hkm.8931DF44-422D-4A57-B82A-D3845BCE4FBE&index=0&size=large'],"[{'name': 'Sarpaneva, Timo', 'role': 'muotoilija', 'id': 'https://isni.org/isni/000000011445284X'}, {'name': 'Oy Peltiteos Ab', 'role': 'valmistaja'}]","[['tarjoiluastiat'], ['astiat'], ['juomat'], ['jäähdytys'], ['nautintoaineet'], ['alkoholijuomat'], ['mallikappaleet'], ['prototyypit'], ['samppanja'], ['kuohuviinit']]",jäähdytin; cooleri; shampanja-jäähdytin,1970.0,Timo Sarpaneva,29
929,hkm.9A24EA26-CCB9-4DD9-A247-75F5EAB6AB55,['/Cover/Show?source=Solr&id=hkm.9A24EA26-CCB9-4DD9-A247-75F5EAB6AB55&index=0&size=large'],"[{'name': 'Sarpaneva, Timo', 'role': 'muotoilija', 'id': 'https://isni.org/isni/000000011445284X'}, {'name': 'Oy Peltiteos Ab', 'role': 'valmistaja'}]","[['säilyttimet'], ['astiat'], ['juoma-astiat'], ['juomat'], ['kaatimet'], ['kannut'], ['teräs']]",kaadin; jäävesikaadin; OPA malli TS-151,1970.0,Timo Sarpaneva,29
930,hkm.9E51F767-BC19-4F42-86B6-6129B6FBEBC0,['/Cover/Show?source=Solr&id=hkm.9E51F767-BC19-4F42-86B6-6129B6FBEBC0&index=0&size=large'],"[{'name': 'Sarpaneva, Timo', 'role': 'muotoilija', 'id': 'https://isni.org/isni/000000011445284X'}, {'name': 'Oy Peltiteos Ab', 'role': 'valmistaja'}]","[['astiat'], ['ruoanvalmistusastiat'], ['pannut']]",pannu; munakaspannu; OPA malli TS-224,1970.0,Timo Sarpaneva,29
931,hkm.FDD955FB-1045-4098-8F59-7FFBA6A53201,['/Cover/Show?source=Solr&id=hkm.FDD955FB-1045-4098-8F59-7FFBA6A53201&index=0&size=large'],"[{'name': 'Sarpaneva, Timo', 'role': 'muotoilija', 'id': 'https://isni.org/isni/000000011445284X'}, {'name': 'Oy Peltiteos Ab', 'role': 'valmistaja'}]","[['taloustarvikkeet'], ['astiat'], ['ruoanvalmistusastiat'], ['kattilat'], ['kannet (astioiden)']]","kattila; kasari; OPA malli TS-205 ""POP""",1970.0,Timo Sarpaneva,29
932,ksm.158470038766100,['/Cover/Show?source=Solr&id=ksm.158470038766100&index=0&size=large'],"[{'name': 'Timo Sarpaneva', 'role': 'suunnittelija'}]","[['astiat'], ['juomalasit'], ['konjakki'], ['1970-1980 käyttöaika']]",Iittala iso aromilasi; lasi;astia; konjakkilasi; aromilasi,1970.0,Timo Sarpaneva,29
933,ksm.165468316393000,['/Cover/Show?source=Solr&id=ksm.165468316393000&index=0&size=large'],"[{'name': 'Timo Sarpaneva', 'role': 'suunnittelija'}, {'name': 'Iittala', 'role': 'valmistaja'}]","[['juomalasit'], ['lasituotteet'], ['astiat'], ['likööri'], ['1970-2013']]",Iittalan Kekkerit-sarjan Paukku-lasit 10cl; juomalasi; liköörilasi,1970.0,Timo Sarpaneva,29
934,ksm.158470227729700,['/Cover/Show?source=Solr&id=ksm.158470227729700&index=0&size=large'],"[{'name': 'Timo Sarpaneva', 'role': 'suunnittelija'}]","[['urheilu'], ['palkinto'], ['urheiluseura'], ['ampuminen'], ['maljakko'], ['kukkamaljakko'], ['sisustusesineet'], ['1972-1999 käyttöaika']]",Iittala Vertica 2756 -maljakko; palkinto;maljakko; lasimaljakko; kivääriammuntapalkinto,1972.0,Timo Sarpaneva,29
935,ksm.158470227737400,['/Cover/Show?source=Solr&id=ksm.158470227737400&index=0&size=large'],"[{'name': 'Timo Sarpaneva', 'role': 'suunnittelija'}, {'name': 'Iittalan Lasitehdas', 'role': 'valmistaja'}]","[['urheilu'], ['palkinto'], ['urheiluseura'], ['ampuminen'], ['maljakko'], ['kukkamaljakko'], ['muotoilu'], ['1973-1999 käyttöaika']]",Iittala Kekkerit -maljakko; palkinto;maljakko; lasimaljakko,1973.0,Timo Sarpaneva,29
936,ksm.158470229194900,['/Cover/Show?source=Solr&id=ksm.158470229194900&index=0&size=large'],[{'name': 'Timo Sarpaneva'}],"[['urheilu'], ['palkinto'], ['urheiluseura'], ['ammunta'], ['snapsilasit'], ['muotoilu'], ['1975-1999 käyttöaika']]",Iittalan Kekkerit Naukku snapsilasi; lasi; snapsilasi,1973.0,Timo Sarpaneva,29
937,ksm.162919743916300,['/Cover/Show?source=Solr&id=ksm.162919743916300&index=0&size=large'],"[{'name': 'Timo Sarpaneva', 'role': 'suunnittelija'}, {'name': 'Iittalan Lasitehdas', 'role': 'valmistaja'}]","[['lasi (objekti)'], ['muotoilu'], ['lasitaide'], ['astiat'], ['juomalasit'], ['1980-2013 käyttöaika']]",Iittala Kekkerit Paukku -lasi; lasi;astia; juomalasi,1973.0,Timo Sarpaneva,29
938,ksm.165475964807300,['/Cover/Show?source=Solr&id=ksm.165475964807300&index=0&size=large'],"[{'name': 'Iittala', 'role': 'valmistaja'}, {'name': 'Timo Sarpaneva', 'role': 'suunnittelija'}]","[['maljakot'], ['lasiesineet'], ['koriste-esineet'], ['lasituotteet'], ['1973-2013']]",Iittala Kekkerit-maljakko; maljakko; koriste-esine,1973.0,Timo Sarpaneva,29
939,heinolanmuseo.hkm-97724,['/Cover/Show?source=Solr&id=heinolanmuseo.hkm-97724&index=0&size=large'],"[{'name': 'Sarpaneva Timo', 'role': 'Suunnittelija'}, {'name': 'Iittala', 'role': 'Valmistaja'}]","[['sisustus'], ['valaistus'], ['kynttilänjalat']]",kynttilänjalka; Festivo,1980.0,Timo Sarpaneva,29
940,heinolanmuseo.hkm-97729,['/Cover/Show?source=Solr&id=heinolanmuseo.hkm-97729&index=0&size=large'],"[{'name': 'Sarpaneva Timo', 'role': 'Suunnittelija'}, {'name': 'Iittala', 'role': 'Valmistaja'}]","[['sisustus'], ['valaistus'], ['kynttilänjalat']]",kynttilänjalka; Arkipelago,1980.0,Timo Sarpaneva,29
941,heinolanmuseo.hkm-97731,['/Cover/Show?source=Solr&id=heinolanmuseo.hkm-97731&index=0&size=large'],"[{'name': 'Sarpaneva Timo', 'role': 'Suunnittelija'}, {'name': 'Iittala', 'role': 'Valmistaja'}]","[['valaistus'], ['sisustus'], ['kynttilänjalat']]",kynttilänjalka; Arkipelago,1980.0,Timo Sarpaneva,29
942,satakunnanmuseo.253C8A67-E981-446A-BA81-C2B447758C51,"['/Cover/Show?source=Solr&id=satakunnanmuseo.253C8A67-E981-446A-BA81-C2B447758C51&index=0&size=large', '/Cover/Show?source=Solr&id=satakunnanmuseo.253C8A67-E981-446A-BA81-C2B447758C51&index=1&size=large']","[{'name': 'W. Rosenlew & Co Ab', 'role': 'valmistaja'}, {'name': 'Sarpaneva, Timo', 'role': 'suunnittelija'}]","[['valurauta'], ['tiikki'], ['padat'], ['ruoanvalmistusastiat'], ['teollisuustuotteet'], ['konepajateollisuus'], ['käyttöaika 1961-1966, käyttöaika Musta pata ja kansi, puinen ripa ruskea. Pata pyöreä, ylöspäin levenevä. Molemmilla sivuilla nousevat reunasta ylös muotoillut kantolenkit, joihin ripa voidaan kiinnittää. Kansi tasainen, sen keskellä ""kuoppa"", jonka yli kulkee siltana kahva.']]","pata, kansi ja nostoripa; S-pata",,Timo Sarpaneva,29
943,satakunnanmuseo.2DEF7CBB-8756-40F0-B743-7F28B63FFDCB,"['/Cover/Show?source=Solr&id=satakunnanmuseo.2DEF7CBB-8756-40F0-B743-7F28B63FFDCB&index=0&size=large', '/Cover/Show?source=Solr&id=satakunnanmuseo.2DEF7CBB-8756-40F0-B743-7F28B63FFDCB&index=1&size=large']","[{'name': 'W. Rosenlew & Co Ab', 'role': 'valmistaja'}, {'name': 'Sarpaneva, Timo', 'role': 'suunnittelija'}]","[['vuoat'], ['ruoanvalmistusastiat'], ['emali'], ['valurauta'], ['teollisuustuotteet'], ['konepajateollisuus'], ['käyttöaika 1961-1966, käyttöaika Kaksi samanmuotoista osaa: kansi ja vuoka. Ulkoa punainen ja sisältä valkoinen. Kulmista pyöristetyn suorakaiteen muotonen. Vuoka ylöspäin levenevä ja kansi alaspäin levenevä. Päissä koko vuoan levyiset, kulmistaan pyöristetyt kahvat.']]",vuoka ja kansi; Sarpaneva-vuoka,,Timo Sarpaneva,29
944,satakunnanmuseo.2ED37D4F-B31D-4FDE-A0DA-5695BAC57FB0,"['/Cover/Show?source=Solr&id=satakunnanmuseo.2ED37D4F-B31D-4FDE-A0DA-5695BAC57FB0&index=0&size=large', '/Cover/Show?source=Solr&id=satakunnanmuseo.2ED37D4F-B31D-4FDE-A0DA-5695BAC57FB0&index=1&size=large']","[{'name': 'W. Rosenlew & Co Ab', 'role': 'valmistaja'}, {'name': 'Sarpaneva, Timo', 'role': 'suunnittelija'}]","[['emali'], ['valurauta'], ['ruoanvalmistusastiat'], ['vuoat'], ['teollisuustuotteet'], ['konepajateollisuus'], ['käyttöaika 1961-1966, käyttöaika Kaksi samanmuotoista osaa: kansi ja vuoka. Ulkoa musta ja sisältä valkoinen. Kulmista pyöristetyn suorakaiteen muotonen. Vuoka ylöspäin levenevä ja kansi alaspäin levenevä. Päissä koko vuoan levyiset, kulmistaan pyöristetyt kahvat.']]",vuoka ja kansi; Sarpaneva-vuoka,,Timo Sarpaneva,29
945,satakunnanmuseo.5794CF1E-D4A1-4132-87B1-8CCDF0DB1CD7,"['/Cover/Show?source=Solr&id=satakunnanmuseo.5794CF1E-D4A1-4132-87B1-8CCDF0DB1CD7&index=0&size=large', '/Cover/Show?source=Solr&id=satakunnanmuseo.5794CF1E-D4A1-4132-87B1-8CCDF0DB1CD7&index=1&size=large']","[{'name': 'W. Rosenlew & Co Ab', 'role': 'valmistaja'}, {'name': 'Sarpaneva, Timo', 'role': 'suunnittelija'}]","[['valurauta'], ['emali'], ['vuoat'], ['ruoanvalmistusastiat'], ['käyttöaika 1961-1966, käyttöaika Kaksi osaa: kansi ja vuoka. Päistä kaareva, pitkän mallinen, päädyissä valetut kahvat. Kansi kupera, keskellä pyöreä painauma, jonka yli kulkee siltamaisesti kahva. Sisältä valkoinen, ulkoa punainen.']]",vuoka ja kansi; pitkävuoka,,Timo Sarpaneva,29
946,satakunnanmuseo.59BA4B69-C56A-4D73-A19A-E1A30D0B846A,"['/Cover/Show?source=Solr&id=satakunnanmuseo.59BA4B69-C56A-4D73-A19A-E1A30D0B846A&index=0&size=large', '/Cover/Show?source=Solr&id=satakunnanmuseo.59BA4B69-C56A-4D73-A19A-E1A30D0B846A&index=1&size=large', '/Cover/Show?source=Solr&id=satakunnanmuseo.59BA4B69-C56A-4D73-A19A-E1A30D0B846A&index=2&size=large']","[{'name': 'W. Rosenlew & Co Ab', 'role': 'valmistaja'}, {'name': 'Sarpaneva, Timo', 'role': 'suunnittelija'}]","[['emali'], ['valurauta'], ['ruoanvalmistusastiat'], ['paistinpannut'], ['teollisuustuotteet'], ['konepajateollisuus'], ['käyttöaika 1961-1966, käyttöaika Pyöreä pannu, jonka reunoissa molemmin puolin korvamaiset kaatolevennykset. Kansi kupera, keskellä pyöreä syvennys, jonka yli kulkee kaareva, siltamainen kahva. Varsi kourumainen. Sisältä musta, ulkoa punainen.']]",paistinpannu ja kansi; S-paistopannu,,Timo Sarpaneva,29
947,satakunnanmuseo.6B49C9B9-53E1-4E61-A0B3-85C19B4191D8,"['/Cover/Show?source=Solr&id=satakunnanmuseo.6B49C9B9-53E1-4E61-A0B3-85C19B4191D8&index=0&size=large', '/Cover/Show?source=Solr&id=satakunnanmuseo.6B49C9B9-53E1-4E61-A0B3-85C19B4191D8&index=1&size=large']","[{'name': 'W. Rosenlew & Co Ab', 'role': 'valmistaja'}, {'name': 'Sarpaneva, Timo', 'role': 'suunnittelija'}]","[['emali'], ['valurauta'], ['vuoat'], ['ruoanvalmistusastiat'], ['käyttöaika 1961-1966, käyttöaika Kaksi puolipallon muotoista osaa, joista toinen asettuu kanneksi päälle. Moelmpien puoliskojen ulkoreunaa kiertää Saturnuksen renkaiden tapaan metallirengas vaakatasossa. Pohja ja päällys tehty tasaisiksi. Ulkoa musta, sisältä valkoinen.']]",vuoka ja kansi; Sarpaneva-vuoka,,Timo Sarpaneva,29
948,satakunnanmuseo.6BAC6695-3A65-4785-A4DF-BA1D44B341B6,['/Cover/Show?source=Solr&id=satakunnanmuseo.6BAC6695-3A65-4785-A4DF-BA1D44B341B6&index=0&size=large'],"[{'name': 'W. Rosenlew & Co Ab', 'role': 'valmistaja'}, {'name': 'Sarpaneva, Timo', 'role': 'suunnittelija'}]","[['emali'], ['valurauta'], ['ruoanvalmistusastiat'], ['vuoat'], ['teollisuustuotteet'], ['konepajateollisuus'], ['käyttöaika 1961-1968, käyttöaika Kaksi puolipallon muotoista osaa, joista toinen asettuu kanneksi päälle. Molempien puoliskojen ulkoreunassa korvamainen leventymä molemmilla sivuilla. Pohja hiottu,  päällys tehty tasaiseksi. Ulkoa punainen, sisältä valkoinen.']]",vuoka ja kansi; Sarpaneva-vuoka,,Timo Sarpaneva,29
949,satakunnanmuseo.7636D265-F336-4D48-8390-71F532BFF4A9,"['/Cover/Show?source=Solr&id=satakunnanmuseo.7636D265-F336-4D48-8390-71F532BFF4A9&index=0&size=large', '/Cover/Show?source=Solr&id=satakunnanmuseo.7636D265-F336-4D48-8390-71F532BFF4A9&index=1&size=large']","[{'name': 'W. Rosenlew & Co Ab', 'role': 'valmistaja'}, {'name': 'Sarpaneva, Timo', 'role': 'suunnittelija'}]","[['vuoat'], ['ruoanvalmistusastiat'], ['konepajateollisuus'], ['teollisuustuotteet'], ['emali'], ['valurauta'], ['käyttöaika 1961-1966, käyttöaika Kaksi puolipallon muotoista osaa, joista toinen asettuu kanneksi päälle. Molempien puoliskojen ulkoreunaa kiertää Saturnuksen renkaiden tapaan metallirengas vaakatasossa. Pohja ja päällys tehty tasaisiksi. Ulkoa punainen, sisältä valkoinen.']]",vuoka ja kansi; Sarpaneva-vuoka,,Timo Sarpaneva,29
950,satakunnanmuseo.7D88DA14-8B99-4659-B896-D29FBB37007F,"['/Cover/Show?source=Solr&id=satakunnanmuseo.7D88DA14-8B99-4659-B896-D29FBB37007F&index=0&size=large', '/Cover/Show?source=Solr&id=satakunnanmuseo.7D88DA14-8B99-4659-B896-D29FBB37007F&index=1&size=large']","[{'name': 'W. Rosenlew & Co Ab', 'role': 'valmistaja'}, {'name': 'Sarpaneva, Timo', 'role': 'suunnittelija'}]","[['valurauta'], ['vuoat'], ['ruoanvalmistusastiat'], ['käyttöaika 1961-1966, käyttöaika Päistä kaareva, pitkän mallinen, päädyissä valetut kahvat. Kansi kupera, keskellä pyöreä painauma, jonka yli kulkee siltamaisesti kahva. Musta. Kannen sisäpuoli valkoemaloitu. Emali puuttuu vuoan sisäpuolelta.']]",vuoka ja kansi; pitkävuoka,,Timo Sarpaneva,29
951,satakunnanmuseo.7DF57464-1050-464E-B0D0-E7B53027C894,['/Cover/Show?source=Solr&id=satakunnanmuseo.7DF57464-1050-464E-B0D0-E7B53027C894&index=0&size=large'],"[{'name': 'W. Rosenlew & Co Ab', 'role': 'valmistaja'}, {'name': 'Sarpaneva, Timo', 'role': 'suunnittelija'}]","[['valurauta'], ['emali'], ['vuoat'], ['ruoanvalmistusastiat'], ['käyttöaika 1961-1966, käyttöaika Kaksi puolipallon muotoista osaa, joista toinen asettuu kanneksi päälle. Molempien puoliskojen ulkoreunaa kiertää Saturnuksen renkaiden tapaan metallirengas vaakatasossa. Pohja ja päällys tehty tasaisiksi. Ulkoa punainen, sisältä valkoinen.']]",vuoka ja kansi; Sarpaneva-vuoka,,Timo Sarpaneva,29
952,satakunnanmuseo.88A103E4-B521-4169-BED4-F82381146FBC,"['/Cover/Show?source=Solr&id=satakunnanmuseo.88A103E4-B521-4169-BED4-F82381146FBC&index=0&size=large', '/Cover/Show?source=Solr&id=satakunnanmuseo.88A103E4-B521-4169-BED4-F82381146FBC&index=1&size=large']","[{'name': 'W. Rosenlew & Co Ab', 'role': 'valmistaja'}, {'name': 'Sarpaneva, Timo', 'role': 'suunnittelija'}]","[['valurauta'], ['emali'], ['vuoat'], ['ruoanvalmistusastiat'], ['käyttöaika 1961-1966, käyttöaika Kaksi puolipallon muotoista osaa, joista toinen asettuu kanneksi päälle. Molempien puoliskojen ulkoreunaa kiertää Saturnuksen renkaiden tapaan metallirengas vaakatasossa. Pohja ja päällys tehty tasaisiksi. Ulkoa vihreä, sisältä valkoinen.']]",vuoka ja kansi; Sarpaneva-vuoka,,Timo Sarpaneva,29
953,satakunnanmuseo.D305BC40-CA3F-4EE3-ABC7-DDB7DF043596,"['/Cover/Show?source=Solr&id=satakunnanmuseo.D305BC40-CA3F-4EE3-ABC7-DDB7DF043596&index=0&size=large', '/Cover/Show?source=Solr&id=satakunnanmuseo.D305BC40-CA3F-4EE3-ABC7-DDB7DF043596&index=1&size=large']","[{'name': 'W. Rosenlew & Co Ab', 'role': 'valmistaja'}, {'name': 'Sarpaneva, Timo', 'role': 'suunnittelija'}]","[['emali'], ['valurauta'], ['tiikki'], ['ruoanvalmistusastiat'], ['teollisuustuotteet'], ['konepajateollisuus'], ['padat'], ['käyttöaika 1961-1966, käyttöaika Sisältä valkoinen ja ulkoa punainen pata ja kansi, puinen ripa ruskea. Pata pyöreä, ylöspäin levenevä. Molemmilla sivuilla nousevat reunasta kahvat, joihin ripa voidaan kiinnittää. Kansi tasainen, sen keskellä ""kuoppa"", jonka yli kulkee siltana kahva.']]","pata, kansi ja nostoripa; S-pata",,Timo Sarpaneva,29
954,satakunnanmuseo.D8694F0C-0E3E-43C5-88D9-1F071784399F,"['/Cover/Show?source=Solr&id=satakunnanmuseo.D8694F0C-0E3E-43C5-88D9-1F071784399F&index=0&size=large', '/Cover/Show?source=Solr&id=satakunnanmuseo.D8694F0C-0E3E-43C5-88D9-1F071784399F&index=1&size=large']","[{'name': 'W. Rosenlew & Co Ab', 'role': 'valmistaja'}, {'name': 'Sarpaneva, Timo', 'role': 'suunnittelija'}]","[['valurauta'], ['emali'], ['ruoanvalmistusastiat'], ['vuoat']]",vuoka  kansineen; lintuvuoka,,Timo Sarpaneva,29
955,heinolanmuseo.hkm-86132,['/Cover/Show?source=Solr&id=heinolanmuseo.hkm-86132&index=0&size=large'],"[{'name': 'Still Nanny', 'role': 'Suunnittelija'}, {'name': 'Riihimäen Lasi Oy', 'role': 'Valmistaja'}]","[['Karahvit'], ['Juoma-astiat'], ['Lasityöt']]",karahvi; SV-sarja,1950.0,Nanny Still,31
956,heinolanmuseo.hkm-86133,['/Cover/Show?source=Solr&id=heinolanmuseo.hkm-86133&index=0&size=large'],"[{'name': 'Still Nanny', 'role': 'Suunnittelija'}, {'name': 'Riihimäen Lasi Oy', 'role': 'Valmistaja'}]","[['likööri'], ['Juomalasit'], ['Juoma-astiat'], ['Lasityöt']]",liköörilasi; SV-sarja,1950.0,Nanny Still,31
958,heinolanmuseo.hkm-87256,['/Cover/Show?source=Solr&id=heinolanmuseo.hkm-87256&index=0&size=large'],"[{'name': 'Still Nanny', 'role': 'Suunnittelija'}, {'name': 'Riihimäen lasitehdas', 'role': 'Valmistaja'}]","[['Astiat'], ['Juomalasit'], ['Juoma-astiat']]",juomalasi; Flindari,1960.0,Nanny Still,31
959,heinolanmuseo.hkm-87257,['/Cover/Show?source=Solr&id=heinolanmuseo.hkm-87257&index=0&size=large'],"[{'name': 'Still Nanny', 'role': 'Suunnittelija'}, {'name': 'Riihimäen lasitehdas', 'role': 'Valmistaja'}]","[['tarjoiluastiat'], ['Lasi'], ['Karahvit'], ['Astiat']]",karahvi; Flindari,1960.0,Nanny Still,31
960,hkm.AB220ADE-6FF5-401E-9422-5D1D5FBC67DD,['/Cover/Show?source=Solr&id=hkm.AB220ADE-6FF5-401E-9422-5D1D5FBC67DD&index=0&size=large'],"[{'name': 'Still, Nanny', 'role': 'muotoilija', 'id': 'https://isni.org/isni/0000000453151611'}, {'name': 'Oy Peltiteos Ab', 'role': 'valmistaja'}]","[['nautintoaineet'], ['juomat'], ['kahvi'], ['taloustarvikkeet'], ['astiat'], ['juomanvalmistusvälineet'], ['kaatimet']]",kahvipannu; OPA malli 2002-21,1960.0,Nanny Still,31
961,hkm.C8B66EC6-38B7-4BDB-A691-BB3123D1F520,['/Cover/Show?source=Solr&id=hkm.C8B66EC6-38B7-4BDB-A691-BB3123D1F520&index=0&size=large'],"[{'name': 'Still, Nanny', 'role': 'muotoilija', 'id': 'https://isni.org/isni/0000000453151611'}, {'name': 'Riihimäen lasi Oy', 'role': 'valmistaja'}]","[['valaisimet'], ['kynttilät'], ['kynttilänjalat'], ['sisustus']]",kynttilänjalka,1960.0,Nanny Still,31
962,hkm.D7427967-3B17-4890-81C3-D10B84D255EE,['/Cover/Show?source=Solr&id=hkm.D7427967-3B17-4890-81C3-D10B84D255EE&index=0&size=large'],"[{'name': 'Still, Nanny', 'role': 'muotoilija', 'id': 'https://isni.org/isni/0000000453151611'}, {'name': 'Riihimäen lasi Oy', 'role': 'valmistaja'}]","[['valaisimet'], ['kynttilät'], ['kynttilänjalat'], ['sisustus']]",kynttilänjalka,1960.0,Nanny Still,31
963,tmk.161050523256400,"['/Cover/Show?source=Solr&id=tmk.161050523256400&index=0&size=large', '/Cover/Show?source=Solr&id=tmk.161050523256400&index=1&size=large']","[{'name': 'OPA Oy Peltiteos Ab', 'role': 'valmistaja'}, {'name': 'Nanny Still', 'role': 'suunnittelija'}]","[['keittoastiat'], ['pannut']]",kahvipannu,1960.0,Nanny Still,31
964,satakunnanmuseo.DA1DE1CC-4F81-48E6-9C65-0034FA3C62B0,['/Cover/Show?source=Solr&id=satakunnanmuseo.DA1DE1CC-4F81-48E6-9C65-0034FA3C62B0&index=0&size=large'],"[{'name': 'Still, Nanny', 'role': 'suunnittelija'}, {'name': 'Noormarkun Käsityöt', 'role': 'valmistaja'}]","[['sisävalaistus'], ['valaistus'], ['valo'], ['uskomukset'], ['joulu'], ['kynttilänjalat']]",Kynttilänjalka,1961.0,Nanny Still,31
965,heinolanmuseo.hkm-100561,['/Cover/Show?source=Solr&id=heinolanmuseo.hkm-100561&index=0&size=large'],"[{'name': 'Still Nanny', 'role': 'Suunnittelija'}, {'name': 'Riihimäen Lasi Oy', 'role': 'Valmistaja'}]","[['lasityöt'], ['karahvit'], ['pullot'], ['1963']]",karahvi; Flindari,1963.0,Nanny Still,31
966,hkm.C56C4734-133F-459B-994A-BC7FF142A3AB,['/Cover/Show?source=Solr&id=hkm.C56C4734-133F-459B-994A-BC7FF142A3AB&index=0&size=large'],"[{'name': 'Still, Nanny', 'role': 'muotoilija', 'id': 'https://isni.org/isni/0000000453151611'}, {'name': 'Riihimäen lasi Oy', 'role': 'valmistaja'}]",[['juoma-astiat']],lasi; shamppanjalasi,1965.0,Nanny Still,31
967,heinolanmuseo.hkm-96436,['/Cover/Show?source=Solr&id=heinolanmuseo.hkm-96436&index=0&size=large'],"[{'name': 'Still Nanny', 'role': 'Suunnittelija'}, {'name': 'Riihimäen Lasi Oy', 'role': 'Valmistaja'}]","[['juoma-astiat'], ['Juomalasit'], ['1966']]",juomalasi; Grappo,1966.0,Nanny Still,31
968,hkm.559499F6-2B70-4433-B8B7-5FBC33DE11B7,['/Cover/Show?source=Solr&id=hkm.559499F6-2B70-4433-B8B7-5FBC33DE11B7&index=0&size=large'],"[{'name': 'Still, Nanny', 'role': 'muotoilija', 'id': 'https://isni.org/isni/0000000453151611'}, {'name': 'Riihimäen lasi Oy', 'role': 'valmistaja'}]","[['muotoilu'], ['taideteollisuus'], ['keräily'], ['koriste-esineet'], ['sisustus']]",maljakko; lasivaasi; Lucullus,1967.0,Nanny Still,31
969,ksm.158470039262400,['/Cover/Show?source=Solr&id=ksm.158470039262400&index=0&size=large'],"[{'name': 'Nanny Still', 'role': 'suunnittelija'}, {'name': 'Riihimäen Lasi Oy', 'role': 'valmistaja'}]","[['lasiesineet'], ['lasiastiat'], ['koriste-esineet'], ['maljakot'], ['Tamara Aladin'], ['Kehrä-vaasi'], ['design'], ['1968-1980 käyttöaika']]",Riihimäen lasi Grapponia- koristepullo; pullo; lasipullo; koristepullo,1968.0,Nanny Still,31
970,hkm.8C9A2B17-4F38-43E1-92AE-CBA3727C9D3B,['/Cover/Show?source=Solr&id=hkm.8C9A2B17-4F38-43E1-92AE-CBA3727C9D3B&index=0&size=large'],"[{'name': 'Still, Nanny', 'role': 'muotoilija', 'id': 'https://isni.org/isni/0000000453151611'}, {'name': 'Oy Peltiteos Ab', 'role': 'valmistaja'}]","[['nautintoaineet'], ['juomat'], ['kahvi'], ['taloustarvikkeet'], ['astiat'], ['juomanvalmistusvälineet'], ['kaatimet'], ['mallit'], ['prototyypit']]",kahvipannu; OPA malli 18-8,1970.0,Nanny Still,31
971,hkm.9D7962A4-7359-4503-A21E-218EECA75B07,['/Cover/Show?source=Solr&id=hkm.9D7962A4-7359-4503-A21E-218EECA75B07&index=0&size=large'],"[{'name': 'Still, Nanny', 'role': 'muotoilija', 'id': 'https://isni.org/isni/0000000453151611'}, {'name': 'Riihimäen lasi Oy', 'role': 'valmistaja'}]","[['valaisimet'], ['kynttilät'], ['kynttilänjalat'], ['sisustus'], ['käyttöaika 1970 -']]",kynttilänjalka,1970.0,Nanny Still,31
972,museovirasto.BA5D23813D4931A432CEC9779D596BA4,"['/Cover/Show?source=Solr&id=museovirasto.BA5D23813D4931A432CEC9779D596BA4&index=0&size=large', '/Cover/Show?source=Solr&id=museovirasto.BA5D23813D4931A432CEC9779D596BA4&index=1&size=large', '/Cover/Show?source=Solr&id=museovirasto.BA5D23813D4931A432CEC9779D596BA4&index=2&size=large']","[{'name': 'Riihimäen Lasi', 'role': 'valmistaja'}, {'name': 'Still, Nanny', 'role': 'suunnittelija'}]",[],tuhkakuppi,1970.0,Nanny Still,31
973,satakunnanmuseo.265F927C-4517-40D1-B011-8BBB20BDA729,['/Cover/Show?source=Solr&id=satakunnanmuseo.265F927C-4517-40D1-B011-8BBB20BDA729&index=0&size=large'],"[{'name': 'Still, Nanny', 'role': 'suunnittelija'}, {'name': 'Noormarkun Käsityöt', 'role': 'valmistaja'}]","[['kynttilänjalat'], ['sisävalaistus'], ['valaistus'], ['valo']]",kynttelikkö; puukynttelikkö,1970.0,Nanny Still,31
974,ksm.158470062625200,['/Cover/Show?source=Solr&id=ksm.158470062625200&index=0&size=large'],"[{'name': 'Riihimäen Lasi Oy', 'role': 'valmistaja'}, {'name': 'Nanny Still'}]","[['maljakot'], ['lasimaljakot'], ['sisusuts'], ['koriste-esineet'], ['muotoilu'], ['1971-1990 käyttöaika']]",Riihimäen lasi Tiimalasi 1444 -maljakko; maljakko; lasimaljakko; kukkamaljakko,1971.0,Nanny Still,31
975,ksm.158470184178000,['/Cover/Show?source=Solr&id=ksm.158470184178000&index=0&size=large'],"[{'name': 'Riihimäen Lasi Oy', 'role': 'valmistaja'}, {'name': 'Nanny Still', 'role': 'suunnittelija'}]","[['sisustus'], ['taidelasi'], ['maljakot'], ['Riihimäen lasi'], ['Nanny Still'], ['muotoilu'], ['1971-2010 käyttöaika']]",Riihimäen lasi Tiimalasi 1442-lasimaljakko; maljakko; lasimaljakko,1971.0,Nanny Still,31
976,hkm.AC422CBC-F5B3-4867-BEBC-7B3F115AE4FC,['/Cover/Show?source=Solr&id=hkm.AC422CBC-F5B3-4867-BEBC-7B3F115AE4FC&index=0&size=large'],"[{'name': 'Still, Nanny', 'role': 'muotoilija', 'id': 'https://isni.org/isni/0000000453151611'}, {'name': 'Riihimäen lasi Oy', 'role': 'valmistaja'}]","[['kattaus'], ['astiat']]",alusta; Tupru -sarja,1977.0,Nanny Still,31
977,ksm.165476102802700,['/Cover/Show?source=Solr&id=ksm.165476102802700&index=0&size=large'],"[{'name': 'Riihimäen Lasi Oy', 'role': 'valmistaja'}, {'name': 'Nanny Still', 'role': 'suunnittelija'}]","[['juomalasit'], ['astiat'], ['lasituotteet'], ['1980-2013']]",Kehrä-lasit; juomalasi; jalkalasi,1980.0,Nanny Still,31
978,riihimaenmuseo.rhm-104222,"['/Cover/Show?source=Solr&id=riihimaenmuseo.rhm-104222&index=0&size=large', '/Cover/Show?source=Solr&id=riihimaenmuseo.rhm-104222&index=1&size=large', '/Cover/Show?source=Solr&id=riihimaenmuseo.rhm-104222&index=2&size=large']","[{'name': 'Nanny Still', 'role': 'Suunnittelija'}, {'name': 'Havi', 'role': 'Valmistaja'}]","[['koristeet'], ['kynttilät'], ['valaistus']]",Kynttilä; Koristekynttilä; Kynttiläpakkaus,,Nanny Still,31
979,museovirasto.26e8ba82-bbc1-45a7-b0b3-c9504a53c8e8,['/Cover/Show?source=Solr&id=museovirasto.26e8ba82-bbc1-45a7-b0b3-c9504a53c8e8&index=0&size=large'],"[{'name': 'Telecom Finland Oy', 'role': 'valmistuttaja'}, {'name': 'Veistola, Jukka', 'role': 'alkuperäisen kuvan tekijä'}]","[['puhelukortit'], ['maksukortit'], ['yleisöpuhelimet'], ['teleoperaattorit']]",puhelukortit; Tele-puhelukortti; Tele NONSTOP,1992.0,Jukka Veistola,33
980,museovirasto.2b7af2cd-175f-4077-9bd0-13b3d23d33c3,['/Cover/Show?source=Solr&id=museovirasto.2b7af2cd-175f-4077-9bd0-13b3d23d33c3&index=0&size=large'],"[{'name': 'Telecom Finland Oy', 'role': 'valmistuttaja'}, {'name': 'Veistola, Jukka', 'role': 'alkuperäisen kuvan tekijä'}]","[['puhelukortit'], ['maksukortit'], ['yleisöpuhelimet'], ['teleoperaattorit']]",puhelukortit; Tele-puhelukortti; Tele NONSTOP,1992.0,Jukka Veistola,33
981,museovirasto.3655c3bc-1c07-4f6c-bd98-ebc69087660b,['/Cover/Show?source=Solr&id=museovirasto.3655c3bc-1c07-4f6c-bd98-ebc69087660b&index=0&size=large'],"[{'name': 'Telecom Finland Oy', 'role': 'valmistuttaja'}, {'name': 'Veistola, Jukka', 'role': 'alkuperäisen kuvan tekijä'}]","[['puhelukortit'], ['maksukortit'], ['yleisöpuhelimet'], ['teleoperaattorit']]",puhelukortit; Tele-puhelukortti; Tele NONSTOP,1992.0,Jukka Veistola,33
982,museovirasto.36b932c1-98c2-4b57-af20-e30349191304,['/Cover/Show?source=Solr&id=museovirasto.36b932c1-98c2-4b57-af20-e30349191304&index=0&size=large'],"[{'name': 'Telecom Finland Oy', 'role': 'valmistuttaja'}, {'name': 'Veistola, Jukka', 'role': 'alkuperäisen kuvan tekijä'}]","[['puhelukortit'], ['maksukortit'], ['yleisöpuhelimet'], ['teleoperaattorit']]",puhelukortit; Tele-puhelukortti; Tele NONSTOP,1992.0,Jukka Veistola,33
983,museovirasto.4538a547-aa78-430b-a3fc-e8326b6e9d59,"['/Cover/Show?source=Solr&id=museovirasto.4538a547-aa78-430b-a3fc-e8326b6e9d59&index=0&size=large', '/Cover/Show?source=Solr&id=museovirasto.4538a547-aa78-430b-a3fc-e8326b6e9d59&index=1&size=large']","[{'name': 'Telecom Finland Oy', 'role': 'valmistuttaja'}, {'name': 'Veistola, Jukka', 'role': 'alkuperäisen kuvan tekijä'}]","[['puhelukortit'], ['maksukortit'], ['yleisöpuhelimet'], ['teleoperaattorit']]",puhelukortit; Tele-puhelukortti; Tele NONSTOP,1992.0,Jukka Veistola,33
984,museovirasto.4806c8ba-b463-4589-811c-3772be10371c,['/Cover/Show?source=Solr&id=museovirasto.4806c8ba-b463-4589-811c-3772be10371c&index=0&size=large'],"[{'name': 'Telecom Finland Oy', 'role': 'valmistuttaja'}, {'name': 'Veistola, Jukka', 'role': 'alkuperäisen kuvan tekijä'}]","[['puhelukortit'], ['maksukortit'], ['yleisöpuhelimet'], ['teleoperaattorit']]",puhelukortit; Tele-puhelukortti; Tele NONSTOP,1992.0,Jukka Veistola,33
985,museovirasto.4a598e51-e791-48b6-a20f-0aed2d53ed67,['/Cover/Show?source=Solr&id=museovirasto.4a598e51-e791-48b6-a20f-0aed2d53ed67&index=0&size=large'],"[{'name': 'Telecom Finland Oy', 'role': 'valmistuttaja'}, {'name': 'Veistola, Jukka', 'role': 'alkuperäisen kuvan tekijä'}]","[['puhelukortit'], ['maksukortit'], ['yleisöpuhelimet'], ['teleoperaattorit']]",puhelukortit; Tele-puhelukortti; Tele NONSTOP,1992.0,Jukka Veistola,33
986,museovirasto.6335474d-d962-4e44-a2ee-9e305b4a4d0c,['/Cover/Show?source=Solr&id=museovirasto.6335474d-d962-4e44-a2ee-9e305b4a4d0c&index=0&size=large'],"[{'name': 'Telecom Finland Oy', 'role': 'valmistuttaja'}, {'name': 'Veistola, Jukka', 'role': 'alkuperäisen kuvan tekijä'}]","[['puhelukortit'], ['maksukortit'], ['yleisöpuhelimet'], ['teleoperaattorit']]",puhelukortit; Tele-puhelukortti; Tele NONSTOP,1992.0,Jukka Veistola,33
987,museovirasto.70a4090c-e0b8-4480-a048-a77050e22df6,['/Cover/Show?source=Solr&id=museovirasto.70a4090c-e0b8-4480-a048-a77050e22df6&index=0&size=large'],"[{'name': 'Telecom Finland Oy', 'role': 'valmistuttaja'}, {'name': 'Veistola, Jukka', 'role': 'alkuperäisen kuvan tekijä'}]","[['puhelukortit'], ['maksukortit'], ['yleisöpuhelimet'], ['teleoperaattorit']]",puhelukortit; Tele-puhelukortti; Tele NONSTOP,1992.0,Jukka Veistola,33
988,museovirasto.91f212a1-4a90-4011-8629-ea290899885d,"['/Cover/Show?source=Solr&id=museovirasto.91f212a1-4a90-4011-8629-ea290899885d&index=0&size=large', '/Cover/Show?source=Solr&id=museovirasto.91f212a1-4a90-4011-8629-ea290899885d&index=1&size=large']","[{'name': 'Telecom Finland Oy', 'role': 'valmistuttaja'}, {'name': 'Veistola, Jukka', 'role': 'alkuperäisen kuvan tekijä'}]","[['puhelukortit'], ['maksukortit'], ['yleisöpuhelimet'], ['teleoperaattorit']]",puhelukortit; Tele-puhelukortti; Tele NONSTOP,1992.0,Jukka Veistola,33
989,museovirasto.949cef44-9562-402a-a3b3-a8e2718b5eff,['/Cover/Show?source=Solr&id=museovirasto.949cef44-9562-402a-a3b3-a8e2718b5eff&index=0&size=large'],"[{'name': 'Telecom Finland Oy', 'role': 'valmistuttaja'}, {'name': 'Veistola, Jukka', 'role': 'alkuperäisen kuvan tekijä'}]","[['puhelukortit'], ['maksukortit'], ['yleisöpuhelimet'], ['teleoperaattorit']]",puhelukortit; Tele-puhelukortti; Tele NONSTOP,1992.0,Jukka Veistola,33
990,museovirasto.ada3a472-bc36-4b76-a6ea-b96fbdf49814,['/Cover/Show?source=Solr&id=museovirasto.ada3a472-bc36-4b76-a6ea-b96fbdf49814&index=0&size=large'],"[{'name': 'Telecom Finland Oy', 'role': 'valmistuttaja'}, {'name': 'Veistola, Jukka', 'role': 'alkuperäisen kuvan tekijä'}]","[['puhelukortit'], ['maksukortit'], ['yleisöpuhelimet'], ['teleoperaattorit']]",puhelukortit; Tele-puhelukortti; Tele NONSTOP,1992.0,Jukka Veistola,33
991,museovirasto.b329cca2-153b-4c35-90e8-c19e354e6937,['/Cover/Show?source=Solr&id=museovirasto.b329cca2-153b-4c35-90e8-c19e354e6937&index=0&size=large'],"[{'name': 'Telecom Finland Oy', 'role': 'valmistuttaja'}, {'name': 'Veistola, Jukka', 'role': 'alkuperäisen kuvan tekijä'}]","[['puhelukortit'], ['maksukortit'], ['yleisöpuhelimet'], ['teleoperaattorit']]",puhelukortit; Tele-puhelukortti; Tele NONSTOP,1992.0,Jukka Veistola,33
992,museovirasto.d96994b0-4a8c-4fc7-acd2-537ea5335fad,['/Cover/Show?source=Solr&id=museovirasto.d96994b0-4a8c-4fc7-acd2-537ea5335fad&index=0&size=large'],"[{'name': 'Telecom Finland Oy', 'role': 'valmistuttaja'}, {'name': 'Veistola, Jukka', 'role': 'alkuperäisen kuvan tekijä'}]","[['puhelukortit'], ['maksukortit'], ['yleisöpuhelimet'], ['teleoperaattorit']]",puhelukortit; Tele-puhelukortti; Tele NONSTOP,1992.0,Jukka Veistola,33
993,museovirasto.f65dc287-2c5e-4a4f-b1fb-929b045b6926,"['/Cover/Show?source=Solr&id=museovirasto.f65dc287-2c5e-4a4f-b1fb-929b045b6926&index=0&size=large', '/Cover/Show?source=Solr&id=museovirasto.f65dc287-2c5e-4a4f-b1fb-929b045b6926&index=1&size=large']","[{'name': 'Telecom Finland Oy', 'role': 'valmistuttaja'}, {'name': 'Veistola, Jukka', 'role': 'alkuperäisen kuvan tekijä'}]","[['puhelukortit'], ['maksukortit'], ['yleisöpuhelimet'], ['teleoperaattorit']]",puhelukortit; Tele-puhelukortti; Tele NONSTOP,1992.0,Jukka Veistola,33
994,museovirasto.f6f60a62-8647-439b-b551-5eb8304f98b4,['/Cover/Show?source=Solr&id=museovirasto.f6f60a62-8647-439b-b551-5eb8304f98b4&index=0&size=large'],"[{'name': 'Telecom Finland Oy', 'role': 'valmistuttaja'}, {'name': 'Veistola, Jukka', 'role': 'alkuperäisen kuvan tekijä'}]","[['puhelukortit'], ['maksukortit'], ['yleisöpuhelimet'], ['teleoperaattorit']]",puhelukortit; Tele-puhelukortti; Tele NONSTOP,1992.0,Jukka Veistola,33
995,museovirasto.f92a4c3e-3659-4ff3-b1ee-355ed09648f2,['/Cover/Show?source=Solr&id=museovirasto.f92a4c3e-3659-4ff3-b1ee-355ed09648f2&index=0&size=large'],"[{'name': 'Telecom Finland Oy', 'role': 'valmistuttaja'}, {'name': 'Veistola, Jukka', 'role': 'alkuperäisen kuvan tekijä'}]","[['puhelukortit'], ['maksukortit'], ['yleisöpuhelimet'], ['teleoperaattorit']]",puhelukortit; Tele-puhelukortti; Tele NONSTOP,1992.0,Jukka Veistola,33
996,lahdenmuseo.lkm-27710,"['/Cover/Show?source=Solr&id=lahdenmuseo.lkm-27710&index=0&size=large', '/Cover/Show?source=Solr&id=lahdenmuseo.lkm-27710&index=1&size=large']","[{'name': 'Veistola Jukka', 'role': 'Suunnittelija'}]","[['puhelinpalvelut'], ['puhelukortit']]",Puhelukortti; Tele Nonstop 100,1993.0,Jukka Veistola,33
997,tmk.161032142500400,"['/Cover/Show?source=Solr&id=tmk.161032142500400&index=0&size=large', '/Cover/Show?source=Solr&id=tmk.161032142500400&index=1&size=large']","[{'name': 'Juhani Pallasmaa', 'role': 'suunnittelija'}, {'name': 'Jukka Veistola', 'role': 'suunnittelija'}]","[['kolikot'], ['rahat']]",100 markkaa (Suomen tasavalta); juhlaraha Jean Sibelius ja säveltaide; kolikko,1999.0,Jukka Veistola,33
998,tmk.161032143338000,"['/Cover/Show?source=Solr&id=tmk.161032143338000&index=0&size=large', '/Cover/Show?source=Solr&id=tmk.161032143338000&index=1&size=large']","[{'name': 'Jukka Veistola', 'role': 'suunnittelija'}, {'name': 'Juhani Pallasmaa', 'role': 'suunnittelija'}]","[['kolikot'], ['rahat']]",100 markkaa (Suomen tasavalta); juhlaraha Jean Sibelius ja säveltaide; kolikko,1999.0,Jukka Veistola,33
999,hkm.B24A382B-1B23-4E94-88FC-51E194DE6885,['/Cover/Show?source=Solr&id=hkm.B24A382B-1B23-4E94-88FC-51E194DE6885&index=0&size=large'],"[{'name': 'Wirkkala, Tapio', 'role': 'suunnittelija', 'id': 'https://isni.org/isni/0000000081685144'}, {'name': 'Invalidiliitto ry. - Invalidförbundet rf.', 'role': 'valmistuttaja'}]","[['reliefit'], ['vammaiset'], ['avustusjärjestöt'], ['avustustoiminta'], ['muistoesineet'], ['plaketit'], ['talvisota'], ['käyttöaika 1940-1977']]",reliefi; plaketti; Talvisodan muistolaatta,1940.0,Tapio Wirkkala,35
1000,werstas.we-55908,['/Cover/Show?source=Solr&id=werstas.we-55908&index=0&size=large'],"[{'name': 'Wirkkala, Tapio (suunnittelija)', 'role': 'Tekijä'}]","[['toinen_maailmansota'], ['vammaisuus'], ['kuvataide'], ['talvisota'], ['muistoesineet'], ['koriste-esineet']]","MESSINKILAATTA, RELIEFI, TALVISOTA, Talvisodan muistoplaketti; KOHOKUVIOINEN SUOMEN LEIJONAVAAKUNA 1939-1940, TALVISOTAMUISTO",1940.0,Tapio Wirkkala,35
1001,werstas.we-66440,['/Cover/Show?source=Solr&id=werstas.we-66440&index=0&size=large'],"[{'name': 'Wirkkala, Tapio (suunnittelija)', 'role': 'Tekijä'}]","[['toinen_maailmansota'], ['sotainvalidit'], ['vammaiset'], ['talvisota'], ['muistoesineet'], ['koriste-esineet']]","RELIEFI; KIPSIRELIEFI, TALVISODAN MUISTOPLAKETTI, 1939-1940",1940.0,Tapio Wirkkala,35
1002,werstas.we-66441,['/Cover/Show?source=Solr&id=werstas.we-66441&index=0&size=large'],"[{'name': 'Wirkkala, Tapio (suunnittelija)', 'role': 'Tekijä'}]","[['toinen_maailmansota'], ['sotainvalidit'], ['vammaiset'], ['talvisota'], ['muistoesineet'], ['koriste-esineet']]","RELIEFI, Talvisodan muistoplaketti; 1939-1940 (TALVISOTA)",1940.0,Tapio Wirkkala,35
1003,lappeenrannanmuseot.5ebcc0ea-aa87-4fd4-adec-743000931a58,['/Cover/Show?source=Solr&id=lappeenrannanmuseot.5ebcc0ea-aa87-4fd4-adec-743000931a58&index=0&size=large'],"[{'name': 'Wirkkala, Tapio', 'role': 'suunnittelija'}]","[['rintamerkit'], ['maaottelut'], ['kävely'], ['kävelijät']]",Suomi-Ruotsi maaottelumarssi 1941 -merkki; rintamerkki,1941.0,Tapio Wirkkala,35
1004,lappeenrannanmuseot.82c82bbe-f38a-4640-945d-ef916e58ba06,['/Cover/Show?source=Solr&id=lappeenrannanmuseot.82c82bbe-f38a-4640-945d-ef916e58ba06&index=0&size=large'],"[{'name': 'Wirkkala, Tapio', 'role': 'suunnittelija'}]","[['rintamerkit'], ['maaottelut'], ['kävely'], ['kävelijät']]",Suomi-Ruotsi maaottelumarssi 1941 -merkki; rintamerkki,1941.0,Tapio Wirkkala,35
1005,lappeenrannanmuseot.8FDC7ED6-D9B2-4007-A62B-52B29A10409C,['/Cover/Show?source=Solr&id=lappeenrannanmuseot.8FDC7ED6-D9B2-4007-A62B-52B29A10409C&index=0&size=large'],"[{'name': 'Wirkkala, Tapio', 'role': 'suunnittelija'}]","[['URHEILUMERKIT'], ['urheilu'], ['merkit'], ['kilpailut']]",merkki; Suomi-Ruotsi maaottelumarssimerkki,1941.0,Tapio Wirkkala,35
1006,lappeenrannanmuseot.9468B813-AB73-47F3-89B3-4EB0B28F9909,['/Cover/Show?source=Solr&id=lappeenrannanmuseot.9468B813-AB73-47F3-89B3-4EB0B28F9909&index=0&size=large'],"[{'name': 'Wirkkala, Tapio', 'role': 'suunnittelija'}]","[['merkit'], ['rintamerkit'], ['urheilujärjestöt'], ['urheilu'], ['urheilukilpailut']]",Suomi - Ruotsi maaottelumarssi 1941; rintamerkki; osallistujamerkki; neulamerkki; merkki,1941.0,Tapio Wirkkala,35
1007,urheilumuseo.167080554056700,"['/Cover/Show?source=Solr&id=urheilumuseo.167080554056700&index=0&size=large', '/Cover/Show?source=Solr&id=urheilumuseo.167080554056700&index=1&size=large']","[{'name': 'Tapio Wirkkala', 'role': 'suunnittelija'}]","[['kävely'], ['kuntoliikunta'], ['käyttöaika\n\t\t\t\t\t\t\n\t\t\t\t\t\t1941\n\t\t\t\t\t\t -  1941']]",marssimerkki; suoritusmerkki,1941.0,Tapio Wirkkala,35
1008,werstas.we-1507603,['/Cover/Show?source=Solr&id=werstas.we-1507603&index=0&size=large'],"[{'name': 'Tapio Wirkkala (suunnittelija)', 'role': 'Tekijä'}]","[['maaottelut'], ['kuurous'], ['pinssit'], ['rintamerkit'], ['kuurot']]",Rintamerkki; Maaottelumarssi 1941 marssimerkki,1941.0,Tapio Wirkkala,35
1009,ksm.158470262973500,['/Cover/Show?source=Solr&id=ksm.158470262973500&index=0&size=large'],"[{'name': 'Tapio Wirkkala', 'role': 'suunnittelija'}]","[['maljakot'], ['lasimaljakot'], ['Tapio Wirkkala'], ['Iittala'], ['koriste-esineet'], ['sisustus'], ['lasitaiteilijat'], ['1947-1992 käyttöaika']]",Tuonelan virta; maljakko; lasimaljakko,1947.0,Tapio Wirkkala,35
1010,lappeenrannanmuseot.4EAE0C8D-D454-42D0-A82E-8B3C555F9BA4,"['/Cover/Show?source=Solr&id=lappeenrannanmuseot.4EAE0C8D-D454-42D0-A82E-8B3C555F9BA4&index=0&size=large', '/Cover/Show?source=Solr&id=lappeenrannanmuseot.4EAE0C8D-D454-42D0-A82E-8B3C555F9BA4&index=1&size=large']","[{'name': 'Wirkkala, Tapio', 'role': 'Taiteilija'}, {'name': 'Wirkkala, Tapio', 'role': 'suunnittelija'}]","[['koriste-esineet'], ['viinapullot'], ['tervahöyryt'], ['taidelasi'], ['design'], ['karahvit'], ['Saimaa'], ['Wirkkala, Tapio']]",Prinsessa Armaada; lasipullo; lasikarahvi,1947.0,Tapio Wirkkala,35
1011,hkm.BA35E47D-577F-4420-9431-84B8F244EE32,['/Cover/Show?source=Solr&id=hkm.BA35E47D-577F-4420-9431-84B8F244EE32&index=0&size=large'],"[{'name': 'Wirkkala, Tapio', 'role': 'muotoilija', 'id': 'https://isni.org/isni/0000000081685144'}, {'name': 'Iittalan lasitehdas', 'role': 'valmistaja', 'id': 'http://urn.fi/URN:NBN:fi:au:finaf:000001172'}]","[['muotoilu'], ['taideteollisuus'], ['keräily'], ['koriste-esineet'], ['sisustus']]",maljakko; Kanttarelli,1950.0,Tapio Wirkkala,35
1012,ksm.175793254180500,"['/Cover/Show?source=Solr&id=ksm.175793254180500&index=0&size=large', '/Cover/Show?source=Solr&id=ksm.175793254180500&index=1&size=large']","[{'name': 'Soinne & Kni Oy', 'role': 'valmistaja'}, {'name': 'Tapio Wirkkala', 'role': 'suunnittelija'}]","[['ruokalat (tilat)'], ['olympialaiset'], ['tarjottimet'], ['urheilijat'], ['nimikirjoitukset'], ['yleisurheilijat'], ['arvokisat'], ['taidekäsityö'], ['muotoilu'], ['1952 käyttöaika']]",Helsingin olympialaisten kisakylän ruokalan tarjotin; tarjotin; vaneritarjotin,1950.0,Tapio Wirkkala,35
1013,urheilumuseo.167078687269900,"['/Cover/Show?source=Solr&id=urheilumuseo.167078687269900&index=0&size=large', '/Cover/Show?source=Solr&id=urheilumuseo.167078687269900&index=1&size=large']","[{'name': 'Kouluaitta oy', 'role': 'valmistaja'}, {'name': 'Merkki: Tapio Wirkkala', 'role': 'suunnittelija'}]","[['olympialaiset'], ['helsinki'], ['käyttöaika\n\t\t\t\t\t\t\n\t\t\t\t\t\t1952\n\t\t\t\t\t\t -  1952']]",postikortti,1952.0,Tapio Wirkkala,35
1014,urheilumuseo.167078824924100,"['/Cover/Show?source=Solr&id=urheilumuseo.167078824924100&index=0&size=large', '/Cover/Show?source=Solr&id=urheilumuseo.167078824924100&index=1&size=large']","[{'name': 'Merkin suunnittelija: Tapio Wirkkala', 'role': 'suunnittelija'}]","[['helsinki'], ['olympialaiset'], ['helsingin olympiastadion'], ['käyttöaika\n\t\t\t\t\t\t\n\t\t\t\t\t\t1952\n\t\t\t\t\t\t -  1952']]",olympiapostikortti; postikortti,1952.0,Tapio Wirkkala,35
1015,urheilumuseo.167079594221100,['/Cover/Show?source=Solr&id=urheilumuseo.167079594221100&index=0&size=large'],"[{'name': 'Suomen Pankin setelipaino', 'role': 'valmistaja'}, {'name': 'Tapio Wirkkala', 'role': 'suunnittelija'}, {'name': 'postilaitos', 'role': 'valmistuttaja'}]","[['olympialaiset'], ['helsinki'], ['helsingin olympiastadion'], ['yleisurheilu'], ['postimerkit'], ['käyttöaika\n\t\t\t\t\t\t\n\t\t\t\t\t\t1952\n\t\t\t\t\t\t -  1952']]",postimerkki; olympiapostimerkki,1952.0,Tapio Wirkkala,35
1016,urheilumuseo.167079594963800,['/Cover/Show?source=Solr&id=urheilumuseo.167079594963800&index=0&size=large'],"[{'name': 'Suomen Pankin setelipaino', 'role': 'valmistaja'}, {'name': 'Tapio Wirkkala', 'role': 'suunnittelija'}, {'name': 'postilaitos', 'role': 'valmistuttaja'}]","[['olympialaiset'], ['helsinki'], ['jalkapallo'], ['postimerkit'], ['käyttöaika\n\t\t\t\t\t\t\n\t\t\t\t\t\t1952\n\t\t\t\t\t\t -  1952']]",olympiapostimerkki; postimerkki,1952.0,Tapio Wirkkala,35
1017,museovirasto.88957F9CD9F0E4302D956B336EC575FE,"['/Cover/Show?source=Solr&id=museovirasto.88957F9CD9F0E4302D956B336EC575FE&index=0&size=large', '/Cover/Show?source=Solr&id=museovirasto.88957F9CD9F0E4302D956B336EC575FE&index=1&size=large', '/Cover/Show?source=Solr&id=museovirasto.88957F9CD9F0E4302D956B336EC575FE&index=2&size=large']","[{'name': 'Wirkkala, Tapio', 'role': 'suunnittelija'}]","[['muistoristit'], ['kunniamerkit'], ['jatkosota'], ['toinen maailmansota'], ['rannikkopuolustus']]",Rannikkojoukkojen muistoristi; talvi- ja jatkosodan muistoristi; muistoristi,1953.0,Tapio Wirkkala,35
1018,museovirasto.04a97dda-b327-4f2e-aa21-42d738a9c172,"['/Cover/Show?source=Solr&id=museovirasto.04a97dda-b327-4f2e-aa21-42d738a9c172&index=0&size=large', '/Cover/Show?source=Solr&id=museovirasto.04a97dda-b327-4f2e-aa21-42d738a9c172&index=1&size=large']","[{'name': 'Suomen Pankki', 'role': 'valmistuttaja'}, {'name': 'Suomen Pankin setelipaino', 'role': 'valmistaja'}, {'name': 'Wirkkala, Tapio', 'role': 'suunnittelija'}]",[['setelirahat']],5000 markkaa; raha; seteli,1955.0,Tapio Wirkkala,35
1019,museovirasto.23ae831e-7ee6-4287-b355-bad268c7052c,"['/Cover/Show?source=Solr&id=museovirasto.23ae831e-7ee6-4287-b355-bad268c7052c&index=0&size=large', '/Cover/Show?source=Solr&id=museovirasto.23ae831e-7ee6-4287-b355-bad268c7052c&index=1&size=large']","[{'name': 'Suomen Pankki', 'role': 'valmistuttaja'}, {'name': 'Suomen Pankin setelipaino', 'role': 'valmistaja'}, {'name': 'Wirkkala, Tapio', 'role': 'suunnittelija'}]",[['setelirahat']],100 markkaa; Raha; seteli,1955.0,Tapio Wirkkala,35
1020,museovirasto.257dbba1-7a38-44d6-b351-611f99843c47,"['/Cover/Show?source=Solr&id=museovirasto.257dbba1-7a38-44d6-b351-611f99843c47&index=0&size=large', '/Cover/Show?source=Solr&id=museovirasto.257dbba1-7a38-44d6-b351-611f99843c47&index=1&size=large']","[{'name': 'Suomen Pankki', 'role': 'valmistuttaja'}, {'name': 'Suomen Pankin setelipaino', 'role': 'valmistaja'}, {'name': 'Wirkkala, Tapio', 'role': 'suunnittelija'}]",[['setelirahat']],1000 markkaa; Raha; seteli,1955.0,Tapio Wirkkala,35
1021,museovirasto.44b69f40-e93c-4b67-9ed9-050ce7ddf5e3,"['/Cover/Show?source=Solr&id=museovirasto.44b69f40-e93c-4b67-9ed9-050ce7ddf5e3&index=0&size=large', '/Cover/Show?source=Solr&id=museovirasto.44b69f40-e93c-4b67-9ed9-050ce7ddf5e3&index=1&size=large']","[{'name': 'Suomen Pankki', 'role': 'valmistuttaja'}, {'name': 'Suomen Pankin setelipaino', 'role': 'valmistaja'}, {'name': 'Wirkkala, Tapio', 'role': 'suunnittelija'}]",[['setelirahat']],500 markkaa; Raha; seteli,1955.0,Tapio Wirkkala,35
1022,museovirasto.45f1470f-1962-4957-9936-bcc359481ca9,"['/Cover/Show?source=Solr&id=museovirasto.45f1470f-1962-4957-9936-bcc359481ca9&index=0&size=large', '/Cover/Show?source=Solr&id=museovirasto.45f1470f-1962-4957-9936-bcc359481ca9&index=1&size=large']","[{'name': 'Suomen Pankki', 'role': 'valmistuttaja'}, {'name': 'Suomen Pankin setelipaino', 'role': 'valmistaja'}, {'name': 'Wirkkala, Tapio', 'role': 'suunnittelija'}]",[['setelirahat']],100 markkaa; Raha; seteli,1955.0,Tapio Wirkkala,35
1023,museovirasto.8452e1df-7bac-4d97-b5ee-a1c2084c23b0,"['/Cover/Show?source=Solr&id=museovirasto.8452e1df-7bac-4d97-b5ee-a1c2084c23b0&index=0&size=large', '/Cover/Show?source=Solr&id=museovirasto.8452e1df-7bac-4d97-b5ee-a1c2084c23b0&index=1&size=large']","[{'name': 'Suomen Pankki', 'role': 'valmistuttaja'}, {'name': 'Suomen Pankin setelipaino', 'role': 'valmistaja'}, {'name': 'Wirkkala, Tapio', 'role': 'suunnittelija'}]",[['setelirahat']],10000 markkaa; raha; seteli,1955.0,Tapio Wirkkala,35
1024,museovirasto.9c91f2ed-b766-40c5-9e44-a3165a68420e,"['/Cover/Show?source=Solr&id=museovirasto.9c91f2ed-b766-40c5-9e44-a3165a68420e&index=0&size=large', '/Cover/Show?source=Solr&id=museovirasto.9c91f2ed-b766-40c5-9e44-a3165a68420e&index=1&size=large']","[{'name': 'Suomen Pankki', 'role': 'valmistuttaja'}, {'name': 'Suomen Pankin setelipaino', 'role': 'valmistaja'}, {'name': 'Wirkkala, Tapio', 'role': 'suunnittelija'}]",[['setelirahat']],100 markkaa; raha; seteli,1955.0,Tapio Wirkkala,35
1025,museovirasto.d19c93ca-38ff-4e26-833d-c17677a3f49f,"['/Cover/Show?source=Solr&id=museovirasto.d19c93ca-38ff-4e26-833d-c17677a3f49f&index=0&size=large', '/Cover/Show?source=Solr&id=museovirasto.d19c93ca-38ff-4e26-833d-c17677a3f49f&index=1&size=large']","[{'name': 'Suomen Pankki', 'role': 'valmistuttaja'}, {'name': 'Suomen Pankin setelipaino', 'role': 'valmistaja'}, {'name': 'Wirkkala, Tapio', 'role': 'suunnittelija'}]",[['setelirahat']],500 markkaa; Raha; seteli,1955.0,Tapio Wirkkala,35
1026,museovirasto.d4c7a189-d3d2-46c8-867c-6b910c30864e,"['/Cover/Show?source=Solr&id=museovirasto.d4c7a189-d3d2-46c8-867c-6b910c30864e&index=0&size=large', '/Cover/Show?source=Solr&id=museovirasto.d4c7a189-d3d2-46c8-867c-6b910c30864e&index=1&size=large']","[{'name': 'Suomen Pankki', 'role': 'valmistuttaja'}, {'name': 'Suomen Pankin setelipaino', 'role': 'valmistaja'}, {'name': 'Wirkkala, Tapio', 'role': 'suunnittelija'}]",[['setelirahat']],5000 markkaa; raha; seteli,1955.0,Tapio Wirkkala,35
1027,museovirasto.f3133655-8aef-42bb-b8d3-f37d4831c719,"['/Cover/Show?source=Solr&id=museovirasto.f3133655-8aef-42bb-b8d3-f37d4831c719&index=0&size=large', '/Cover/Show?source=Solr&id=museovirasto.f3133655-8aef-42bb-b8d3-f37d4831c719&index=1&size=large']","[{'name': 'Suomen Pankki', 'role': 'valmistuttaja'}, {'name': 'Suomen Pankin setelipaino', 'role': 'valmistaja'}, {'name': 'Wirkkala, Tapio', 'role': 'suunnittelija'}]",[['setelirahat']],1000 markkaa; Raha; seteli,1955.0,Tapio Wirkkala,35
1028,museovirasto.01c38877-7a54-4807-97ab-40832f68d921,"['/Cover/Show?source=Solr&id=museovirasto.01c38877-7a54-4807-97ab-40832f68d921&index=0&size=large', '/Cover/Show?source=Solr&id=museovirasto.01c38877-7a54-4807-97ab-40832f68d921&index=1&size=large']","[{'name': 'Suomen Pankki', 'role': 'valmistuttaja'}, {'name': 'Suomen Pankin setelipaino', 'role': 'valmistaja'}, {'name': 'Wirkkala, Tapio', 'role': 'suunnittelija'}]",[['setelirahat']],500 markkaa; Raha; seteli,1956.0,Tapio Wirkkala,35
1029,museovirasto.d6ad7dc6-0b71-4915-a353-ed45c5f9d447,"['/Cover/Show?source=Solr&id=museovirasto.d6ad7dc6-0b71-4915-a353-ed45c5f9d447&index=0&size=large', '/Cover/Show?source=Solr&id=museovirasto.d6ad7dc6-0b71-4915-a353-ed45c5f9d447&index=1&size=large']","[{'name': 'Suomen Pankki', 'role': 'valmistuttaja'}, {'name': 'Suomen Pankin setelipaino', 'role': 'valmistaja'}, {'name': 'Wirkkala, Tapio', 'role': 'suunnittelija'}]",[['setelirahat']],500 markkaa; Raha; seteli,1956.0,Tapio Wirkkala,35
1030,hkm.81C3B663-F149-43CF-B0ED-23FB7A9AE676,['/Cover/Show?source=Solr&id=hkm.81C3B663-F149-43CF-B0ED-23FB7A9AE676&index=0&size=large'],"[{'name': 'Wirkkala, Tapio', 'role': 'muotoilija', 'id': 'https://isni.org/isni/0000000081685144'}, {'name': 'Iittala', 'role': 'valmistaja', 'id': 'http://urn.fi/URN:NBN:fi:au:finaf:000037985'}]","[['koriste-esineet'], ['koristekasvit'], ['sisustus'], ['astiat']]",maljakko; Varsanjalka,1957.0,Tapio Wirkkala,35
1031,kymenlaaksonmuseot.KarhE1339:1,"['/Cover/Show?source=Solr&id=kymenlaaksonmuseot.KarhE1339%3A1&index=0&size=large', '/Cover/Show?source=Solr&id=kymenlaaksonmuseot.KarhE1339%3A1&index=1&size=large', '/Cover/Show?source=Solr&id=kymenlaaksonmuseot.KarhE1339%3A1&index=2&size=large', '/Cover/Show?source=Solr&id=kymenlaaksonmuseot.KarhE1339%3A1&index=3&size=large', '/Cover/Show?source=Solr&id=kymenlaaksonmuseot.KarhE1339%3A1&index=4&size=large', '/Cover/Show?source=Solr&id=kymenlaaksonmuseot.KarhE1339%3A1&index=5&size=large', '/Cover/Show?source=Solr&id=kymenlaaksonmuseot.KarhE1339%3A1&index=6&size=large', '/Cover/Show?source=Solr&id=kymenlaaksonmuseot.KarhE1339%3A1&index=7&size=large', '/Cover/Show?source=Solr&id=kymenlaaksonmuseot.KarhE1339%3A1&index=8&size=large', '/Cover/Show?source=Solr&id=kymenlaaksonmuseot.KarhE1339%3A1&index=9&size=large', '/Cover/Show?source=Solr&id=kymenlaaksonmuseot.KarhE1339%3A1&index=10&size=large', '/Cover/Show?source=Solr&id=kymenlaaksonmuseot.KarhE1339%3A1&index=11&size=large']","[{'name': 'Väinö Paasonen', 'role': 'suunnittelija'}, {'name': 'Karhulan lasitehdas', 'role': 'valmistaja'}, {'name': 'Tapio Wirkkala', 'role': 'suunnittelija'}]","[['virvoitusjuomat'], ['pullot'], ['272 juomat'], ['huumaavat ja nautintoaineet juomat'], ['323 perusraaka-aineiden jalostus keramiikka- ja lasiteollisuus'], ['274 juomat'], ['huumaavat ja nautintoaineet juomateollisuus']]",kolajuomapullo; 7172,1957.0,Tapio Wirkkala,35
1032,museovirasto.81423e79-c6d9-4f4a-be12-a395cbf5f062,"['/Cover/Show?source=Solr&id=museovirasto.81423e79-c6d9-4f4a-be12-a395cbf5f062&index=0&size=large', '/Cover/Show?source=Solr&id=museovirasto.81423e79-c6d9-4f4a-be12-a395cbf5f062&index=1&size=large']","[{'name': 'Suomen Pankki', 'role': 'valmistuttaja'}, {'name': 'Suomen Pankin setelipaino', 'role': 'valmistaja'}, {'name': 'Wirkkala, Tapio', 'role': 'suunnittelija'}]",[['setelirahat']],100 markkaa; Raha; seteli,1957.0,Tapio Wirkkala,35
1033,museovirasto.8A24089859AC5B9ABEBB5AD6E5427935,"['/Cover/Show?source=Solr&id=museovirasto.8A24089859AC5B9ABEBB5AD6E5427935&index=0&size=large', '/Cover/Show?source=Solr&id=museovirasto.8A24089859AC5B9ABEBB5AD6E5427935&index=1&size=large']","[{'name': 'Wirkkala, Tapio', 'role': 'suunnittelija'}, {'name': 'Kultakeskus Oy', 'role': 'tekijä'}]","[['muotoilu'], ['maljakot']]",maljakko,1957.0,Tapio Wirkkala,35
1034,museovirasto.CF1A950AD0DE157DB25A106A3B5901A8,"['/Cover/Show?source=Solr&id=museovirasto.CF1A950AD0DE157DB25A106A3B5901A8&index=0&size=large', '/Cover/Show?source=Solr&id=museovirasto.CF1A950AD0DE157DB25A106A3B5901A8&index=1&size=large']","[{'name': 'Kultakeskus Oy', 'role': 'tekijä'}, {'name': 'Wirkkala, Tapio', 'role': 'suunnittelija'}]","[['tuhkakupit'], ['muotoilu']]",tuhkakuppi,1957.0,Tapio Wirkkala,35
1035,museovirasto.ffb489e7-dfbb-4660-8f73-56c839c06d6c,"['/Cover/Show?source=Solr&id=museovirasto.ffb489e7-dfbb-4660-8f73-56c839c06d6c&index=0&size=large', '/Cover/Show?source=Solr&id=museovirasto.ffb489e7-dfbb-4660-8f73-56c839c06d6c&index=1&size=large']","[{'name': 'Suomen Pankki', 'role': 'valmistuttaja'}, {'name': 'Suomen Pankin setelipaino', 'role': 'valmistaja'}, {'name': 'Wirkkala, Tapio', 'role': 'suunnittelija'}]",[['setelirahat']],100 markkaa; Raha; seteli,1957.0,Tapio Wirkkala,35
1036,ksm.158470038715600,['/Cover/Show?source=Solr&id=ksm.158470038715600&index=0&size=large'],"[{'name': 'Tapio Wirkkala', 'role': 'suunnittelija'}]","[['maljakot'], ['lasimaljakot'], ['koristemaljakot'], ['1960-1980 käyttöaika']]",Iittala maljakko 3585; maljakko; kukkamaljakko; lasimaljakko,1958.0,Tapio Wirkkala,35
1037,lahdenmuseo.lkm-114,"['/Cover/Show?source=Solr&id=lahdenmuseo.lkm-114&index=0&size=large', '/Cover/Show?source=Solr&id=lahdenmuseo.lkm-114&index=1&size=large', '/Cover/Show?source=Solr&id=lahdenmuseo.lkm-114&index=2&size=large', '/Cover/Show?source=Solr&id=lahdenmuseo.lkm-114&index=3&size=large']","[{'name': 'Wirkkala Tapio', 'role': 'Suunnittelija'}, {'name': 'Asko Oy', 'role': 'Valmistaja'}, {'name': 'Askon Tehtaat Oy', 'role': 'Valmistaja'}]","[['Vaneri'], ['huonekalusuunnittelu'], ['huonekalut'], ['muotoilu'], ['Tuolit'], ['1958']]",Tuoli Nikke; Nikke nro 9019,1958.0,Tapio Wirkkala,35
1038,lahdenmuseo.lkm-276,"['/Cover/Show?source=Solr&id=lahdenmuseo.lkm-276&index=0&size=large', '/Cover/Show?source=Solr&id=lahdenmuseo.lkm-276&index=1&size=large', '/Cover/Show?source=Solr&id=lahdenmuseo.lkm-276&index=2&size=large']","[{'name': 'Wirkkala Tapio', 'role': 'Suunnittelija'}, {'name': 'Wirkkala Tapio', 'role': 'Suunnittelija'}, {'name': 'Askon Tehtaat Oy', 'role': 'Valmistaja'}, {'name': 'Asko Oy', 'role': 'Valmistaja'}]","[['Vaneri'], ['pöydät'], ['sohvapöydät'], ['muotoilu'], ['huonekalut'], ['1958']]","Sohvapöytä, rytmivaneri; rytmivaneri nro 9018",1958.0,Tapio Wirkkala,35
1039,lahdenmuseo.lkm-280,"['/Cover/Show?source=Solr&id=lahdenmuseo.lkm-280&index=0&size=large', '/Cover/Show?source=Solr&id=lahdenmuseo.lkm-280&index=1&size=large', '/Cover/Show?source=Solr&id=lahdenmuseo.lkm-280&index=2&size=large', '/Cover/Show?source=Solr&id=lahdenmuseo.lkm-280&index=3&size=large']","[{'name': 'Wirkkala Tapio', 'role': 'Suunnittelija'}, {'name': 'Asko Oy', 'role': 'Valmistaja'}, {'name': 'Askon Tehtaat Oy', 'role': 'Valmistaja'}]","[['Vaneri'], ['huonekalusuunnittelu'], ['sohvapöydät'], ['pöydät'], ['muotoilu'], ['huonekalut'], ['1958']]","Sohvapöytä, rytmivaneri; rytmivaneri nro 9011",1958.0,Tapio Wirkkala,35
1040,lahdenmuseo.lkm-771,"['/Cover/Show?source=Solr&id=lahdenmuseo.lkm-771&index=0&size=large', '/Cover/Show?source=Solr&id=lahdenmuseo.lkm-771&index=1&size=large', '/Cover/Show?source=Solr&id=lahdenmuseo.lkm-771&index=2&size=large', '/Cover/Show?source=Solr&id=lahdenmuseo.lkm-771&index=3&size=large', '/Cover/Show?source=Solr&id=lahdenmuseo.lkm-771&index=4&size=large']","[{'name': 'Wirkkala Tapio', 'role': 'Suunnittelija'}, {'name': 'Asko Oy', 'role': 'Valmistaja'}, {'name': 'Askon Tehtaat Oy', 'role': 'Valmistaja'}]","[['Intarsia'], ['huonekalusuunnittelu'], ['muotoilu'], ['sohvapöydät'], ['pöydät'], ['huonekalut'], ['1958']]","Sohvapöytä, rytmivaneri; Rytmivaneri nro 9016",1958.0,Tapio Wirkkala,35
1041,lahdenmuseo.lkm-845,"['/Cover/Show?source=Solr&id=lahdenmuseo.lkm-845&index=0&size=large', '/Cover/Show?source=Solr&id=lahdenmuseo.lkm-845&index=1&size=large', '/Cover/Show?source=Solr&id=lahdenmuseo.lkm-845&index=2&size=large', '/Cover/Show?source=Solr&id=lahdenmuseo.lkm-845&index=3&size=large']","[{'name': 'Wirkkala Tapio', 'role': 'Suunnittelija'}, {'name': 'Asko Oy', 'role': 'Valmistaja'}, {'name': 'Askon Tehtaat Oy', 'role': 'Valmistaja'}]","[['Vaneri'], ['huonekalusuunnittelu'], ['muotoilu'], ['tuolit'], ['huonekalut'], ['1958']]",Tuoli Nikke; pikkutuoli; nro 9019,1958.0,Tapio Wirkkala,35
1042,lahdenmuseo.lkm-846,"['/Cover/Show?source=Solr&id=lahdenmuseo.lkm-846&index=0&size=large', '/Cover/Show?source=Solr&id=lahdenmuseo.lkm-846&index=1&size=large', '/Cover/Show?source=Solr&id=lahdenmuseo.lkm-846&index=2&size=large', '/Cover/Show?source=Solr&id=lahdenmuseo.lkm-846&index=3&size=large', '/Cover/Show?source=Solr&id=lahdenmuseo.lkm-846&index=4&size=large']","[{'name': 'Wirkkala Tapio', 'role': 'Suunnittelija'}, {'name': 'Asko Oy', 'role': 'Valmistaja'}, {'name': 'Askon Tehtaat Oy', 'role': 'Valmistaja'}]","[['Sohvapöydät'], ['Huonekalut'], ['Pöydät'], ['1958']]",Sohvapöytä Rytmivaneri; Rytmivaneri nro 9014,1958.0,Tapio Wirkkala,35
1043,lahdenmuseo.lkm-866,"['/Cover/Show?source=Solr&id=lahdenmuseo.lkm-866&index=0&size=large', '/Cover/Show?source=Solr&id=lahdenmuseo.lkm-866&index=1&size=large', '/Cover/Show?source=Solr&id=lahdenmuseo.lkm-866&index=2&size=large', '/Cover/Show?source=Solr&id=lahdenmuseo.lkm-866&index=3&size=large', '/Cover/Show?source=Solr&id=lahdenmuseo.lkm-866&index=4&size=large']","[{'name': 'Wirkkala Tapio', 'role': 'Suunnittelija'}, {'name': 'Askon Tehtaat Oy', 'role': 'Valmistaja'}, {'name': 'Asko Oy', 'role': 'Valmistaja'}]","[['Vaneri'], ['huonekaluteollisuus'], ['huonekalut'], ['pöydät'], ['muotoilu'], ['1958']]","Sohvapöytä, rytmivaneri; rytmivaneri nro 9016",1958.0,Tapio Wirkkala,35
1044,lahdenmuseo.lkm-848,"['/Cover/Show?source=Solr&id=lahdenmuseo.lkm-848&index=0&size=large', '/Cover/Show?source=Solr&id=lahdenmuseo.lkm-848&index=1&size=large', '/Cover/Show?source=Solr&id=lahdenmuseo.lkm-848&index=2&size=large', '/Cover/Show?source=Solr&id=lahdenmuseo.lkm-848&index=3&size=large']","[{'name': 'Wirkkala Tapio', 'role': 'Suunnittelija'}, {'name': 'Leinonen Aulis', 'role': 'Suunnittelija'}, {'name': 'Asko Oy', 'role': 'Valmistaja'}, {'name': 'Askon Tehtaat Oy', 'role': 'Valmistaja'}]","[['Huonekalut'], ['Tarjoilu'], ['1958 1959']]",Tarjoiluvaunu nro 3980; teevaunu; nro 3980,1959.0,Tapio Wirkkala,35
1045,museovirasto.C5FE51A8DA3070C41E752FBE298DA2B5,"['/Cover/Show?source=Solr&id=museovirasto.C5FE51A8DA3070C41E752FBE298DA2B5&index=0&size=large', '/Cover/Show?source=Solr&id=museovirasto.C5FE51A8DA3070C41E752FBE298DA2B5&index=1&size=large', '/Cover/Show?source=Solr&id=museovirasto.C5FE51A8DA3070C41E752FBE298DA2B5&index=2&size=large', '/Cover/Show?source=Solr&id=museovirasto.C5FE51A8DA3070C41E752FBE298DA2B5&index=3&size=large', '/Cover/Show?source=Solr&id=museovirasto.C5FE51A8DA3070C41E752FBE298DA2B5&index=4&size=large']","[{'name': 'Wirkkala, Tapio', 'role': 'suunnittelija'}, {'name': 'Kultakeskus Oy', 'role': 'valmistaja'}]",[],kahvikannu,1959.0,Tapio Wirkkala,35
1046,heinolanmuseo.hkm-93559,['/Cover/Show?source=Solr&id=heinolanmuseo.hkm-93559&index=0&size=large'],"[{'name': 'Wirkkala Tapio', 'role': 'Suunnittelija'}, {'name': 'Iittala', 'role': 'Valmistaja'}]","[['Ryyppylasit'], ['Juomalasit']]",ryyppylasi; Tapio,1960.0,Tapio Wirkkala,35
1047,heinolanmuseo.hkm-97504,"['/Cover/Show?source=Solr&id=heinolanmuseo.hkm-97504&index=0&size=large', '/Cover/Show?source=Solr&id=heinolanmuseo.hkm-97504&index=1&size=large']","[{'name': 'Wirkkala Tapio', 'role': 'Suunnittelija'}, {'name': 'Hackman Oy Ab', 'role': 'Valmistaja'}]","[['juustot'], ['tarjoilu'], ['veitset']]",juustoveitsi,1960.0,Tapio Wirkkala,35
1048,hkm.1F1B41FE-2DC8-46E0-91EC-B2B3D0F0D24C,['/Cover/Show?source=Solr&id=hkm.1F1B41FE-2DC8-46E0-91EC-B2B3D0F0D24C&index=0&size=large'],"[{'name': 'Wirkkala, Tapio', 'role': 'muotoilija', 'id': 'https://isni.org/isni/0000000081685144'}, {'name': 'A. Ahlström Osakeyhtiö - Strömforsin tehtaat', 'role': 'valmistaja'}]","[['astiat'], ['lautaset'], ['lentomatkustaminen'], ['lentokoneet'], ['turismi'], ['käyttöaika 1960-1970']]",lautanen; lentokoneastia,1960.0,Tapio Wirkkala,35
1049,hkm.3DC132D2-EC94-4834-BBC1-8C8281C61AB9,['/Cover/Show?source=Solr&id=hkm.3DC132D2-EC94-4834-BBC1-8C8281C61AB9&index=0&size=large'],"[{'name': 'Hopeakeskus Oy', 'role': 'valmistaja'}, {'name': 'Wirkkala, Tapio', 'role': 'muotoilija', 'id': 'https://isni.org/isni/0000000081685144'}]","[['ruokailuvälineet'], ['veitset'], ['ruokailu'], ['lentokoneet'], ['lentomatkustaminen'], ['turismi'], ['käyttöaika - 1970']]",lusikka; tee- ja kahvilusikka; Hopeasiipi,1960.0,Tapio Wirkkala,35
1050,hkm.47A4F9E6-804F-4D23-8509-ACD1CA3C19C4,['/Cover/Show?source=Solr&id=hkm.47A4F9E6-804F-4D23-8509-ACD1CA3C19C4&index=0&size=large'],"[{'name': 'Wirkkala, Tapio', 'role': 'muotoilija', 'id': 'https://isni.org/isni/0000000081685144'}, {'name': 'A. Ahlström Osakeyhtiö - Strömforsin tehtaat', 'role': 'valmistaja'}]","[['astiat'], ['lautaset'], ['lentomatkustaminen'], ['lentokoneet'], ['turismi'], ['käyttöaika 1960-1970']]",lautanen; lentokoneastia,1960.0,Tapio Wirkkala,35
1051,hkm.53BBEFFE-DBE7-4366-A5B9-2BB367AC7A73,['/Cover/Show?source=Solr&id=hkm.53BBEFFE-DBE7-4366-A5B9-2BB367AC7A73&index=0&size=large'],"[{'name': 'Wirkkala, Tapio', 'role': 'muotoilija', 'id': 'https://isni.org/isni/0000000081685144'}, {'name': 'A. Ahlström Osakeyhtiö - Strömforsin tehtaat', 'role': 'valmistaja'}]","[['astiat'], ['kulhot'], ['lentomatkustaminen'], ['lentokoneet'], ['turismi'], ['käyttöaika 1960-1970']]",kulho; jälkiruokamalja; lentokoneastia,1960.0,Tapio Wirkkala,35
1052,hkm.5FD70378-7AF9-40E8-A6DB-34FCE686D3CA,['/Cover/Show?source=Solr&id=hkm.5FD70378-7AF9-40E8-A6DB-34FCE686D3CA&index=0&size=large'],"[{'name': 'Wirkkala, Tapio', 'role': 'muotoilija', 'id': 'https://isni.org/isni/0000000081685144'}, {'name': 'A. Ahlström Osakeyhtiö - Strömforsin tehtaat', 'role': 'valmistaja'}]","[['astiat'], ['lautaset'], ['lentomatkustaminen'], ['lentokoneet'], ['turismi'], ['käyttöaika 1960-1970']]",lautanen; lentokoneastia,1960.0,Tapio Wirkkala,35
1053,hkm.6A8006A1-E225-4DCE-9E32-44ECD9106595,['/Cover/Show?source=Solr&id=hkm.6A8006A1-E225-4DCE-9E32-44ECD9106595&index=0&size=large'],"[{'name': 'Wirkkala, Tapio', 'role': 'muotoilija', 'id': 'https://isni.org/isni/0000000081685144'}, {'name': 'A. Ahlström Osakeyhtiö - Strömforsin tehtaat', 'role': 'valmistaja'}]","[['puhtaanapidon välineet'], ['tuhkakupit'], ['tupakointi'], ['nautintoaineet'], ['tupakka'], ['lentomatkustaminen'], ['lentokoneet'], ['turismi'], ['käyttöaika 1960-1970']]",tuhkakuppi,1960.0,Tapio Wirkkala,35
1054,hkm.7CAC0373-0B8D-4FC5-BA90-EEA255385BF9,['/Cover/Show?source=Solr&id=hkm.7CAC0373-0B8D-4FC5-BA90-EEA255385BF9&index=0&size=large'],"[{'name': 'Hopeakeskus Oy', 'role': 'valmistaja'}, {'name': 'Wirkkala, Tapio', 'role': 'muotoilija', 'id': 'https://isni.org/isni/0000000081685144'}]","[['ruokailuvälineet'], ['veitset'], ['ruokailu'], ['lentokoneet'], ['lentomatkustaminen'], ['turismi'], ['käyttöaika - 1970']]",lusikka; Caravelle; tee- ja kahvilusikka,1960.0,Tapio Wirkkala,35
1055,hkm.80AFBBAF-14C3-4274-AAAF-F0D8D306CA8C,['/Cover/Show?source=Solr&id=hkm.80AFBBAF-14C3-4274-AAAF-F0D8D306CA8C&index=0&size=large'],"[{'name': 'Hopeakeskus Oy', 'role': 'valmistaja'}, {'name': 'Wirkkala, Tapio', 'role': 'muotoilija', 'id': 'https://isni.org/isni/0000000081685144'}]","[['lusikat'], ['lentoliikenne'], ['ruokailu'], ['matkailu'], ['lentomatkustaminen'], ['käyttöaika - 1970']]",lusikka; teelusikka; Caravelle,1960.0,Tapio Wirkkala,35
1056,hkm.83078F50-1362-46CC-ADBA-3EBDF09067BC,['/Cover/Show?source=Solr&id=hkm.83078F50-1362-46CC-ADBA-3EBDF09067BC&index=0&size=large'],"[{'name': 'Wirkkala, Tapio', 'role': 'muotoilija', 'id': 'https://isni.org/isni/0000000081685144'}, {'name': 'A. Ahlström Osakeyhtiö - Strömforsin tehtaat', 'role': 'valmistaja'}]","[['astiat'], ['lautaset'], ['juoma-astiat'], ['kahvikupit'], ['nautintoaineet'], ['kahvi'], ['juomat'], ['lentomatkustaminen'], ['lentokoneet'], ['turismi'], ['käyttöaika 1960-1970']]",kuppipari; kahvikuppi ja lautanen; lentokoneastia,1960.0,Tapio Wirkkala,35
1057,hkm.E80AAEF0-ADB4-45A1-A821-4168C9FBACBC,['/Cover/Show?source=Solr&id=hkm.E80AAEF0-ADB4-45A1-A821-4168C9FBACBC&index=0&size=large'],"[{'name': 'Wirkkala, Tapio', 'role': 'muotoilija', 'id': 'https://isni.org/isni/0000000081685144'}, {'name': 'A. Ahlström Osakeyhtiö - Strömforsin tehtaat', 'role': 'valmistaja'}]","[['astiat'], ['kulhot'], ['lentomatkustaminen'], ['lentokoneet'], ['turismi'], ['käyttöaika 1960-1970']]",kulho; jälkiruokamalja; lentokoneastia,1960.0,Tapio Wirkkala,35
1058,ksm.158470227682400,['/Cover/Show?source=Solr&id=ksm.158470227682400&index=0&size=large'],"[{'name': '*Iittala', 'role': 'valmistaja'}, {'name': 'Tapio Wirkkala', 'role': 'suunnittelija'}]","[['urheilu'], ['palkinto'], ['urheiluseura'], ['ampuminen'], ['maljakko'], ['kukkamaljakko'], ['sisustusesineet'], ['muotoilu'], ['1960-1999 käyttöaika']]",Iittala maljakko 3581; palkinto;maljakko; lasimaljakko,1960.0,Tapio Wirkkala,35
1059,werstas.we-1218438,['/Cover/Show?source=Solr&id=werstas.we-1218438&index=0&size=large'],"[{'name': 'Turunen, Risto', 'role': 'Valokuvaaja'}, {'name': 'Iittala', 'role': 'Tekijä'}, {'name': 'Wirkkala, Tapio (suunnittelija)', 'role': 'Tekijä'}]","[['Suomen Kansan Demokraattinen Liitto'], ['työläisurheilu'], ['lasiesineet'], ['lahjat'], ['koriste-esineet']]","Kulho, lasikulho; Iittalan lasikulho, SKDL:n taide-esine",1960.0,Tapio Wirkkala,35
1060,museovirasto.a3dcb7a7-357f-4b30-9752-342ee6e48479,"['/Cover/Show?source=Solr&id=museovirasto.a3dcb7a7-357f-4b30-9752-342ee6e48479&index=0&size=large', '/Cover/Show?source=Solr&id=museovirasto.a3dcb7a7-357f-4b30-9752-342ee6e48479&index=1&size=large']","[{'name': 'Suomen Pankki', 'role': 'valmistuttaja'}, {'name': 'Suomen Pankin setelipaino', 'role': 'valmistaja'}, {'name': 'Wirkkala, Tapio', 'role': 'suunnittelija'}]",[['setelirahat']],1 markka; Raha; seteli,1961.0,Tapio Wirkkala,35
1061,hkm.C89E67BB-248F-4F4E-AC11-F2770DC7E68A,['/Cover/Show?source=Solr&id=hkm.C89E67BB-248F-4F4E-AC11-F2770DC7E68A&index=0&size=large'],"[{'name': 'Kultakeskus Oy', 'role': 'valmistaja', 'id': 'http://urn.fi/URN:NBN:fi:au:finaf:000184117'}, {'name': 'Wirkkala, Tapio', 'role': 'muotoilija', 'id': 'https://isni.org/isni/0000000081685144'}]","[['yhteiskoulut'], ['yksityiskoulut'], ['palkinnot'], ['pokaalit'], ['muotoilu'], ['desigin'], ['jääkiekko']]",pokaali; palkintopokaali; Munkkivuoren yhteiskoulu,1962.0,Tapio Wirkkala,35
1062,ksm.158470116445100,['/Cover/Show?source=Solr&id=ksm.158470116445100&index=0&size=large'],"[{'name': 'Iittalan Lasitehdas', 'role': 'valmistaja'}, {'name': 'Tapio Wirkkala', 'role': 'suunnittelija'}]","[['astiat'], ['lasit'], ['juomalasit'], ['mehulasit'], ['Iittala'], ['Tapio Wirkkala'], ['1962-2004 käyttöaika']]",Iittala mehulasi 2065; astia;lasi; juomalasi; mehulasi,1962.0,Tapio Wirkkala,35
1063,metsastysmuseo.knp-44783,['/Cover/Show?source=Solr&id=metsastysmuseo.knp-44783&index=0&size=large'],"[{'name': 'Kultakeskus Oy', 'role': 'Valmistaja'}, {'name': 'suunn. Tapio Wirkkala', 'role': 'Valmistaja'}]","[['suomenajokoira'], ['palkinnot'], ['metsästyskoirat'], ['koira'], ['kiertopalkintopokaalit'], ['kenneltoiminta'], ['järjestöt'], ['hopea'], ['ajokoirat']]",Palkintopokaali; Kiertopalkinto Kymenläänin Kennelpiiri ry. 10 v. 24.3.1963; Tapio Wirkkala,1962.0,Tapio Wirkkala,35
1064,hkm.54972C1C-253A-4F6E-B687-7251BBE30BBF,['/Cover/Show?source=Solr&id=hkm.54972C1C-253A-4F6E-B687-7251BBE30BBF&index=0&size=large'],"[{'name': 'Tervakoski Oy', 'role': 'valmistaja'}, {'name': 'Wirkkala, Tapio', 'role': 'graafinen suunnittelija', 'id': 'https://isni.org/isni/0000000081685144'}, {'name': 'Suomen Pankin Setelipaino', 'role': 'paino'}, {'name': 'Suomen Pankki', 'role': 'valmistaja'}]","[['setelirahat'], ['näytteet'], ['Suomen markka']]",seteli; kymmenen markkaa; näytekappale,1963.0,Tapio Wirkkala,35
1065,hkm.566F9C2A-76CF-47F5-8CD9-219ED624DBC3,['/Cover/Show?source=Solr&id=hkm.566F9C2A-76CF-47F5-8CD9-219ED624DBC3&index=0&size=large'],"[{'name': 'Tervakoski Oy', 'role': 'valmistaja'}, {'name': 'Wirkkala, Tapio', 'role': 'suunnittelija', 'id': 'https://isni.org/isni/0000000081685144'}, {'name': 'Suomen Pankin Setelipaino', 'role': 'paino'}, {'name': 'Suomen Pankki', 'role': 'valmistuttaja'}]","[['setelirahat'], ['maksuvälineet'], ['Suomen markka']]",seteli; viisikymmentä markkaa,1963.0,Tapio Wirkkala,35
1066,hkm.DDACE42D-49C3-46E1-B401-96A51EF4E974,['/Cover/Show?source=Solr&id=hkm.DDACE42D-49C3-46E1-B401-96A51EF4E974&index=0&size=large'],"[{'name': 'Tervakoski Oy', 'role': 'valmistaja'}, {'name': 'Wirkkala, Tapio', 'role': 'suunnittelija', 'id': 'https://isni.org/isni/0000000081685144'}, {'name': 'Suomen Pankin Setelipaino', 'role': 'paino'}]","[['setelirahat'], ['näytteet'], ['maksuvälineet']]",seteli; sata markkaa; näyteseteli,1963.0,Tapio Wirkkala,35
1067,museovirasto.05b3265b-a082-4c8a-abb3-88849e2ffebf,"['/Cover/Show?source=Solr&id=museovirasto.05b3265b-a082-4c8a-abb3-88849e2ffebf&index=0&size=large', '/Cover/Show?source=Solr&id=museovirasto.05b3265b-a082-4c8a-abb3-88849e2ffebf&index=1&size=large']","[{'name': 'Suomen Pankki', 'role': 'valmistuttaja'}, {'name': 'Suomen Pankin setelipaino', 'role': 'valmistaja'}, {'name': 'Wirkkala, Tapio', 'role': 'suunnittelija'}]","[['setelirahat'], ['Paasikivi, Juho Kusti']]",10 markkaa; Raha; seteli,1963.0,Tapio Wirkkala,35
1068,museovirasto.12dd7c44-eab2-4b71-b651-d2bad610ba86,"['/Cover/Show?source=Solr&id=museovirasto.12dd7c44-eab2-4b71-b651-d2bad610ba86&index=0&size=large', '/Cover/Show?source=Solr&id=museovirasto.12dd7c44-eab2-4b71-b651-d2bad610ba86&index=1&size=large']","[{'name': 'Suomen Pankki', 'role': 'valmistuttaja'}, {'name': 'Suomen Pankin setelipaino', 'role': 'valmistaja'}, {'name': 'Wirkkala, Tapio', 'role': 'suunnittelija'}]",[['setelirahat']],100 markkaa; Raha; seteli,1963.0,Tapio Wirkkala,35
1069,museovirasto.1f7aa471-2add-4d04-bbf6-6cbd615d2fcb,"['/Cover/Show?source=Solr&id=museovirasto.1f7aa471-2add-4d04-bbf6-6cbd615d2fcb&index=0&size=large', '/Cover/Show?source=Solr&id=museovirasto.1f7aa471-2add-4d04-bbf6-6cbd615d2fcb&index=1&size=large']","[{'name': 'Suomen Pankki', 'role': 'valmistuttaja'}, {'name': 'Suomen Pankin setelipaino', 'role': 'valmistaja'}, {'name': 'Wirkkala, Tapio', 'role': 'suunnittelija'}]","[['setelirahat'], ['Paasikivi, Juho Kusti']]",10 markkaa; Raha; seteli,1963.0,Tapio Wirkkala,35
1070,museovirasto.27d93371-0d53-4edb-81ba-f499edb049a7,"['/Cover/Show?source=Solr&id=museovirasto.27d93371-0d53-4edb-81ba-f499edb049a7&index=0&size=large', '/Cover/Show?source=Solr&id=museovirasto.27d93371-0d53-4edb-81ba-f499edb049a7&index=1&size=large']","[{'name': 'Suomen Pankki', 'role': 'valmistuttaja'}, {'name': 'Suomen Pankin setelipaino', 'role': 'valmistaja'}, {'name': 'Wirkkala, Tapio', 'role': 'suunnittelija'}]",[['setelirahat']],5 markkaa; Raha; seteli,1963.0,Tapio Wirkkala,35
1071,museovirasto.3be019f9-f12f-4a8e-b8ce-e9e1cc3a374b,"['/Cover/Show?source=Solr&id=museovirasto.3be019f9-f12f-4a8e-b8ce-e9e1cc3a374b&index=0&size=large', '/Cover/Show?source=Solr&id=museovirasto.3be019f9-f12f-4a8e-b8ce-e9e1cc3a374b&index=1&size=large']","[{'name': 'Suomen Pankki', 'role': 'valmistuttaja'}, {'name': 'Suomen Pankin setelipaino', 'role': 'valmistaja'}, {'name': 'Wirkkala, Tapio', 'role': 'suunnittelija'}]",[['setelirahat']],100 markkaa; Raha; seteli,1963.0,Tapio Wirkkala,35
1072,museovirasto.5b1cc5b7-35e2-4160-901e-fdd8f5a19fae,"['/Cover/Show?source=Solr&id=museovirasto.5b1cc5b7-35e2-4160-901e-fdd8f5a19fae&index=0&size=large', '/Cover/Show?source=Solr&id=museovirasto.5b1cc5b7-35e2-4160-901e-fdd8f5a19fae&index=1&size=large']","[{'name': 'Suomen Pankki', 'role': 'valmistuttaja'}, {'name': 'Suomen Pankin setelipaino', 'role': 'valmistaja'}, {'name': 'Wirkkala, Tapio', 'role': 'suunnittelija'}]",[['setelirahat']],1 markka; Raha; seteli,1963.0,Tapio Wirkkala,35
1073,museovirasto.7de2cd31-28e0-4922-a624-c8448dedb02d,"['/Cover/Show?source=Solr&id=museovirasto.7de2cd31-28e0-4922-a624-c8448dedb02d&index=0&size=large', '/Cover/Show?source=Solr&id=museovirasto.7de2cd31-28e0-4922-a624-c8448dedb02d&index=1&size=large']","[{'name': 'Suomen Pankki', 'role': 'valmistuttaja'}, {'name': 'Suomen Pankin setelipaino', 'role': 'valmistaja'}, {'name': 'Wirkkala, Tapio', 'role': 'suunnittelija'}]","[['setelirahat'], ['Paasikivi, Juho Kusti']]",10 markkaa; Raha; seteli,1963.0,Tapio Wirkkala,35
1074,museovirasto.9a7dbbf1-c05e-4795-a18d-3fc5ca4a8c2f,"['/Cover/Show?source=Solr&id=museovirasto.9a7dbbf1-c05e-4795-a18d-3fc5ca4a8c2f&index=0&size=large', '/Cover/Show?source=Solr&id=museovirasto.9a7dbbf1-c05e-4795-a18d-3fc5ca4a8c2f&index=1&size=large']","[{'name': 'Suomen Pankki', 'role': 'valmistuttaja'}, {'name': 'Suomen Pankin setelipaino', 'role': 'valmistaja'}, {'name': 'Wirkkala, Tapio', 'role': 'suunnittelija'}]",[['setelirahat']],50 markkaa; Raha; seteli,1963.0,Tapio Wirkkala,35
1075,museovirasto.a9a0f525-c025-4e3a-9c4b-eefddb5bbc6e,"['/Cover/Show?source=Solr&id=museovirasto.a9a0f525-c025-4e3a-9c4b-eefddb5bbc6e&index=0&size=large', '/Cover/Show?source=Solr&id=museovirasto.a9a0f525-c025-4e3a-9c4b-eefddb5bbc6e&index=1&size=large']","[{'name': 'Suomen Pankki', 'role': 'valmistuttaja'}, {'name': 'Suomen Pankin setelipaino', 'role': 'valmistaja'}, {'name': 'Wirkkala, Tapio', 'role': 'suunnittelija'}]",[['setelirahat']],5 markkaa; Raha; seteli,1963.0,Tapio Wirkkala,35
1076,museovirasto.afe2edcf-4d89-4fbf-b493-9e3fed8782a2,"['/Cover/Show?source=Solr&id=museovirasto.afe2edcf-4d89-4fbf-b493-9e3fed8782a2&index=0&size=large', '/Cover/Show?source=Solr&id=museovirasto.afe2edcf-4d89-4fbf-b493-9e3fed8782a2&index=1&size=large']","[{'name': 'Suomen Pankki', 'role': 'valmistuttaja'}, {'name': 'Suomen Pankin setelipaino', 'role': 'valmistaja'}, {'name': 'Wirkkala, Tapio', 'role': 'suunnittelija'}]",[['setelirahat']],5 markkaa; Raha; seteli,1963.0,Tapio Wirkkala,35
1077,museovirasto.b7f01cbf-0def-4094-9b33-58f49e441993,"['/Cover/Show?source=Solr&id=museovirasto.b7f01cbf-0def-4094-9b33-58f49e441993&index=0&size=large', '/Cover/Show?source=Solr&id=museovirasto.b7f01cbf-0def-4094-9b33-58f49e441993&index=1&size=large']","[{'name': 'Suomen Pankki', 'role': 'valmistuttaja'}, {'name': 'Suomen Pankin setelipaino', 'role': 'valmistaja'}, {'name': 'Wirkkala, Tapio', 'role': 'suunnittelija'}]",[['setelirahat']],50 markkaa; Raha; seteli,1963.0,Tapio Wirkkala,35
1078,museovirasto.cc2a82d0-44c4-47a0-92ee-3e564f2bf92e,"['/Cover/Show?source=Solr&id=museovirasto.cc2a82d0-44c4-47a0-92ee-3e564f2bf92e&index=0&size=large', '/Cover/Show?source=Solr&id=museovirasto.cc2a82d0-44c4-47a0-92ee-3e564f2bf92e&index=1&size=large']","[{'name': 'Suomen Pankki', 'role': 'valmistuttaja'}, {'name': 'Suomen Pankin setelipaino', 'role': 'valmistaja'}, {'name': 'Wirkkala, Tapio', 'role': 'suunnittelija'}]",[['setelirahat']],1 markka; Raha; seteli,1963.0,Tapio Wirkkala,35
1079,museovirasto.dc02918b-e621-40de-a649-3bcbdb1f9817,"['/Cover/Show?source=Solr&id=museovirasto.dc02918b-e621-40de-a649-3bcbdb1f9817&index=0&size=large', '/Cover/Show?source=Solr&id=museovirasto.dc02918b-e621-40de-a649-3bcbdb1f9817&index=1&size=large']","[{'name': 'Suomen Pankki', 'role': 'valmistuttaja'}, {'name': 'Suomen Pankin setelipaino', 'role': 'valmistaja'}, {'name': 'Wirkkala, Tapio', 'role': 'suunnittelija'}]",[['setelirahat']],50 markkaa; Raha; seteli,1963.0,Tapio Wirkkala,35
1080,museovirasto.e551df49-94d0-4097-90b7-d81320d0d175,"['/Cover/Show?source=Solr&id=museovirasto.e551df49-94d0-4097-90b7-d81320d0d175&index=0&size=large', '/Cover/Show?source=Solr&id=museovirasto.e551df49-94d0-4097-90b7-d81320d0d175&index=1&size=large']","[{'name': 'Suomen Pankki', 'role': 'valmistuttaja'}, {'name': 'Suomen Pankin setelipaino', 'role': 'valmistaja'}, {'name': 'Wirkkala, Tapio', 'role': 'suunnittelija'}]","[['setelirahat'], ['Paasikivi, Juho Kusti']]",10 markkaa; Raha; seteli,1963.0,Tapio Wirkkala,35
1081,museovirasto.eff091ef-e1e0-4e5d-880f-29ff654d3ba9,"['/Cover/Show?source=Solr&id=museovirasto.eff091ef-e1e0-4e5d-880f-29ff654d3ba9&index=0&size=large', '/Cover/Show?source=Solr&id=museovirasto.eff091ef-e1e0-4e5d-880f-29ff654d3ba9&index=1&size=large']","[{'name': 'Suomen Pankki', 'role': 'valmistuttaja'}, {'name': 'Suomen Pankin setelipaino', 'role': 'valmistaja'}, {'name': 'Wirkkala, Tapio', 'role': 'suunnittelija'}]",[['setelirahat']],100 markkaa; Raha; seteli,1963.0,Tapio Wirkkala,35
1082,ksm.158470380923600,['/Cover/Show?source=Solr&id=ksm.158470380923600&index=0&size=large'],"[{'name': '*Iittala', 'role': 'valmistaja'}, {'name': 'Tapio Wirkkala', 'role': 'suunnittelija'}, {'name': 'Raisa *Nerg', 'role': 'kuvaaja'}]","[['astiat'], ['snapsilasit'], ['juoma-astiat'], ['kuninkaalliset'], ['kuningattaret'], ['Iittala'], ['Wirkkala Tapio'], ['Elisabeth II'], ['1976-2016 käyttöaika']]",Paadar-snapsilasi;Haukanmaa 1976-snapsilasi; lasi; snapsilasi,1965.0,Tapio Wirkkala,35
1083,museovirasto.b4080090-b60a-4a9a-8680-f6902dffab44,"['/Cover/Show?source=Solr&id=museovirasto.b4080090-b60a-4a9a-8680-f6902dffab44&index=0&size=large', '/Cover/Show?source=Solr&id=museovirasto.b4080090-b60a-4a9a-8680-f6902dffab44&index=1&size=large']","[{'name': 'Suomen Pankki', 'role': 'valmistuttaja'}, {'name': 'Suomen Pankin setelipaino', 'role': 'valmistaja'}, {'name': 'Wirkkala, Tapio', 'role': 'suunnittelija'}]",[['setelirahat']],1 markka; Raha; seteli,1965.0,Tapio Wirkkala,35
1084,hkm.BBBC9B2D-DCF3-4E45-B6D0-73BBFD3451F9,['/Cover/Show?source=Solr&id=hkm.BBBC9B2D-DCF3-4E45-B6D0-73BBFD3451F9&index=0&size=large'],"[{'name': 'Wirkkala, Tapio', 'role': 'muotoilija', 'id': 'https://isni.org/isni/0000000081685144'}, {'name': 'Iittalan lasitehdas', 'role': 'valmistaja', 'id': 'http://urn.fi/URN:NBN:fi:au:finaf:000001172'}]","[['muotoilu'], ['taideteollisuus'], ['keräily'], ['koriste-esineet'], ['sisustus']]",maljakko; Finlandia,1968.0,Tapio Wirkkala,35
1085,ksm.158470105284200,['/Cover/Show?source=Solr&id=ksm.158470105284200&index=0&size=large'],"[{'name': 'Iittalan Lasitehdas', 'role': 'valmistaja'}, {'name': 'Tapio Wirkkala', 'role': 'suunnittelija'}]","[['juoma-astiat'], ['kaatimet'], ['Iittala'], ['Ultima Thule'], ['Wirkkala Tapio'], ['1970-1996 käyttöaika']]",Iittala Ultima Thule-lasikarahvi; kaadin; lasikaadin; karahvi,1968.0,Tapio Wirkkala,35
1086,heinolanmuseo.hkm-97719,['/Cover/Show?source=Solr&id=heinolanmuseo.hkm-97719&index=0&size=large'],"[{'name': 'Wirkkala Tapio', 'role': 'Suunnittelija'}, {'name': 'Iittala', 'role': 'Valmistaja'}]","[['kaatimet'], ['kannut']]",kaadin; Ultima Thule 2433,1970.0,Tapio Wirkkala,35
1087,heinolanmuseo.hkm-97726,['/Cover/Show?source=Solr&id=heinolanmuseo.hkm-97726&index=0&size=large'],"[{'name': 'Wirkkala Tapio', 'role': 'Suunnittelija'}, {'name': 'Iittala', 'role': 'Valmistaja'}]","[['sisustus'], ['vaasit'], ['maljakot']]",maljakko; Avena 3429,1970.0,Tapio Wirkkala,35
1088,hkm.010AB6FF-5AB3-4225-B3E7-9A4F8207E7AC,['/Cover/Show?source=Solr&id=hkm.010AB6FF-5AB3-4225-B3E7-9A4F8207E7AC&index=0&size=large'],"[{'name': 'Hopeakeskus Oy', 'role': 'valmistaja'}, {'name': 'Wirkkala, Tapio', 'role': 'muotoilija', 'id': 'https://isni.org/isni/0000000081685144'}]","[['ruokailuvälineet'], ['lusikat'], ['ruokailu'], ['lentokoneet'], ['lentomatkustaminen'], ['turismi'], ['käyttöaika 1970']]",lusikka; Caravelle; tee- ja kahvilusikka,1970.0,Tapio Wirkkala,35
1089,hkm.02A47862-829E-45C7-9926-3A252C216F05,['/Cover/Show?source=Solr&id=hkm.02A47862-829E-45C7-9926-3A252C216F05&index=0&size=large'],"[{'name': 'Wirkkala, Tapio', 'role': 'muotoilija', 'id': 'https://isni.org/isni/0000000081685144'}, {'name': 'Oy Fiskars Ab', 'role': 'valmistaja', 'id': 'http://urn.fi/URN:NBN:fi:au:finaf:000000591'}]","[['astiat'], ['juoma-astiat'], ['kupit'], ['lentomatkustaminen'], ['lentokoneet'], ['turismi'], ['käyttöaika 1970']]",kuppi; lentokoneastia,1970.0,Tapio Wirkkala,35
1090,hkm.10A95D1C-01AA-4815-B814-58F0EAD9558C,['/Cover/Show?source=Solr&id=hkm.10A95D1C-01AA-4815-B814-58F0EAD9558C&index=0&size=large'],"[{'name': 'Wirkkala, Tapio', 'role': 'muotoilija', 'id': 'https://isni.org/isni/0000000081685144'}, {'name': 'Oy Fiskars Ab', 'role': 'valmistaja', 'id': 'http://urn.fi/URN:NBN:fi:au:finaf:000000591'}]","[['astiat'], ['ruokailuastiat'], ['lautaset'], ['lentomatkustaminen'], ['lentokoneet'], ['turismi'], ['käyttöaika 1970']]",lautanen; lentokoneastia,1970.0,Tapio Wirkkala,35
1091,hkm.19E8D543-65AB-4A46-81CB-D88E116CBF62,['/Cover/Show?source=Solr&id=hkm.19E8D543-65AB-4A46-81CB-D88E116CBF62&index=0&size=large'],"[{'name': 'Wirkkala, Tapio', 'role': 'muotoilija', 'id': 'https://isni.org/isni/0000000081685144'}, {'name': 'Iittala', 'role': 'valmistaja', 'id': 'http://urn.fi/URN:NBN:fi:au:finaf:000037985'}]","[['kattaus'], ['astiat'], ['juoma-astiat'], ['juomat'], ['alkoholijuomat']]",karahvi; viinikarahvi; Ultima Thule,1970.0,Tapio Wirkkala,35
1092,hkm.3943F9D8-F056-440F-918E-98D038863CC1,['/Cover/Show?source=Solr&id=hkm.3943F9D8-F056-440F-918E-98D038863CC1&index=0&size=large'],"[{'name': 'Wirkkala, Tapio', 'role': 'muotoilija', 'id': 'https://isni.org/isni/0000000081685144'}, {'name': 'Oy Fiskars Ab', 'role': 'valmistaja', 'id': 'http://urn.fi/URN:NBN:fi:au:finaf:000000591'}]","[['taloustarvikkeet'], ['tarjottimet'], ['tarjoilu'], ['ruokailu'], ['lentokoneet'], ['lentomatkustaminen'], ['turismi'], ['käyttöaika 1970']]",tarjotin; lentokoneastia,1970.0,Tapio Wirkkala,35
1093,hkm.416A4EAE-4A0B-43FF-B37C-EA9D95575934,['/Cover/Show?source=Solr&id=hkm.416A4EAE-4A0B-43FF-B37C-EA9D95575934&index=0&size=large'],"[{'name': 'Wirkkala, Tapio', 'role': 'muotoilija', 'id': 'https://isni.org/isni/0000000081685144'}, {'name': 'Oy Fiskars Ab', 'role': 'valmistaja', 'id': 'http://urn.fi/URN:NBN:fi:au:finaf:000000591'}]","[['astiat'], ['ruokailuastiat'], ['lautaset'], ['lentomatkustaminen'], ['lentokoneet'], ['turismi'], ['käyttöaika 1970']]",lautanen; lentokoneastia,1970.0,Tapio Wirkkala,35
1094,hkm.441830C0-98F7-408F-9DCC-7EBFFB7A8DB5,['/Cover/Show?source=Solr&id=hkm.441830C0-98F7-408F-9DCC-7EBFFB7A8DB5&index=0&size=large'],"[{'name': 'Wirkkala, Tapio', 'role': 'muotoilija', 'id': 'https://isni.org/isni/0000000081685144'}, {'name': 'Iittala', 'role': 'valmistaja', 'id': 'http://urn.fi/URN:NBN:fi:au:finaf:000037985'}]","[['kattaus'], ['juoma-astiat']]",lasi; valkoviinilasi; Revontuli,1970.0,Tapio Wirkkala,35
1095,hkm.4C68AAB1-1A9F-4813-AD7E-B52C998F4E53,['/Cover/Show?source=Solr&id=hkm.4C68AAB1-1A9F-4813-AD7E-B52C998F4E53&index=0&size=large'],"[{'name': 'Hopeakeskus Oy', 'role': 'valmistaja'}, {'name': 'Wirkkala, Tapio', 'role': 'muotoilija', 'id': 'https://isni.org/isni/0000000081685144'}]","[['ruokailuvälineet'], ['lusikat'], ['ruokailu'], ['lentokoneet'], ['lentomatkustaminen'], ['turismi'], ['käyttöaika - 1970']]",lusikka; kahvilusikka; Caravelle,1970.0,Tapio Wirkkala,35
1096,hkm.5709C0B4-CE45-4457-872D-7D50EEF8875E,['/Cover/Show?source=Solr&id=hkm.5709C0B4-CE45-4457-872D-7D50EEF8875E&index=0&size=large'],"[{'name': 'Wirkkala, Tapio', 'role': 'muotoilija', 'id': 'https://isni.org/isni/0000000081685144'}, {'name': 'Iittala', 'role': 'valmistaja', 'id': 'http://urn.fi/URN:NBN:fi:au:finaf:000037985'}]","[['kattaus'], ['juoma-astiat']]",lasi; punaviinilasi; Ultima Thule,1970.0,Tapio Wirkkala,35
1097,hkm.6831EF7F-F93D-48F1-8642-46F533624873,['/Cover/Show?source=Solr&id=hkm.6831EF7F-F93D-48F1-8642-46F533624873&index=0&size=large'],"[{'name': 'Wirkkala, Tapio', 'role': 'muotoilija', 'id': 'https://isni.org/isni/0000000081685144'}, {'name': 'Oy Fiskars Ab', 'role': 'valmistaja', 'id': 'http://urn.fi/URN:NBN:fi:au:finaf:000000591'}]","[['astiat'], ['juoma-astiat'], ['kupit'], ['lentomatkustaminen'], ['lentokoneet'], ['turismi'], ['käyttöaika 1970']]",kuppi; lentokoneastia,1970.0,Tapio Wirkkala,35
1098,hkm.783174EB-833B-4C67-B0B6-AB88C78D139C,['/Cover/Show?source=Solr&id=hkm.783174EB-833B-4C67-B0B6-AB88C78D139C&index=0&size=large'],"[{'name': 'Thomas, F.', 'role': 'valmistaja'}, {'name': 'Wirkkala, Tapio', 'role': 'muotoilija', 'id': 'https://isni.org/isni/0000000081685144'}]","[['kattaus'], ['astiat'], ['lentokoneet'], ['lentäminen'], ['ateriapalvelut'], ['käyttöaika 1970 -']]",lautanen,1970.0,Tapio Wirkkala,35
1099,hkm.957276E0-6B8B-479F-B73F-70742C8D302F,['/Cover/Show?source=Solr&id=hkm.957276E0-6B8B-479F-B73F-70742C8D302F&index=0&size=large'],"[{'name': 'Wirkkala, Tapio', 'role': 'muotoilija', 'id': 'https://isni.org/isni/0000000081685144'}, {'name': 'Oy Fiskars Ab', 'role': 'valmistaja', 'id': 'http://urn.fi/URN:NBN:fi:au:finaf:000000591'}]","[['astiat'], ['ruokailuastiat'], ['lautaset'], ['lentomatkustaminen'], ['lentokoneet'], ['turismi'], ['käyttöaika 1970 -']]",lautanen; lentokoneastia,1970.0,Tapio Wirkkala,35
1100,hkm.9F705F64-EB16-4D11-B618-D10EB7F52FE0,['/Cover/Show?source=Solr&id=hkm.9F705F64-EB16-4D11-B618-D10EB7F52FE0&index=0&size=large'],"[{'name': 'Thomas, F.', 'role': 'valmistaja'}, {'name': 'Wirkkala, Tapio', 'role': 'muotoilija', 'id': 'https://isni.org/isni/0000000081685144'}]","[['kattaus'], ['astiat'], ['juoma-astiat'], ['juomat'], ['kahvi'], ['ateriapalvelut'], ['lentäminen'], ['lentokoneet'], ['käyttöaika 1970 -']]",kuppipari; mokkakuppi ja lautanen,1970.0,Tapio Wirkkala,35
1101,hkm.BFF97B08-E570-4322-9019-3E125CE8EEA8,['/Cover/Show?source=Solr&id=hkm.BFF97B08-E570-4322-9019-3E125CE8EEA8&index=0&size=large'],"[{'name': 'Wirkkala, Tapio', 'role': 'muotoilija', 'id': 'https://isni.org/isni/0000000081685144'}, {'name': 'Oy Fiskars Ab', 'role': 'valmistaja', 'id': 'http://urn.fi/URN:NBN:fi:au:finaf:000000591'}]","[['tarjottimet'], ['ruokailu'], ['lentomatkustaminen'], ['lentokoneet'], ['turismi'], ['käyttöaika - 1970']]",tarjotin,1970.0,Tapio Wirkkala,35
1102,hkm.DD34C17A-FFF3-4587-9E62-3550C088E15C,['/Cover/Show?source=Solr&id=hkm.DD34C17A-FFF3-4587-9E62-3550C088E15C&index=0&size=large'],"[{'name': 'Thomas, F.', 'role': 'valmistaja'}, {'name': 'Wirkkala, Tapio', 'role': 'muotoilija', 'id': 'https://isni.org/isni/0000000081685144'}]","[['kattaus'], ['juoma-astiat'], ['juomat'], ['tee'], ['astiat'], ['lentäminen'], ['lentokoneet'], ['ateriapalvelut'], ['käyttöaika 1970 -']]",kuppipari; teekuppi ja lautanen,1970.0,Tapio Wirkkala,35
1103,hkm.DD373451-117A-496D-85D9-24A9A96DCD5B,['/Cover/Show?source=Solr&id=hkm.DD373451-117A-496D-85D9-24A9A96DCD5B&index=0&size=large'],"[{'name': 'Wirkkala, Tapio', 'role': 'muotoilija', 'id': 'https://isni.org/isni/0000000081685144'}, {'name': 'Oy Fiskars Ab', 'role': 'valmistaja', 'id': 'http://urn.fi/URN:NBN:fi:au:finaf:000000591'}]","[['tarjottimet'], ['ruokailu'], ['lentomatkustaminen'], ['lentokoneet'], ['turismi'], ['käyttöaika - 1970']]",tarjotin,1970.0,Tapio Wirkkala,35
1104,hkm.F4EFE052-5EAE-4BB3-9CD2-EC2FF8A240BB,['/Cover/Show?source=Solr&id=hkm.F4EFE052-5EAE-4BB3-9CD2-EC2FF8A240BB&index=0&size=large'],"[{'name': 'Thomas, F.', 'role': 'valmistaja'}, {'name': 'Wirkkala, Tapio', 'role': 'muotoilija', 'id': 'https://isni.org/isni/0000000081685144'}]","[['kattaus'], ['astiat'], ['ateriapalvelut'], ['lentokoneet'], ['lentäminen'], ['käyttöaika 1970 -']]",kulho; salaattikulho,1970.0,Tapio Wirkkala,35
1105,ksm.162919809070800,['/Cover/Show?source=Solr&id=ksm.162919809070800&index=0&size=large'],"[{'name': 'Tapio Wirkkala', 'role': 'suunnittelija'}, {'name': 'Iittalan Lasitehdas', 'role': 'valmistaja'}]","[['lasi (objekti)'], ['muotoilu'], ['lasitaide'], ['astiat'], ['maljat'], ['kulhot'], ['jälkiruoka-astiat'], ['1980-2013 käyttöaika']]",Iittala Paadar-jälkiruokamalja; malja;astia; jälkiruokakuppi; jälkiruokamalja,1970.0,Tapio Wirkkala,35
1106,kymenlaaksonmuseot.KarhE1373:10,"['/Cover/Show?source=Solr&id=kymenlaaksonmuseot.KarhE1373%3A10&index=0&size=large', '/Cover/Show?source=Solr&id=kymenlaaksonmuseot.KarhE1373%3A10&index=1&size=large', '/Cover/Show?source=Solr&id=kymenlaaksonmuseot.KarhE1373%3A10&index=2&size=large', '/Cover/Show?source=Solr&id=kymenlaaksonmuseot.KarhE1373%3A10&index=3&size=large', '/Cover/Show?source=Solr&id=kymenlaaksonmuseot.KarhE1373%3A10&index=4&size=large', '/Cover/Show?source=Solr&id=kymenlaaksonmuseot.KarhE1373%3A10&index=5&size=large', '/Cover/Show?source=Solr&id=kymenlaaksonmuseot.KarhE1373%3A10&index=6&size=large']","[{'name': 'Karhulan lasitehdas', 'role': 'valmistaja'}, {'name': 'Tapio Wirkkala', 'role': 'suunnittelija'}]","[['viinapullot'], ['votka'], ['274 juomat'], ['huumaavat ja nautintoaineet juomateollisuus'], ['273 juomat'], ['huumaavat ja nautintoaineet Alkoholijuomat'], ['323 perusraaka-aineiden jalostus keramiikka- ja lasiteollisuus']]",viinapullo; Finlandia-vodkapullo,1970.0,Tapio Wirkkala,35
1107,kymenlaaksonmuseot.KarhE1373:11,"['/Cover/Show?source=Solr&id=kymenlaaksonmuseot.KarhE1373%3A11&index=0&size=large', '/Cover/Show?source=Solr&id=kymenlaaksonmuseot.KarhE1373%3A11&index=1&size=large', '/Cover/Show?source=Solr&id=kymenlaaksonmuseot.KarhE1373%3A11&index=2&size=large', '/Cover/Show?source=Solr&id=kymenlaaksonmuseot.KarhE1373%3A11&index=3&size=large', '/Cover/Show?source=Solr&id=kymenlaaksonmuseot.KarhE1373%3A11&index=4&size=large', '/Cover/Show?source=Solr&id=kymenlaaksonmuseot.KarhE1373%3A11&index=5&size=large', '/Cover/Show?source=Solr&id=kymenlaaksonmuseot.KarhE1373%3A11&index=6&size=large']","[{'name': 'Tapio Wirkkala', 'role': 'suunnittelija'}, {'name': 'Karhulan lasitehdas', 'role': 'valmistaja'}]","[['viinapullot'], ['votka'], ['323 perusraaka-aineiden jalostus keramiikka- ja lasiteollisuus'], ['274 juomat'], ['huumaavat ja nautintoaineet juomateollisuus'], ['273 juomat'], ['huumaavat ja nautintoaineet Alkoholijuomat']]",viinapullo; Finlandia-vodkapullo,1970.0,Tapio Wirkkala,35
1108,kymenlaaksonmuseot.KarhE1373:13,"['/Cover/Show?source=Solr&id=kymenlaaksonmuseot.KarhE1373%3A13&index=0&size=large', '/Cover/Show?source=Solr&id=kymenlaaksonmuseot.KarhE1373%3A13&index=1&size=large', '/Cover/Show?source=Solr&id=kymenlaaksonmuseot.KarhE1373%3A13&index=2&size=large', '/Cover/Show?source=Solr&id=kymenlaaksonmuseot.KarhE1373%3A13&index=3&size=large', '/Cover/Show?source=Solr&id=kymenlaaksonmuseot.KarhE1373%3A13&index=4&size=large', '/Cover/Show?source=Solr&id=kymenlaaksonmuseot.KarhE1373%3A13&index=5&size=large', '/Cover/Show?source=Solr&id=kymenlaaksonmuseot.KarhE1373%3A13&index=6&size=large', '/Cover/Show?source=Solr&id=kymenlaaksonmuseot.KarhE1373%3A13&index=7&size=large', '/Cover/Show?source=Solr&id=kymenlaaksonmuseot.KarhE1373%3A13&index=8&size=large']","[{'name': 'Karhulan lasitehdas', 'role': 'valmistaja'}, {'name': 'Tapio Wirkkala', 'role': 'suunnittelija'}]","[['viinapullot'], ['votka'], ['274 juomat'], ['huumaavat ja nautintoaineet juomateollisuus'], ['323 perusraaka-aineiden jalostus keramiikka- ja lasiteollisuus'], ['273 juomat'], ['huumaavat ja nautintoaineet Alkoholijuomat']]",viinapullo; Finlandia-vodkapullo,1970.0,Tapio Wirkkala,35
1109,kymenlaaksonmuseot.KarhE1373:14,"['/Cover/Show?source=Solr&id=kymenlaaksonmuseot.KarhE1373%3A14&index=0&size=large', '/Cover/Show?source=Solr&id=kymenlaaksonmuseot.KarhE1373%3A14&index=1&size=large', '/Cover/Show?source=Solr&id=kymenlaaksonmuseot.KarhE1373%3A14&index=2&size=large', '/Cover/Show?source=Solr&id=kymenlaaksonmuseot.KarhE1373%3A14&index=3&size=large', '/Cover/Show?source=Solr&id=kymenlaaksonmuseot.KarhE1373%3A14&index=4&size=large', '/Cover/Show?source=Solr&id=kymenlaaksonmuseot.KarhE1373%3A14&index=5&size=large', '/Cover/Show?source=Solr&id=kymenlaaksonmuseot.KarhE1373%3A14&index=6&size=large', '/Cover/Show?source=Solr&id=kymenlaaksonmuseot.KarhE1373%3A14&index=7&size=large', '/Cover/Show?source=Solr&id=kymenlaaksonmuseot.KarhE1373%3A14&index=8&size=large', '/Cover/Show?source=Solr&id=kymenlaaksonmuseot.KarhE1373%3A14&index=9&size=large', '/Cover/Show?source=Solr&id=kymenlaaksonmuseot.KarhE1373%3A14&index=10&size=large']","[{'name': 'Karhulan lasitehdas', 'role': 'valmistaja'}, {'name': 'Tapio Wirkkala', 'role': 'suunnittelija'}]","[['viinapullot'], ['votka'], ['273 juomat'], ['huumaavat ja nautintoaineet Alkoholijuomat'], ['274 juomat'], ['huumaavat ja nautintoaineet juomateollisuus'], ['323 perusraaka-aineiden jalostus keramiikka- ja lasiteollisuus']]",viinapullo; Finlandia-vodkapullo,1970.0,Tapio Wirkkala,35
1110,kymenlaaksonmuseot.KarhE1373:15,"['/Cover/Show?source=Solr&id=kymenlaaksonmuseot.KarhE1373%3A15&index=0&size=large', '/Cover/Show?source=Solr&id=kymenlaaksonmuseot.KarhE1373%3A15&index=1&size=large', '/Cover/Show?source=Solr&id=kymenlaaksonmuseot.KarhE1373%3A15&index=2&size=large', '/Cover/Show?source=Solr&id=kymenlaaksonmuseot.KarhE1373%3A15&index=3&size=large', '/Cover/Show?source=Solr&id=kymenlaaksonmuseot.KarhE1373%3A15&index=4&size=large', '/Cover/Show?source=Solr&id=kymenlaaksonmuseot.KarhE1373%3A15&index=5&size=large', '/Cover/Show?source=Solr&id=kymenlaaksonmuseot.KarhE1373%3A15&index=6&size=large', '/Cover/Show?source=Solr&id=kymenlaaksonmuseot.KarhE1373%3A15&index=7&size=large', '/Cover/Show?source=Solr&id=kymenlaaksonmuseot.KarhE1373%3A15&index=8&size=large']","[{'name': 'Karhulan lasitehdas', 'role': 'valmistaja'}, {'name': 'Tapio Wirkkala', 'role': 'suunnittelija'}]","[['viinapullot'], ['votka'], ['323 perusraaka-aineiden jalostus keramiikka- ja lasiteollisuus'], ['274 juomat'], ['huumaavat ja nautintoaineet juomateollisuus'], ['273 juomat'], ['huumaavat ja nautintoaineet Alkoholijuomat']]",viinapullo; Finlandia-vodkapullo,1970.0,Tapio Wirkkala,35
1111,kymenlaaksonmuseot.KarhE1373:16,"['/Cover/Show?source=Solr&id=kymenlaaksonmuseot.KarhE1373%3A16&index=0&size=large', '/Cover/Show?source=Solr&id=kymenlaaksonmuseot.KarhE1373%3A16&index=1&size=large', '/Cover/Show?source=Solr&id=kymenlaaksonmuseot.KarhE1373%3A16&index=2&size=large', '/Cover/Show?source=Solr&id=kymenlaaksonmuseot.KarhE1373%3A16&index=3&size=large', '/Cover/Show?source=Solr&id=kymenlaaksonmuseot.KarhE1373%3A16&index=4&size=large', '/Cover/Show?source=Solr&id=kymenlaaksonmuseot.KarhE1373%3A16&index=5&size=large', '/Cover/Show?source=Solr&id=kymenlaaksonmuseot.KarhE1373%3A16&index=6&size=large']","[{'name': 'Tapio Wirkkala', 'role': 'suunnittelija'}, {'name': 'Karhulan lasitehdas', 'role': 'valmistaja'}]","[['viinapullot'], ['votka'], ['273 juomat'], ['huumaavat ja nautintoaineet Alkoholijuomat'], ['274 juomat'], ['huumaavat ja nautintoaineet juomateollisuus'], ['323 perusraaka-aineiden jalostus keramiikka- ja lasiteollisuus']]",viinapullo; Finlandia-vodkapullo,1970.0,Tapio Wirkkala,35
1112,kymenlaaksonmuseot.KarhE1373:3,"['/Cover/Show?source=Solr&id=kymenlaaksonmuseot.KarhE1373%3A3&index=0&size=large', '/Cover/Show?source=Solr&id=kymenlaaksonmuseot.KarhE1373%3A3&index=1&size=large', '/Cover/Show?source=Solr&id=kymenlaaksonmuseot.KarhE1373%3A3&index=2&size=large', '/Cover/Show?source=Solr&id=kymenlaaksonmuseot.KarhE1373%3A3&index=3&size=large', '/Cover/Show?source=Solr&id=kymenlaaksonmuseot.KarhE1373%3A3&index=4&size=large', '/Cover/Show?source=Solr&id=kymenlaaksonmuseot.KarhE1373%3A3&index=5&size=large', '/Cover/Show?source=Solr&id=kymenlaaksonmuseot.KarhE1373%3A3&index=6&size=large']","[{'name': 'Karhulan lasitehdas', 'role': 'valmistaja'}, {'name': 'Tapio Wirkkala', 'role': 'suunnittelija'}]","[['votka'], ['viinapullot'], ['273 juomat'], ['huumaavat ja nautintoaineet Alkoholijuomat'], ['323 perusraaka-aineiden jalostus keramiikka- ja lasiteollisuus'], ['274 juomat'], ['huumaavat ja nautintoaineet juomateollisuus']]",viinapullo; Finlandia-vodkapullo,1970.0,Tapio Wirkkala,35
1113,kymenlaaksonmuseot.KarhE1373:6,"['/Cover/Show?source=Solr&id=kymenlaaksonmuseot.KarhE1373%3A6&index=0&size=large', '/Cover/Show?source=Solr&id=kymenlaaksonmuseot.KarhE1373%3A6&index=1&size=large', '/Cover/Show?source=Solr&id=kymenlaaksonmuseot.KarhE1373%3A6&index=2&size=large', '/Cover/Show?source=Solr&id=kymenlaaksonmuseot.KarhE1373%3A6&index=3&size=large', '/Cover/Show?source=Solr&id=kymenlaaksonmuseot.KarhE1373%3A6&index=4&size=large', '/Cover/Show?source=Solr&id=kymenlaaksonmuseot.KarhE1373%3A6&index=5&size=large', '/Cover/Show?source=Solr&id=kymenlaaksonmuseot.KarhE1373%3A6&index=6&size=large']","[{'name': 'Karhulan lasitehdas', 'role': 'valmistaja'}, {'name': 'Tapio Wirkkala', 'role': 'suunnittelija'}]","[['viinapullot'], ['votka'], ['274 juomat'], ['huumaavat ja nautintoaineet juomateollisuus'], ['273 juomat'], ['huumaavat ja nautintoaineet Alkoholijuomat'], ['323 perusraaka-aineiden jalostus keramiikka- ja lasiteollisuus']]",viinapullo; Finlandia-vodkapullo,1970.0,Tapio Wirkkala,35
1114,kymenlaaksonmuseot.KarhE1373:7,"['/Cover/Show?source=Solr&id=kymenlaaksonmuseot.KarhE1373%3A7&index=0&size=large', '/Cover/Show?source=Solr&id=kymenlaaksonmuseot.KarhE1373%3A7&index=1&size=large', '/Cover/Show?source=Solr&id=kymenlaaksonmuseot.KarhE1373%3A7&index=2&size=large', '/Cover/Show?source=Solr&id=kymenlaaksonmuseot.KarhE1373%3A7&index=3&size=large', '/Cover/Show?source=Solr&id=kymenlaaksonmuseot.KarhE1373%3A7&index=4&size=large', '/Cover/Show?source=Solr&id=kymenlaaksonmuseot.KarhE1373%3A7&index=5&size=large', '/Cover/Show?source=Solr&id=kymenlaaksonmuseot.KarhE1373%3A7&index=6&size=large']","[{'name': 'Karhulan lasitehdas', 'role': 'valmistaja'}, {'name': 'Tapio Wirkkala', 'role': 'suunnittelija'}]","[['viinapullot'], ['votka'], ['273 juomat'], ['huumaavat ja nautintoaineet Alkoholijuomat'], ['323 perusraaka-aineiden jalostus keramiikka- ja lasiteollisuus'], ['274 juomat'], ['huumaavat ja nautintoaineet juomateollisuus']]",viinapullo; Finlandia-vodkapullo,1970.0,Tapio Wirkkala,35
1115,kymenlaaksonmuseot.KarhE1373:8,"['/Cover/Show?source=Solr&id=kymenlaaksonmuseot.KarhE1373%3A8&index=0&size=large', '/Cover/Show?source=Solr&id=kymenlaaksonmuseot.KarhE1373%3A8&index=1&size=large', '/Cover/Show?source=Solr&id=kymenlaaksonmuseot.KarhE1373%3A8&index=2&size=large', '/Cover/Show?source=Solr&id=kymenlaaksonmuseot.KarhE1373%3A8&index=3&size=large', '/Cover/Show?source=Solr&id=kymenlaaksonmuseot.KarhE1373%3A8&index=4&size=large', '/Cover/Show?source=Solr&id=kymenlaaksonmuseot.KarhE1373%3A8&index=5&size=large', '/Cover/Show?source=Solr&id=kymenlaaksonmuseot.KarhE1373%3A8&index=6&size=large', '/Cover/Show?source=Solr&id=kymenlaaksonmuseot.KarhE1373%3A8&index=7&size=large']","[{'name': 'Karhulan lasitehdas', 'role': 'valmistaja'}, {'name': 'Tapio Wirkkala', 'role': 'suunnittelija'}]","[['votka'], ['viinapullot'], ['273 juomat'], ['huumaavat ja nautintoaineet Alkoholijuomat'], ['274 juomat'], ['huumaavat ja nautintoaineet juomateollisuus'], ['323 perusraaka-aineiden jalostus keramiikka- ja lasiteollisuus']]",viinapullo; Finlandia-vodkapullo,1970.0,Tapio Wirkkala,35
1116,urheilumuseo.167078292883000,"['/Cover/Show?source=Solr&id=urheilumuseo.167078292883000&index=0&size=large', '/Cover/Show?source=Solr&id=urheilumuseo.167078292883000&index=1&size=large', '/Cover/Show?source=Solr&id=urheilumuseo.167078292883000&index=2&size=large', '/Cover/Show?source=Solr&id=urheilumuseo.167078292883000&index=3&size=large']","[{'name': 'Tapio Wirkkala', 'role': 'suunnittelija'}, {'name': 'Kultakeskus Oy', 'role': 'valmistaja'}]","[['mailapelit'], ['pallopelit'], ['pöytätennis'], ['palkinnot'], ['Sonja Grefberg'], ['käyttöaika\n\t\t\t\t\t\t\n\t\t\t\t\t\t1976\n\t\t\t\t\t\t -  1983']]",palkintomalja; kiertopalkinto; pöytätenniksen Pekeman-kiertopalkinto,1970.0,Tapio Wirkkala,35
1117,museovirasto.2FF7482E1407A5C810BB6643025052D5,"['/Cover/Show?source=Solr&id=museovirasto.2FF7482E1407A5C810BB6643025052D5&index=0&size=large', '/Cover/Show?source=Solr&id=museovirasto.2FF7482E1407A5C810BB6643025052D5&index=1&size=large']","[{'name': 'Wirkkala, Tapio', 'role': 'suunnittelija'}, {'name': 'Westerback, Nils', 'role': 'valmistaja'}]","[['korut'], ['kaulakorut'], ['riipukset']]",kaulakoru; Hopeakuu,1971.0,Tapio Wirkkala,35
1118,museovirasto.C615471388E2935F9A07EB1DF200791F,"['/Cover/Show?source=Solr&id=museovirasto.C615471388E2935F9A07EB1DF200791F&index=0&size=large', '/Cover/Show?source=Solr&id=museovirasto.C615471388E2935F9A07EB1DF200791F&index=1&size=large', '/Cover/Show?source=Solr&id=museovirasto.C615471388E2935F9A07EB1DF200791F&index=2&size=large', '/Cover/Show?source=Solr&id=museovirasto.C615471388E2935F9A07EB1DF200791F&index=3&size=large']","[{'name': 'Hackman', 'role': 'valmistaja'}, {'name': 'Wirkkala, Tapio', 'role': 'suunnittelija'}]","[['puukot'], ['teräaseet'], ['työkalut'], ['veitset'], ['tupet']]",puukko; tuppi; Wirkkala-puukko,1971.0,Tapio Wirkkala,35
1119,kymenlaaksonmuseot.KarhE1348:1,"['/Cover/Show?source=Solr&id=kymenlaaksonmuseot.KarhE1348%3A1&index=0&size=large', '/Cover/Show?source=Solr&id=kymenlaaksonmuseot.KarhE1348%3A1&index=1&size=large', '/Cover/Show?source=Solr&id=kymenlaaksonmuseot.KarhE1348%3A1&index=2&size=large', '/Cover/Show?source=Solr&id=kymenlaaksonmuseot.KarhE1348%3A1&index=3&size=large', '/Cover/Show?source=Solr&id=kymenlaaksonmuseot.KarhE1348%3A1&index=4&size=large', '/Cover/Show?source=Solr&id=kymenlaaksonmuseot.KarhE1348%3A1&index=5&size=large', '/Cover/Show?source=Solr&id=kymenlaaksonmuseot.KarhE1348%3A1&index=6&size=large', '/Cover/Show?source=Solr&id=kymenlaaksonmuseot.KarhE1348%3A1&index=7&size=large', '/Cover/Show?source=Solr&id=kymenlaaksonmuseot.KarhE1348%3A1&index=8&size=large', '/Cover/Show?source=Solr&id=kymenlaaksonmuseot.KarhE1348%3A1&index=9&size=large', '/Cover/Show?source=Solr&id=kymenlaaksonmuseot.KarhE1348%3A1&index=10&size=large', '/Cover/Show?source=Solr&id=kymenlaaksonmuseot.KarhE1348%3A1&index=11&size=large']","[{'name': 'Karhulan lasitehdas', 'role': 'valmistaja'}, {'name': 'Tapio Wirkkala', 'role': 'suunnittelija'}]","[['likööri'], ['pullot'], ['323 perusraaka-aineiden jalostus keramiikka- ja lasiteollisuus'], ['273 juomat'], ['huumaavat ja nautintoaineet Alkoholijuomat'], ['274 juomat'], ['huumaavat ja nautintoaineet juomateollisuus']]",Marlin likööripullo; likööripullo,1972.0,Tapio Wirkkala,35
1120,kymenlaaksonmuseot.KarhE1348:2,"['/Cover/Show?source=Solr&id=kymenlaaksonmuseot.KarhE1348%3A2&index=0&size=large', '/Cover/Show?source=Solr&id=kymenlaaksonmuseot.KarhE1348%3A2&index=1&size=large', '/Cover/Show?source=Solr&id=kymenlaaksonmuseot.KarhE1348%3A2&index=2&size=large', '/Cover/Show?source=Solr&id=kymenlaaksonmuseot.KarhE1348%3A2&index=3&size=large', '/Cover/Show?source=Solr&id=kymenlaaksonmuseot.KarhE1348%3A2&index=4&size=large', '/Cover/Show?source=Solr&id=kymenlaaksonmuseot.KarhE1348%3A2&index=5&size=large']","[{'name': 'Tapio Wirkkala', 'role': 'suunnittelija'}, {'name': 'Karhulan lasitehdas', 'role': 'valmistaja'}]","[['likööri'], ['pullot'], ['273 juomat'], ['huumaavat ja nautintoaineet Alkoholijuomat'], ['323 perusraaka-aineiden jalostus keramiikka- ja lasiteollisuus'], ['274 juomat'], ['huumaavat ja nautintoaineet juomateollisuus']]",Marlin likööripullo; likööripullo,1972.0,Tapio Wirkkala,35
1121,metsastysmuseo.knp-40618,"['/Cover/Show?source=Solr&id=metsastysmuseo.knp-40618&index=0&size=large', '/Cover/Show?source=Solr&id=metsastysmuseo.knp-40618&index=1&size=large']","[{'name': 'Tapio Wirkkala / Hackman Sorsakosken tehdas', 'role': 'Valmistaja'}]","[['Tapio Wirkkala'], ['puukot'], ['Olavi Jaakkolan kokoelma'], ['kylmät teräaseet'], ['Hackman'], ['1973Hausjärvi']]",Puukko; Vuolupuukko,1973.0,Tapio Wirkkala,35
1122,hkm.2FA56756-F30F-4012-8F49-FEAA1427F273,['/Cover/Show?source=Solr&id=hkm.2FA56756-F30F-4012-8F49-FEAA1427F273&index=0&size=large'],"[{'name': 'Wirkkala, Tapio', 'role': 'muotoilija', 'id': 'https://isni.org/isni/0000000081685144'}]","[['astiat'], ['tuhkakupit'], ['tupakointi'], ['nautintoaineet'], ['tupakka'], ['tuhka'], ['käyttölasi'], ['lasiteollisuus'], ['sisustus'], ['kodinsisustus'], ['taideteollisuus'], ['lahjat'], ['prototyypit'], ['mallikappaleet'], ['pakkaukset'], ['rasiat'], ['laatikot'], ['Helsinki']]",tuhkakuppi; Eteläsatama 1800-luvulla,1974.0,Tapio Wirkkala,35
1123,kymenlaaksonmuseot.KarhE1373:5,"['/Cover/Show?source=Solr&id=kymenlaaksonmuseot.KarhE1373%3A5&index=0&size=large', '/Cover/Show?source=Solr&id=kymenlaaksonmuseot.KarhE1373%3A5&index=1&size=large', '/Cover/Show?source=Solr&id=kymenlaaksonmuseot.KarhE1373%3A5&index=2&size=large', '/Cover/Show?source=Solr&id=kymenlaaksonmuseot.KarhE1373%3A5&index=3&size=large', '/Cover/Show?source=Solr&id=kymenlaaksonmuseot.KarhE1373%3A5&index=4&size=large', '/Cover/Show?source=Solr&id=kymenlaaksonmuseot.KarhE1373%3A5&index=5&size=large', '/Cover/Show?source=Solr&id=kymenlaaksonmuseot.KarhE1373%3A5&index=6&size=large']","[{'name': 'Tapio Wirkkala', 'role': 'suunnittelija'}, {'name': 'Karhulan lasitehdas', 'role': 'valmistaja'}]","[['viinapullot'], ['votka'], ['274 juomat'], ['huumaavat ja nautintoaineet juomateollisuus'], ['323 perusraaka-aineiden jalostus keramiikka- ja lasiteollisuus'], ['273 juomat'], ['huumaavat ja nautintoaineet Alkoholijuomat']]",viinapullo; Finlandia-vodkapullo,1974.0,Tapio Wirkkala,35
1124,ksm.158470038759600,['/Cover/Show?source=Solr&id=ksm.158470038759600&index=0&size=large'],"[{'name': 'Tapio Wirkkala'}, {'name': 'Iittalan Lasitehdas'}]","[['maljakot'], ['lasimaljakot'], ['koristemaljakot'], ['muotoilu'], ['1975-1980 käyttöaika']]",Iittala Arnica maljakko; maljakko; kukkamaljakko; lasimaljakko,1975.0,Tapio Wirkkala,35
1125,kymenlaaksonmuseot.KarhE1373:2,"['/Cover/Show?source=Solr&id=kymenlaaksonmuseot.KarhE1373%3A2&index=0&size=large', '/Cover/Show?source=Solr&id=kymenlaaksonmuseot.KarhE1373%3A2&index=1&size=large', '/Cover/Show?source=Solr&id=kymenlaaksonmuseot.KarhE1373%3A2&index=2&size=large', '/Cover/Show?source=Solr&id=kymenlaaksonmuseot.KarhE1373%3A2&index=3&size=large', '/Cover/Show?source=Solr&id=kymenlaaksonmuseot.KarhE1373%3A2&index=4&size=large', '/Cover/Show?source=Solr&id=kymenlaaksonmuseot.KarhE1373%3A2&index=5&size=large', '/Cover/Show?source=Solr&id=kymenlaaksonmuseot.KarhE1373%3A2&index=6&size=large']","[{'name': 'Tapio Wirkkala', 'role': 'suunnittelija'}, {'name': 'Karhulan lasitehdas', 'role': 'valmistaja'}]","[['viinapullot'], ['votka'], ['274 juomat'], ['huumaavat ja nautintoaineet juomateollisuus'], ['323 perusraaka-aineiden jalostus keramiikka- ja lasiteollisuus'], ['273 juomat'], ['huumaavat ja nautintoaineet Alkoholijuomat']]",viinapullo; Finlandia-vodkapullo,1975.0,Tapio Wirkkala,35
1126,museovirasto.342e883f-716a-4f12-a1da-73756cd7c865,"['/Cover/Show?source=Solr&id=museovirasto.342e883f-716a-4f12-a1da-73756cd7c865&index=0&size=large', '/Cover/Show?source=Solr&id=museovirasto.342e883f-716a-4f12-a1da-73756cd7c865&index=1&size=large']","[{'name': 'Suomen Pankki', 'role': 'valmistuttaja'}, {'name': 'Suomen Pankin setelipaino', 'role': 'valmistaja'}, {'name': 'Wirkkala, Tapio', 'role': 'suunnittelija'}]",[['setelirahat']],100 markkaa; Raha; seteli,1976.0,Tapio Wirkkala,35
1127,ksm.162929053687500,['/Cover/Show?source=Solr&id=ksm.162929053687500&index=0&size=large'],"[{'name': 'Tapio Wirkkala', 'role': 'suunnittelija'}, {'name': 'Iittalan Lasitehdas', 'role': 'valmistaja'}]","[['lasi (objekti)'], ['lasiesineet'], ['tuhkakupit'], ['keraamiset astiat'], ['1980-2013 käyttöaika']]",Iittala Seita tuhka-astia; tuhka-astia; tarjoiluastia; tuhkakuppi,1977.0,Tapio Wirkkala,35
1128,heinolanmuseo.hkm-97720,['/Cover/Show?source=Solr&id=heinolanmuseo.hkm-97720&index=0&size=large'],"[{'name': 'Wirkkala Tapio', 'role': 'Suunnittelija'}, {'name': 'Iittala', 'role': 'Valmistaja'}]","[['ruokailuastiat'], ['lasiesineet'], ['lautaset (astiat)']]",lautanen; Ultima Thule 2232,1978.0,Tapio Wirkkala,35
1129,kymenlaaksonmuseot.KarhE1375:1,"['/Cover/Show?source=Solr&id=kymenlaaksonmuseot.KarhE1375%3A1&index=0&size=large', '/Cover/Show?source=Solr&id=kymenlaaksonmuseot.KarhE1375%3A1&index=1&size=large', '/Cover/Show?source=Solr&id=kymenlaaksonmuseot.KarhE1375%3A1&index=2&size=large', '/Cover/Show?source=Solr&id=kymenlaaksonmuseot.KarhE1375%3A1&index=3&size=large', '/Cover/Show?source=Solr&id=kymenlaaksonmuseot.KarhE1375%3A1&index=4&size=large', '/Cover/Show?source=Solr&id=kymenlaaksonmuseot.KarhE1375%3A1&index=5&size=large', '/Cover/Show?source=Solr&id=kymenlaaksonmuseot.KarhE1375%3A1&index=6&size=large', '/Cover/Show?source=Solr&id=kymenlaaksonmuseot.KarhE1375%3A1&index=7&size=large', '/Cover/Show?source=Solr&id=kymenlaaksonmuseot.KarhE1375%3A1&index=8&size=large', '/Cover/Show?source=Solr&id=kymenlaaksonmuseot.KarhE1375%3A1&index=9&size=large', '/Cover/Show?source=Solr&id=kymenlaaksonmuseot.KarhE1375%3A1&index=10&size=large']","[{'name': 'Tapio Wirkkala', 'role': 'suunnittelija'}, {'name': 'Karhulan lasitehdas', 'role': 'valmistaja'}]","[['votka'], ['viinapullot'], ['274 juomat'], ['huumaavat ja nautintoaineet juomateollisuus'], ['273 juomat'], ['huumaavat ja nautintoaineet Alkoholijuomat'], ['323 perusraaka-aineiden jalostus keramiikka- ja lasiteollisuus']]",viinapullo; Finlandia-vodkapullo taskumatti,1978.0,Tapio Wirkkala,35
1130,kymenlaaksonmuseot.KarhE1375:2,"['/Cover/Show?source=Solr&id=kymenlaaksonmuseot.KarhE1375%3A2&index=0&size=large', '/Cover/Show?source=Solr&id=kymenlaaksonmuseot.KarhE1375%3A2&index=1&size=large', '/Cover/Show?source=Solr&id=kymenlaaksonmuseot.KarhE1375%3A2&index=2&size=large', '/Cover/Show?source=Solr&id=kymenlaaksonmuseot.KarhE1375%3A2&index=3&size=large', '/Cover/Show?source=Solr&id=kymenlaaksonmuseot.KarhE1375%3A2&index=4&size=large', '/Cover/Show?source=Solr&id=kymenlaaksonmuseot.KarhE1375%3A2&index=5&size=large', '/Cover/Show?source=Solr&id=kymenlaaksonmuseot.KarhE1375%3A2&index=6&size=large', '/Cover/Show?source=Solr&id=kymenlaaksonmuseot.KarhE1375%3A2&index=7&size=large', '/Cover/Show?source=Solr&id=kymenlaaksonmuseot.KarhE1375%3A2&index=8&size=large', '/Cover/Show?source=Solr&id=kymenlaaksonmuseot.KarhE1375%3A2&index=9&size=large', '/Cover/Show?source=Solr&id=kymenlaaksonmuseot.KarhE1375%3A2&index=10&size=large', '/Cover/Show?source=Solr&id=kymenlaaksonmuseot.KarhE1375%3A2&index=11&size=large']","[{'name': 'Karhulan lasitehdas', 'role': 'valmistaja'}, {'name': 'Tapio Wirkkala', 'role': 'suunnittelija'}]","[['viinapullot'], ['votka'], ['323 perusraaka-aineiden jalostus keramiikka- ja lasiteollisuus'], ['273 juomat'], ['huumaavat ja nautintoaineet Alkoholijuomat'], ['274 juomat'], ['huumaavat ja nautintoaineet juomateollisuus']]",viinapullo; Finlandia-vodkapullo taskumatti,1978.0,Tapio Wirkkala,35
1131,heinolanmuseo.hkm-97718,['/Cover/Show?source=Solr&id=heinolanmuseo.hkm-97718&index=0&size=large'],"[{'name': 'Wirkkala Tapio', 'role': 'Suunnittelija'}, {'name': 'Iittala', 'role': 'Valmistaja'}]","[['jälkiruoka-astiat'], ['maljat'], ['kulhot']]",kulho; Ultima Thule,1979.0,Tapio Wirkkala,35
1132,hkm.415EF776-01CF-4C5B-9F49-1D26889223E0,['/Cover/Show?source=Solr&id=hkm.415EF776-01CF-4C5B-9F49-1D26889223E0&index=0&size=large'],"[{'name': 'Oy Alko Ab', 'role': 'valmistaja'}, {'name': 'Wirkkala, Tapio', 'role': 'muotoilija', 'id': 'https://isni.org/isni/0000000081685144'}, {'name': 'Karhula Oy / Karhulan lasitehdas', 'role': 'valmistaja', 'id': 'http://urn.fi/URN:NBN:fi:au:finaf:000023279'}]","[['säilyttimet'], ['pullot'], ['nautintoaineet'], ['alkoholi'], ['viinat'], ['votka'], ['tuotepakkaus'], ['etiketit'], ['muotoilijat']]",pullo; Finlandia - Vodka of Finland; tuotepakkaus,1980.0,Tapio Wirkkala,35
1133,museovirasto.5568f8c5-87d3-480d-98b0-a08f47acc1da,"['/Cover/Show?source=Solr&id=museovirasto.5568f8c5-87d3-480d-98b0-a08f47acc1da&index=0&size=large', '/Cover/Show?source=Solr&id=museovirasto.5568f8c5-87d3-480d-98b0-a08f47acc1da&index=1&size=large']","[{'name': 'Suomen Pankki', 'role': 'valmistuttaja'}, {'name': 'Suomen Pankin setelipaino', 'role': 'valmistaja'}, {'name': 'Wirkkala, Tapio', 'role': 'suunnittelija'}]","[['setelirahat'], ['Paasikivi, Juho Kusti']]",10 markkaa; Raha; seteli,1980.0,Tapio Wirkkala,35
1134,museovirasto.c2f44aa8-87a0-4ab4-8e07-edb8834a5437,"['/Cover/Show?source=Solr&id=museovirasto.c2f44aa8-87a0-4ab4-8e07-edb8834a5437&index=0&size=large', '/Cover/Show?source=Solr&id=museovirasto.c2f44aa8-87a0-4ab4-8e07-edb8834a5437&index=1&size=large']","[{'name': 'Suomen Pankki', 'role': 'valmistuttaja'}, {'name': 'Suomen Pankin setelipaino', 'role': 'valmistaja'}, {'name': 'Wirkkala, Tapio', 'role': 'suunnittelija'}]","[['setelirahat'], ['Paasikivi, Juho Kusti']]",10 markkaa; Raha; seteli,1980.0,Tapio Wirkkala,35
1135,hkm.71ADCCEF-0C50-470A-864D-B9F3E796AB78,['/Cover/Show?source=Solr&id=hkm.71ADCCEF-0C50-470A-864D-B9F3E796AB78&index=0&size=large'],"[{'name': 'Oy Alko Ab', 'role': 'valmistaja'}, {'name': 'Wirkkala, Tapio', 'role': 'muotoilija', 'id': 'https://isni.org/isni/0000000081685144'}]","[['säilyttimet'], ['pullot'], ['nautintoaineet'], ['alkoholi'], ['viinat'], ['tuotepakkaus'], ['etiketit']]",pullo; Koskenkorvan Viina; tuotepakkaus,1981.0,Tapio Wirkkala,35
1136,kymenlaaksonmuseot.KarhE1373:12,"['/Cover/Show?source=Solr&id=kymenlaaksonmuseot.KarhE1373%3A12&index=0&size=large', '/Cover/Show?source=Solr&id=kymenlaaksonmuseot.KarhE1373%3A12&index=1&size=large', '/Cover/Show?source=Solr&id=kymenlaaksonmuseot.KarhE1373%3A12&index=2&size=large', '/Cover/Show?source=Solr&id=kymenlaaksonmuseot.KarhE1373%3A12&index=3&size=large', '/Cover/Show?source=Solr&id=kymenlaaksonmuseot.KarhE1373%3A12&index=4&size=large', '/Cover/Show?source=Solr&id=kymenlaaksonmuseot.KarhE1373%3A12&index=5&size=large', '/Cover/Show?source=Solr&id=kymenlaaksonmuseot.KarhE1373%3A12&index=6&size=large', '/Cover/Show?source=Solr&id=kymenlaaksonmuseot.KarhE1373%3A12&index=7&size=large', '/Cover/Show?source=Solr&id=kymenlaaksonmuseot.KarhE1373%3A12&index=8&size=large', '/Cover/Show?source=Solr&id=kymenlaaksonmuseot.KarhE1373%3A12&index=9&size=large', '/Cover/Show?source=Solr&id=kymenlaaksonmuseot.KarhE1373%3A12&index=10&size=large', '/Cover/Show?source=Solr&id=kymenlaaksonmuseot.KarhE1373%3A12&index=11&size=large', '/Cover/Show?source=Solr&id=kymenlaaksonmuseot.KarhE1373%3A12&index=12&size=large', '/Cover/Show?source=Solr&id=kymenlaaksonmuseot.KarhE1373%3A12&index=13&size=large', '/Cover/Show?source=Solr&id=kymenlaaksonmuseot.KarhE1373%3A12&index=14&size=large']","[{'name': 'Tapio Wirkkala', 'role': 'suunnittelija'}, {'name': 'Karhulan lasitehdas', 'role': 'valmistaja'}]","[['viinapullot'], ['votka'], ['273 juomat'], ['huumaavat ja nautintoaineet Alkoholijuomat'], ['323 perusraaka-aineiden jalostus keramiikka- ja lasiteollisuus'], ['274 juomat'], ['huumaavat ja nautintoaineet juomateollisuus']]",viinapullo; Finlandia-vodkapullo,1981.0,Tapio Wirkkala,35
1137,kymenlaaksonmuseot.KarhE1373:1,"['/Cover/Show?source=Solr&id=kymenlaaksonmuseot.KarhE1373%3A1&index=0&size=large', '/Cover/Show?source=Solr&id=kymenlaaksonmuseot.KarhE1373%3A1&index=1&size=large', '/Cover/Show?source=Solr&id=kymenlaaksonmuseot.KarhE1373%3A1&index=2&size=large', '/Cover/Show?source=Solr&id=kymenlaaksonmuseot.KarhE1373%3A1&index=3&size=large', '/Cover/Show?source=Solr&id=kymenlaaksonmuseot.KarhE1373%3A1&index=4&size=large', '/Cover/Show?source=Solr&id=kymenlaaksonmuseot.KarhE1373%3A1&index=5&size=large', '/Cover/Show?source=Solr&id=kymenlaaksonmuseot.KarhE1373%3A1&index=6&size=large', '/Cover/Show?source=Solr&id=kymenlaaksonmuseot.KarhE1373%3A1&index=7&size=large', '/Cover/Show?source=Solr&id=kymenlaaksonmuseot.KarhE1373%3A1&index=8&size=large', '/Cover/Show?source=Solr&id=kymenlaaksonmuseot.KarhE1373%3A1&index=9&size=large', '/Cover/Show?source=Solr&id=kymenlaaksonmuseot.KarhE1373%3A1&index=10&size=large']","[{'name': 'Karhulan lasitehdas', 'role': 'valmistaja'}, {'name': 'Tapio Wirkkala', 'role': 'suunnittelija'}]","[['viinapullot'], ['votka'], ['323 perusraaka-aineiden jalostus keramiikka- ja lasiteollisuus'], ['274 juomat'], ['huumaavat ja nautintoaineet juomateollisuus'], ['273 juomat'], ['huumaavat ja nautintoaineet Alkoholijuomat']]",viinapullo; Finlandia-vodkapullo,1982.0,Tapio Wirkkala,35
1138,kymenlaaksonmuseot.KarhE1373:9,"['/Cover/Show?source=Solr&id=kymenlaaksonmuseot.KarhE1373%3A9&index=0&size=large', '/Cover/Show?source=Solr&id=kymenlaaksonmuseot.KarhE1373%3A9&index=1&size=large', '/Cover/Show?source=Solr&id=kymenlaaksonmuseot.KarhE1373%3A9&index=2&size=large', '/Cover/Show?source=Solr&id=kymenlaaksonmuseot.KarhE1373%3A9&index=3&size=large', '/Cover/Show?source=Solr&id=kymenlaaksonmuseot.KarhE1373%3A9&index=4&size=large', '/Cover/Show?source=Solr&id=kymenlaaksonmuseot.KarhE1373%3A9&index=5&size=large', '/Cover/Show?source=Solr&id=kymenlaaksonmuseot.KarhE1373%3A9&index=6&size=large', '/Cover/Show?source=Solr&id=kymenlaaksonmuseot.KarhE1373%3A9&index=7&size=large', '/Cover/Show?source=Solr&id=kymenlaaksonmuseot.KarhE1373%3A9&index=8&size=large', '/Cover/Show?source=Solr&id=kymenlaaksonmuseot.KarhE1373%3A9&index=9&size=large', '/Cover/Show?source=Solr&id=kymenlaaksonmuseot.KarhE1373%3A9&index=10&size=large']","[{'name': 'Karhulan lasitehdas', 'role': 'valmistaja'}, {'name': 'Tapio Wirkkala', 'role': 'suunnittelija'}]","[['viinapullot'], ['votka'], ['274 juomat'], ['huumaavat ja nautintoaineet juomateollisuus'], ['273 juomat'], ['huumaavat ja nautintoaineet Alkoholijuomat'], ['323 perusraaka-aineiden jalostus keramiikka- ja lasiteollisuus']]",viinapullo; Finlandia-vodkapullo,1982.0,Tapio Wirkkala,35
1139,heinolanmuseo.hkm-97426,['/Cover/Show?source=Solr&id=heinolanmuseo.hkm-97426&index=0&size=large'],"[{'name': 'Wirkkala Tapio', 'role': 'Suunnittelija'}, {'name': 'Iittala', 'role': 'Valmistaja'}]","[['alkoholijuomat'], ['juomalasit'], ['snapsilasit']]",snapsilasi; Ultima Thule,,Tapio Wirkkala,35
1140,heinolanmuseo.hkm-97709,['/Cover/Show?source=Solr&id=heinolanmuseo.hkm-97709&index=0&size=large'],"[{'name': 'Wirkkala Tapio', 'role': 'Suunnittelija'}, {'name': 'Iittala', 'role': 'Valmistaja'}]","[['alkoholijuomat'], ['snapsilasit'], ['juomalasit']]",ryyppylasi; Vodkalasi 0137/0179,,Tapio Wirkkala,35
1141,heinolanmuseo.hkm-97713,['/Cover/Show?source=Solr&id=heinolanmuseo.hkm-97713&index=0&size=large'],"[{'name': 'Wirkkala Tapio', 'role': 'Suunnittelija'}, {'name': 'Iittala', 'role': 'Valmistaja'}]","[['astiastot'], ['tarjoiluastiat'], ['kaatimet'], ['karahvit']]",karahvi; Ultima Thule 2532,,Tapio Wirkkala,35
1142,heinolanmuseo.hkm-97725,['/Cover/Show?source=Solr&id=heinolanmuseo.hkm-97725&index=0&size=large'],"[{'name': 'Wirkkala Tapio', 'role': 'Suunnittelija'}, {'name': 'Iittala', 'role': 'Valmistaja'}]","[['sisustus'], ['tuhkakupit'], ['maljat']]",tuhkakuppi; Seita,,Tapio Wirkkala,35
1143,heinolanmuseo.hkm-97747,['/Cover/Show?source=Solr&id=heinolanmuseo.hkm-97747&index=0&size=large'],"[{'name': 'Wirkkala Tapio', 'role': 'Suunnittelija'}, {'name': 'Iittala', 'role': 'Valmistaja'}]","[['vaasit'], ['maljakot']]","maljakko; Marmora, 3544",,Tapio Wirkkala,35
1144,lahdenmuseo.lkm-71160,"['/Cover/Show?source=Solr&id=lahdenmuseo.lkm-71160&index=0&size=large', '/Cover/Show?source=Solr&id=lahdenmuseo.lkm-71160&index=1&size=large', '/Cover/Show?source=Solr&id=lahdenmuseo.lkm-71160&index=2&size=large', '/Cover/Show?source=Solr&id=lahdenmuseo.lkm-71160&index=3&size=large']","[{'name': 'Wirkkala Tapio', 'role': 'Suunnittelija'}]","[['Telefunken'], ['Televisiot']]",Televisiovastaanotin; mustavalkotelevisio; Telefunken Asko de Luxe; Telefunken FE 18/53T,,Tapio Wirkkala,35
1145,lappeenrannanmuseot.14595DE3-7AEE-4942-94C7-C176D186EC4B,['/Cover/Show?source=Solr&id=lappeenrannanmuseot.14595DE3-7AEE-4942-94C7-C176D186EC4B&index=0&size=large'],"[{'name': 'Primalco Oy', 'role': 'valmistaja'}, {'name': 'Wirkkala, Tapio', 'role': 'suunnittelija'}]","[['viinapullot'], ['votka'], ['lasipullot'], ['alkoholijuomat'], ['muotoilu'], ['lasi (valoa läpäisemättömät materiaalit, valoa läpäisevät materiaalit)'], ['pullot'], ['muotoilijat'], ['Alko']]",Finlandia Vodka-pullo; Tapio Wirkkalan 1970-luvulla Alkolle suunnittelema pullo,,Tapio Wirkkala,35
1146,loviisakm.af3d2fc0-9453-43d5-8fd4-36aad495b32f,['/Cover/Show?source=Solr&id=loviisakm.af3d2fc0-9453-43d5-8fd4-36aad495b32f&index=0&size=large'],"[{'name': 'A. Ahlström Osakeyhtiö', 'role': 'valmistaja'}, {'name': 'Wirkkala, Tapio', 'role': 'suunnittelija'}]","[['salaatti'], ['ottimet'], ['muovitehtaat'], ['muoviteollisuus'], ['astiat'], ['nailon']]",Muoviset salaattiottimet,,Tapio Wirkkala,35
1147,loviisakm.c5885c95-31ec-4e1f-9ec7-381add0553c5,['/Cover/Show?source=Solr&id=loviisakm.c5885c95-31ec-4e1f-9ec7-381add0553c5&index=0&size=large'],"[{'name': 'A. Ahlström Osakeyhtiö', 'role': 'valmistaja'}, {'name': 'Wirkkala, Tapio', 'role': 'suunnittelija'}]","[['lautaset (astiat)'], ['voi'], ['astiastot'], ['muovi (aine, polymeerit)'], ['kertamuovi'], ['melamiini'], ['muovitehtaat'], ['muoviteollisuus']]",Muovinen voilautanen,,Tapio Wirkkala,35
1148,loviisakm.eb2925f7-5614-48fe-ae69-98297c4dcdc9,"['/Cover/Show?source=Solr&id=loviisakm.eb2925f7-5614-48fe-ae69-98297c4dcdc9&index=0&size=large', '/Cover/Show?source=Solr&id=loviisakm.eb2925f7-5614-48fe-ae69-98297c4dcdc9&index=1&size=large']","[{'name': 'A. Ahlström Osakeyhtiö', 'role': 'valmistaja'}, {'name': 'Wirkkala, Tapio', 'role': 'suunnittelija'}]","[['melamiini'], ['kertamuovi'], ['muovi (aine, polymeerit)'], ['muovitehtaat'], ['muoviteollisuus'], ['jälkiruoka-astiat'], ['jälkiruoat']]",Muovinen jälkiruokamalja,,Tapio Wirkkala,35
1149,varkaudenmuseot.pju-73762,['/Cover/Show?source=Solr&id=varkaudenmuseot.pju-73762&index=0&size=large'],"[{'name': 'Tapio Wirkkala', 'role': 'Valmistaja'}]","[['rintaneulat'], ['marssit'], ['maaottelut']]",Maaottelumarssi-merkki,,Tapio Wirkkala,35
1150,visavuori.pju-75458,['/Cover/Show?source=Solr&id=visavuori.pju-75458&index=0&size=large'],"[{'name': 'wirkkala, tapio', 'role': 'Valmistaja'}]",[],"pullo, Finlandia Vodka",,Tapio Wirkkala,35
1151,ksm.158470346821700,['/Cover/Show?source=Solr&id=ksm.158470346821700&index=0&size=large'],"[{'name': 'Arabia', 'role': 'valmistaja'}, {'name': 'Antti Nurmesniemi', 'role': 'suunnittelija'}]","[['pannut'], ['kahvipannut'], ['Pehroori'], ['Antti Nurmesniemi'], ['kahvinjuonti'], ['1960-1980 käyttöaika']]",Arabian Pehtoori-kahvipannu; pannu; kahvipannu,1950.0,Antti Nurmesniemi,23
1152,tmk.161053143142800,['/Cover/Show?source=Solr&id=tmk.161053143142800&index=0&size=large'],"[{'name': 'Wärtsilä Oy', 'role': 'valmistaja'}, {'name': 'Antti Nurmesniemi', 'role': 'suunnittelija'}]","[['kannut'], ['kahvipannut'], ['pannut'], ['kahvi']]",Pehtoori-pannu; kahvipannu; pannu,1958.0,Antti Nurmesniemi,23
1153,tmk.161053150287400,"['/Cover/Show?source=Solr&id=tmk.161053150287400&index=0&size=large', '/Cover/Show?source=Solr&id=tmk.161053150287400&index=1&size=large', '/Cover/Show?source=Solr&id=tmk.161053150287400&index=2&size=large']","[{'name': 'Wärtsilä Oy', 'role': 'valmistaja'}, {'name': 'Antti Nurmesniemi', 'role': 'suunnittelija'}]","[['kahvipannut'], ['kannut'], ['pannut'], ['kahvi']]",Pehtoori-pannu; kahvipannu; pannu,1958.0,Antti Nurmesniemi,23
1154,tmk.161053155923500,"['/Cover/Show?source=Solr&id=tmk.161053155923500&index=0&size=large', '/Cover/Show?source=Solr&id=tmk.161053155923500&index=1&size=large']","[{'name': 'Wärtsilä Oy', 'role': 'valmistaja'}, {'name': 'Antti Nurmesniemi', 'role': 'suunnittelija'}]","[['kahvipannut'], ['kannut'], ['pannut'], ['kahvi']]",Pehtoori-pannu; kahvipannu; pannu,1958.0,Antti Nurmesniemi,23
1155,tmk.161053157491000,['/Cover/Show?source=Solr&id=tmk.161053157491000&index=0&size=large'],"[{'name': 'Wärtsilä Oy', 'role': 'valmistaja'}, {'name': 'Antti Nurmesniemi', 'role': 'suunnittelija'}]","[['kahvipannut'], ['kannut'], ['pannut'], ['kahvi']]",Pehtoori-pannu; kahvipannu; pannu,1958.0,Antti Nurmesniemi,23
1156,tmk.161053158838700,['/Cover/Show?source=Solr&id=tmk.161053158838700&index=0&size=large'],"[{'name': 'Wärtsilä Oy', 'role': 'valmistaja'}, {'name': 'Antti Nurmesniemi', 'role': 'suunnittelija'}]","[['kahvipannut'], ['kannut'], ['pannut'], ['kahvi']]",Pehtoori-pannu; kahvipannu; pannu,1958.0,Antti Nurmesniemi,23
1157,tmk.161053160568300,['/Cover/Show?source=Solr&id=tmk.161053160568300&index=0&size=large'],"[{'name': 'Wärtsilä Oy', 'role': 'valmistaja'}, {'name': 'Antti Nurmesniemi', 'role': 'suunnittelija'}]","[['kahvipannut'], ['kannut'], ['pannut']]",Pehtoori-pannu; kahvipannu; pannu,1958.0,Antti Nurmesniemi,23
1158,tmk.161053161404900,['/Cover/Show?source=Solr&id=tmk.161053161404900&index=0&size=large'],"[{'name': 'Wärtsilä Oy', 'role': 'valmistaja'}, {'name': 'Antti Nurmesniemi', 'role': 'suunnittelija'}]","[['kahvipannut'], ['kannut'], ['pannut'], ['kahvi']]",Pehtoori-pannu; kahvipannu; pannu,1958.0,Antti Nurmesniemi,23
1159,tmk.161053163027300,['/Cover/Show?source=Solr&id=tmk.161053163027300&index=0&size=large'],"[{'name': 'Wärtsilä Oy', 'role': 'valmistaja'}, {'name': 'Antti Nurmesniemi', 'role': 'suunnittelija'}]","[['kahvipannut'], ['kannut'], ['pannut'], ['kahvi']]",Pehtoori-pannu; kahvipannu; pannu,1958.0,Antti Nurmesniemi,23
1160,tmk.161053198685900,"['/Cover/Show?source=Solr&id=tmk.161053198685900&index=0&size=large', '/Cover/Show?source=Solr&id=tmk.161053198685900&index=1&size=large', '/Cover/Show?source=Solr&id=tmk.161053198685900&index=2&size=large']","[{'name': 'Wärtsilä Oy', 'role': 'valmistaja'}, {'name': 'Antti Nurmesniemi', 'role': 'suunnittelija'}]","[['kahvipannut'], ['kannut'], ['pannut'], ['kahvi']]",Pikku-Pehtoori; kahvipannu; pannu,1958.0,Antti Nurmesniemi,23
1161,tmk.161053203001300,['/Cover/Show?source=Solr&id=tmk.161053203001300&index=0&size=large'],"[{'name': 'Wärtsilä Oy', 'role': 'valmistaja'}, {'name': 'Antti Nurmesniemi', 'role': 'suunnittelija'}]","[['kahvipannut'], ['kannut'], ['pannut'], ['kahvi']]",Pikku-Pehtoori; kahvipannu; pannu,1958.0,Antti Nurmesniemi,23
1162,tmk.161053204348600,['/Cover/Show?source=Solr&id=tmk.161053204348600&index=0&size=large'],"[{'name': 'Wärtsilä Oy', 'role': 'valmistaja'}, {'name': 'Antti Nurmesniemi', 'role': 'suunnittelija'}]","[['kahvipannut'], ['kannut'], ['pannut'], ['kahvi']]",Pikku-Pehtoori; kahvipannu; pannu,1958.0,Antti Nurmesniemi,23
1163,tmk.161053206590300,['/Cover/Show?source=Solr&id=tmk.161053206590300&index=0&size=large'],"[{'name': 'Wärtsilä Oy', 'role': 'valmistaja'}, {'name': 'Antti Nurmesniemi', 'role': 'suunnittelija'}]","[['kahvipannut'], ['kannut'], ['pannut'], ['kahvi']]",Pikku-Pehtoori; kahvipannu; pannu,1958.0,Antti Nurmesniemi,23
1164,tmk.161053207082600,['/Cover/Show?source=Solr&id=tmk.161053207082600&index=0&size=large'],"[{'name': 'Wärtsilä Oy', 'role': 'valmistaja'}, {'name': 'Antti Nurmesniemi', 'role': 'suunnittelija'}]","[['kahvipannut'], ['kannut'], ['pannut'], ['kahvi']]",Pikku-Pehtoori; kahvipannu; pannu,1958.0,Antti Nurmesniemi,23
1165,tmk.161053207948900,['/Cover/Show?source=Solr&id=tmk.161053207948900&index=0&size=large'],"[{'name': 'Wärtsilä Oy', 'role': 'valmistaja'}, {'name': 'Antti Nurmesniemi', 'role': 'suunnittelija'}]","[['kahvipannut'], ['kannut'], ['pannut'], ['kahvi']]",Pikku-Pehtoori; kahvipannu; pannu,1958.0,Antti Nurmesniemi,23
1166,hkm.D9B59068-5C24-4A80-9B02-74D7BB6FF091,['/Cover/Show?source=Solr&id=hkm.D9B59068-5C24-4A80-9B02-74D7BB6FF091&index=0&size=large'],"[{'name': 'Wärtsilä-yhtymä O/Y', 'role': 'valmistaja'}, {'name': 'Järvenpään emali', 'role': 'valmistaja'}, {'name': 'Nurmesniemi, Antti', 'role': 'muotoilija', 'id': 'https://isni.org/isni/0000000384823233'}]","[['juomat'], ['nautintoaineet'], ['kahvi'], ['juomanvalmistusvälineet'], ['pannut'], ['kahvipannut'], ['muotoilu'], ['teollinen muotoilu']]","pannu; kahvipannu; Pehtoori, Finel",1960.0,Antti Nurmesniemi,23
1167,werstas.we-1611060,"['/Cover/Show?source=Solr&id=werstas.we-1611060&index=0&size=large', '/Cover/Show?source=Solr&id=werstas.we-1611060&index=1&size=large', '/Cover/Show?source=Solr&id=werstas.we-1611060&index=2&size=large', '/Cover/Show?source=Solr&id=werstas.we-1611060&index=3&size=large']","[{'name': 'Nurmesniemi, Antti', 'role': 'Suunnittelija'}, {'name': 'Finel', 'role': 'Tekijä'}]","[['kahvi'], ['kahvipannut'], ['työväenlehdet'], ['vasemmistolaisuus'], ['sanomalehdet'], ['pannut'], ['astiat']]",Kahvipannu; Kansan Uutiset -kahvipannu,1960.0,Antti Nurmesniemi,23
1168,hkm.B7FB080A-A5BE-4197-B77D-5CD1DB9AC0C3,['/Cover/Show?source=Solr&id=hkm.B7FB080A-A5BE-4197-B77D-5CD1DB9AC0C3&index=0&size=large'],"[{'name': 'Wärtsilä-yhtymä O/Y', 'role': 'valmistaja'}, {'name': 'Järvenpään emali', 'role': 'valmistaja'}, {'name': 'Nurmesniemi, Antti', 'role': 'muotoilija', 'id': 'https://isni.org/isni/0000000384823233'}]","[['juomat'], ['nautintoaineet'], ['kahvi'], ['juomanvalmistusvälineet'], ['pannut'], ['kahvipannut'], ['muotoilu'], ['teollinen muotoilu']]","pannu; Pehtoori, Finel; kahvipannu",1965.0,Antti Nurmesniemi,23
1169,hkm.A110AFBA-1EBD-49A6-BBD1-F46CFB959EE8,['/Cover/Show?source=Solr&id=hkm.A110AFBA-1EBD-49A6-BBD1-F46CFB959EE8&index=0&size=large'],"[{'name': 'Wärtsilä-yhtymä O/Y', 'role': 'valmistaja'}, {'name': 'Järvenpään emali', 'role': 'valmistaja'}, {'name': 'Nurmesniemi, Antti', 'role': 'muotoilija', 'id': 'https://isni.org/isni/0000000384823233'}]","[['juomat'], ['nautintoaineet'], ['kahvi'], ['juomanvalmistusvälineet'], ['pannut'], ['kahvipannut'], ['muotoilu'], ['teollinen muotoilu'], ['lahjat'], ['häälahjat']]","pannu; Pehtoori, Finel; kahvipannu",1967.0,Antti Nurmesniemi,23
1170,hkm.36941F53-91CD-4BA0-A6D4-E85DBFD92F6E,['/Cover/Show?source=Solr&id=hkm.36941F53-91CD-4BA0-A6D4-E85DBFD92F6E&index=0&size=large'],"[{'name': 'Wärtsilä-yhtymä O/Y', 'role': 'valmistaja'}, {'name': 'Järvenpään emali', 'role': 'valmistaja'}, {'name': 'Nurmesniemi, Antti', 'role': 'muotoilija', 'id': 'https://isni.org/isni/0000000384823233'}]","[['juomat'], ['nautintoaineet'], ['kahvi'], ['juomanvalmistusvälineet'], ['pannut'], ['kahvipannut'], ['muotoilu'], ['teollinen muotoilu'], ['käyttöaika 1972 - 1989 n']]",pannu; kahvipannu; Pikku pehtoori; Finel,1972.0,Antti Nurmesniemi,23
1171,lusto.knp-9217,"['/Cover/Show?source=Solr&id=lusto.knp-9217&index=0&size=large', '/Cover/Show?source=Solr&id=lusto.knp-9217&index=1&size=large', '/Cover/Show?source=Solr&id=lusto.knp-9217&index=2&size=large']","[{'name': 'suunnittelija: Antti Nurmesniemi', 'role': 'Valmistaja'}, {'name': 'valmistuttaja Järvenpään emali', 'role': 'Valmistaja'}, {'name': 'valmistaja: Pietarsaaren valimo', 'role': 'Valmistaja'}]","[['yhteiskäyttö'], ['valurauta'], ['taukotilat'], ['ruoanvalmistaminen'], ['paistinpannut'], ['paistaminen'], ['metsätyö'], ['metsurit'], ['kämpät'], ['irtaimisto']]",Paistinpannu; Siirtokämpän irtaimisto,1976.0,Antti Nurmesniemi,23
1172,ksm.165509741393400,['/Cover/Show?source=Solr&id=ksm.165509741393400&index=0&size=large'],"[{'name': 'Oy Wärtsilä Ab', 'role': 'valmistaja'}, {'name': 'Antti Nurmesniemi', 'role': 'suunnittelija'}]","[['padat'], ['valurauta'], ['astiat'], ['kannet (sulkimet)'], ['ruoanvalmistus'], ['1977-2013']]","Wärtsilä valurautapata ""Lentävä lautanen""; pata; valurautapata",1977.0,Antti Nurmesniemi,23
1173,hkm.59bd2df4-19fc-4c32-b820-b5a7890649bf,"['/Cover/Show?source=Solr&id=hkm.59bd2df4-19fc-4c32-b820-b5a7890649bf&index=0&size=large', '/Cover/Show?source=Solr&id=hkm.59bd2df4-19fc-4c32-b820-b5a7890649bf&index=1&size=large', '/Cover/Show?source=Solr&id=hkm.59bd2df4-19fc-4c32-b820-b5a7890649bf&index=2&size=large', '/Cover/Show?source=Solr&id=hkm.59bd2df4-19fc-4c32-b820-b5a7890649bf&index=3&size=large', '/Cover/Show?source=Solr&id=hkm.59bd2df4-19fc-4c32-b820-b5a7890649bf&index=4&size=large', '/Cover/Show?source=Solr&id=hkm.59bd2df4-19fc-4c32-b820-b5a7890649bf&index=5&size=large', '/Cover/Show?source=Solr&id=hkm.59bd2df4-19fc-4c32-b820-b5a7890649bf&index=6&size=large', '/Cover/Show?source=Solr&id=hkm.59bd2df4-19fc-4c32-b820-b5a7890649bf&index=7&size=large', '/Cover/Show?source=Solr&id=hkm.59bd2df4-19fc-4c32-b820-b5a7890649bf&index=8&size=large', '/Cover/Show?source=Solr&id=hkm.59bd2df4-19fc-4c32-b820-b5a7890649bf&index=9&size=large', '/Cover/Show?source=Solr&id=hkm.59bd2df4-19fc-4c32-b820-b5a7890649bf&index=10&size=large', '/Cover/Show?source=Solr&id=hkm.59bd2df4-19fc-4c32-b820-b5a7890649bf&index=11&size=large']","[{'name': 'ValMet Oy', 'role': 'valmistaja', 'id': 'https://isni.org/isni/0000000474409343'}, {'name': 'Oy Strömberg Ab', 'role': 'valmistaja', 'id': 'http://urn.fi/URN:NBN:fi:au:finaf:000028270'}, {'name': 'Artekno Teknillis-kemialliset-tehtaat', 'role': 'valmistaja'}, {'name': 'Helsingin kaupungin liikennelaitos HKL - Helsingfors stads trafikverk HST', 'role': 'valmistuttaja', 'id': 'http://urn.fi/URN:NBN:fi:au:finaf:000009468'}, {'name': 'Nurmesniemi, Antti', 'role': 'suunnittelija', 'id': 'https://isni.org/isni/0000000384823233'}, {'name': 'Rajalin, Börje', 'role': 'suunnittelija'}]","[['liikenne'], ['joukkoliikenne'], ['metro (liikenneväylät)'], ['junanvaunut'], ['ohjaamot'], ['penkit'], ['käyttöaika 1982-2017']]",metrovaunu; M104-nokkavaunu,1979.0,Antti Nurmesniemi,23
1174,lahdenmuseo.lkm-103127,"['/Cover/Show?source=Solr&id=lahdenmuseo.lkm-103127&index=0&size=large', '/Cover/Show?source=Solr&id=lahdenmuseo.lkm-103127&index=1&size=large', '/Cover/Show?source=Solr&id=lahdenmuseo.lkm-103127&index=2&size=large', '/Cover/Show?source=Solr&id=lahdenmuseo.lkm-103127&index=3&size=large', '/Cover/Show?source=Solr&id=lahdenmuseo.lkm-103127&index=4&size=large', '/Cover/Show?source=Solr&id=lahdenmuseo.lkm-103127&index=5&size=large', '/Cover/Show?source=Solr&id=lahdenmuseo.lkm-103127&index=6&size=large', '/Cover/Show?source=Solr&id=lahdenmuseo.lkm-103127&index=7&size=large', '/Cover/Show?source=Solr&id=lahdenmuseo.lkm-103127&index=8&size=large']","[{'name': 'Nurmesniemi Antti', 'role': 'Suunnittelija'}]","[['julkiset tilat'], ['nojatuolit'], ['kaupungintalot'], ['Tuolit'], ['Huonekalut']]",Nojatuoli,1984.0,Antti Nurmesniemi,23
1175,lahdenmuseo.lkm-103128,"['/Cover/Show?source=Solr&id=lahdenmuseo.lkm-103128&index=0&size=large', '/Cover/Show?source=Solr&id=lahdenmuseo.lkm-103128&index=1&size=large', '/Cover/Show?source=Solr&id=lahdenmuseo.lkm-103128&index=2&size=large', '/Cover/Show?source=Solr&id=lahdenmuseo.lkm-103128&index=3&size=large', '/Cover/Show?source=Solr&id=lahdenmuseo.lkm-103128&index=4&size=large', '/Cover/Show?source=Solr&id=lahdenmuseo.lkm-103128&index=5&size=large', '/Cover/Show?source=Solr&id=lahdenmuseo.lkm-103128&index=6&size=large']","[{'name': 'Nurmesniemi Antti', 'role': 'Suunnittelija'}]","[['kaupungintalot'], ['nojatuolit'], ['Tuolit'], ['Huonekalut']]",Nojatuoli,1984.0,Antti Nurmesniemi,23
1176,museovirasto.08705559F2B1B88D96F67F53456ABC6F,"['/Cover/Show?source=Solr&id=museovirasto.08705559F2B1B88D96F67F53456ABC6F&index=0&size=large', '/Cover/Show?source=Solr&id=museovirasto.08705559F2B1B88D96F67F53456ABC6F&index=1&size=large', '/Cover/Show?source=Solr&id=museovirasto.08705559F2B1B88D96F67F53456ABC6F&index=2&size=large']","[{'name': 'Hopeatehdas Oy', 'role': 'tekijä'}, {'name': 'Gardberg, Bertel Richard', 'role': 'suunnittelija'}]","[['sokeripihdit'], ['muotoilu']]",sokeripihdit,1960.0,Bertel Gardberg,10
1177,vantaa.esine:309:1,['/Cover/Show?source=Solr&id=vantaa.esine%3A309%3A1&index=0&size=large'],"[{'name': 'Bertel  Gardberg', 'role': 'suunnittelija'}, {'name': 'Hackman OYJ ABP', 'role': 'valmistaja'}]","[['ruokailuvälineet'], ['veitset'], ['ateriat'], ['1963']]",veitsi; ruokaveitsi; Carelia,1963.0,Bertel Gardberg,10
1178,vantaa.esine:309:10,['/Cover/Show?source=Solr&id=vantaa.esine%3A309%3A10&index=0&size=large'],"[{'name': 'Bertel  Gardberg', 'role': 'suunnittelija'}, {'name': 'Hackman OYJ ABP', 'role': 'valmistaja'}]","[['lusikat'], ['ateriat'], ['ruokailuvälineet'], ['1963']]",lusikka; ruokalusikka; Carelia,1963.0,Bertel Gardberg,10
1179,vantaa.esine:309:11,['/Cover/Show?source=Solr&id=vantaa.esine%3A309%3A11&index=0&size=large'],"[{'name': 'Bertel  Gardberg', 'role': 'suunnittelija'}, {'name': 'Hackman OYJ ABP', 'role': 'valmistaja'}]","[['ateriat'], ['lusikat'], ['ruokailuvälineet'], ['1963']]",lusikka; ruokalusikka; Carelia,1963.0,Bertel Gardberg,10
1180,vantaa.esine:309:12,['/Cover/Show?source=Solr&id=vantaa.esine%3A309%3A12&index=0&size=large'],"[{'name': 'Bertel  Gardberg', 'role': 'suunnittelija'}, {'name': 'Hackman OYJ ABP', 'role': 'valmistaja'}]","[['ateriat'], ['lusikat'], ['ruokailuvälineet'], ['1963']]",lusikka; ruokalusikka; Carelia,1963.0,Bertel Gardberg,10
1181,vantaa.esine:309:2,['/Cover/Show?source=Solr&id=vantaa.esine%3A309%3A2&index=0&size=large'],"[{'name': 'Bertel  Gardberg', 'role': 'suunnittelija'}, {'name': 'Hackman OYJ ABP', 'role': 'valmistaja'}]","[['ateriat'], ['veitset'], ['ruokailuvälineet'], ['1963']]",veitsi; ruokaveitsi; Carelia,1963.0,Bertel Gardberg,10
1182,vantaa.esine:309:3,['/Cover/Show?source=Solr&id=vantaa.esine%3A309%3A3&index=0&size=large'],"[{'name': 'Bertel  Gardberg', 'role': 'suunnittelija'}, {'name': 'Hackman OYJ ABP', 'role': 'valmistaja'}]","[['ruokailuvälineet'], ['veitset'], ['ateriat'], ['1963']]",veitsi; ruokaveitsi; Carelia,1963.0,Bertel Gardberg,10
1183,vantaa.esine:309:4,['/Cover/Show?source=Solr&id=vantaa.esine%3A309%3A4&index=0&size=large'],"[{'name': 'Bertel  Gardberg', 'role': 'suunnittelija'}, {'name': 'Hackman OYJ ABP', 'role': 'valmistaja'}]","[['ateriat'], ['veitset'], ['ruokailuvälineet'], ['1963']]",veitsi; ruokaveitsi; Carelia,1963.0,Bertel Gardberg,10
1184,vantaa.esine:309:5,['/Cover/Show?source=Solr&id=vantaa.esine%3A309%3A5&index=0&size=large'],"[{'name': 'Bertel  Gardberg', 'role': 'suunnittelija'}, {'name': 'Hackman OYJ ABP', 'role': 'valmistaja'}]","[['ruokailuvälineet'], ['haarukat'], ['ateriat'], ['1963']]",haarukka; ruokahaarukka; Carelia,1963.0,Bertel Gardberg,10
1185,vantaa.esine:309:6,['/Cover/Show?source=Solr&id=vantaa.esine%3A309%3A6&index=0&size=large'],"[{'name': 'Bertel  Gardberg', 'role': 'suunnittelija'}, {'name': 'Hackman OYJ ABP', 'role': 'valmistaja'}]","[['ruokailuvälineet'], ['haarukat'], ['ateriat'], ['1963']]",haarukka; ruokahaarukka; Carelia,1963.0,Bertel Gardberg,10
1186,vantaa.esine:309:7,['/Cover/Show?source=Solr&id=vantaa.esine%3A309%3A7&index=0&size=large'],"[{'name': 'Bertel  Gardberg', 'role': 'suunnittelija'}, {'name': 'Hackman OYJ ABP', 'role': 'valmistaja'}]","[['ruokailuvälineet'], ['haarukat'], ['ateriat'], ['1963']]",haarukka; ruokahaarukka; Carelia,1963.0,Bertel Gardberg,10
1187,vantaa.esine:309:8,['/Cover/Show?source=Solr&id=vantaa.esine%3A309%3A8&index=0&size=large'],"[{'name': 'Bertel  Gardberg', 'role': 'suunnittelija'}, {'name': 'Hackman OYJ ABP', 'role': 'valmistaja'}]","[['haarukat'], ['ateriat'], ['ruokailuvälineet'], ['1963']]",haarukka; ruokahaarukka; Carelia,1963.0,Bertel Gardberg,10
1188,vantaa.esine:309:9,['/Cover/Show?source=Solr&id=vantaa.esine%3A309%3A9&index=0&size=large'],"[{'name': 'Bertel  Gardberg', 'role': 'suunnittelija'}, {'name': 'Hackman OYJ ABP', 'role': 'valmistaja'}]","[['ruokailuvälineet'], ['lusikat'], ['ateriat'], ['1963']]",lusikka; ruokalusikka; Carelia,1963.0,Bertel Gardberg,10
1189,museovirasto.0299AA58575A7707CA55EBBB81B667BB,['/Cover/Show?source=Solr&id=museovirasto.0299AA58575A7707CA55EBBB81B667BB&index=0&size=large'],"[{'name': 'Gardberg, Bertel Richard', 'role': 'tekijä'}]","[['tee (juoma)'], ['teesihdit']]",teesiivilä,1968.0,Bertel Gardberg,10
1190,skm.158567452781500,['/Cover/Show?source=Solr&id=skm.158567452781500&index=0&size=large'],"[{'name': 'Oy Finnrya Ab', 'role': 'valmistaja'}, {'name': 'Ritva Puotila', 'role': 'suunnittelija'}]","[['ryijyt'], ['seinätekstiilit'], ['sisustustekstiilit'], ['taidetekstiilit'], ['1963-2015 ,? käyttöaika']]","Hehkuva hiillos, Glowing Embers; ryijy",1963.0,Ritva Puotila,26
1191,skm.158567379068900,['/Cover/Show?source=Solr&id=skm.158567379068900&index=0&size=large'],"[{'name': 'Suomen Käsityön Ystävät', 'role': 'valmistaja'}, {'name': 'Ritva Puotila', 'role': 'suunnittelija'}]","[['ryijyt'], ['koristeryijyt'], ['seinätekstiilit'], ['taidetekstiilit'], ['sisustustekstiilit'], ['1967-1983 käyttöaika']]",Lumimyrsky; ryijy,1966.0,Ritva Puotila,26
1192,lusto.knp-15816,"['/Cover/Show?source=Solr&id=lusto.knp-15816&index=0&size=large', '/Cover/Show?source=Solr&id=lusto.knp-15816&index=1&size=large']","[{'name': 'Genelec Oy', 'role': 'Valmistaja'}, {'name': 'materiaali: UPM Kymmene Oyj', 'role': 'Valmistaja'}, {'name': 'suunnittelija: Koskinen, Harri', 'role': 'Valmistaja'}]","[['äänentoistolaitteet'], ['äänentoisto'], ['uusiokäyttö'], ['raaka-aineet'], ['näytteet'], ['metsäteollisuustuotteet'], ['metsäteollisuus'], ['materiaalit'], ['komposiitit'], ['kierrätys'], ['kaiuttimet'], ['innovaatiot']]","Tuotenäyte; Genelec-kaiuttimen takapaneeli, komposiittimuovinäyte; 280-M030T Takakansi M030 ForMi GP50 Black",2014.0,Harri Koskinen,18
1193,lusto.knp-15817,"['/Cover/Show?source=Solr&id=lusto.knp-15817&index=0&size=large', '/Cover/Show?source=Solr&id=lusto.knp-15817&index=1&size=large', '/Cover/Show?source=Solr&id=lusto.knp-15817&index=2&size=large', '/Cover/Show?source=Solr&id=lusto.knp-15817&index=3&size=large']","[{'name': 'Genelec Oy', 'role': 'Valmistaja'}, {'name': 'materiaali: UPM Kymmene Oyj', 'role': 'Valmistaja'}, {'name': 'suunnittelija: Koskinen, Harri', 'role': 'Valmistaja'}]","[['äänentoistolaitteet'], ['äänentoisto'], ['uusiokäyttö'], ['raaka-aineet'], ['näytteet'], ['metsäteollisuustuotteet'], ['metsäteollisuus'], ['materiaalit'], ['komposiitit'], ['kierrätys'], ['kaiuttimet'], ['innovaatiot']]","Tuotenäyte; Genelec-kaiuttimen etupaneeli, komposiittimuovinäyte; 280-M030E Etukansi M030 ForMi GP50 Black",2014.0,Harri Koskinen,18
1194,lusto.knp-15828,"['/Cover/Show?source=Solr&id=lusto.knp-15828&index=0&size=large', '/Cover/Show?source=Solr&id=lusto.knp-15828&index=1&size=large', '/Cover/Show?source=Solr&id=lusto.knp-15828&index=2&size=large', '/Cover/Show?source=Solr&id=lusto.knp-15828&index=3&size=large', '/Cover/Show?source=Solr&id=lusto.knp-15828&index=4&size=large', '/Cover/Show?source=Solr&id=lusto.knp-15828&index=5&size=large', '/Cover/Show?source=Solr&id=lusto.knp-15828&index=6&size=large', '/Cover/Show?source=Solr&id=lusto.knp-15828&index=7&size=large']","[{'name': 'Genelec Oy', 'role': 'Valmistaja'}, {'name': 'materiaali: UPM Kymmene Oyj', 'role': 'Valmistaja'}, {'name': 'suunnittelija: Koskinen, Harri', 'role': 'Valmistaja'}]","[['äänentoistolaitteet'], ['äänentoisto'], ['uusiokäyttö'], ['raaka-aineet'], ['näytteet'], ['metsäteollisuustuotteet'], ['metsäteollisuus'], ['materiaalit'], ['komposiitit'], ['kierrätys'], ['kaiuttimet'], ['innovaatiot']]","Tuotenäyte; Genelec-kaiutin, komposiittimuovinäyte; M030AM-6 M030A kaiutin musta 230V",2014.0,Harri Koskinen,18
1195,hkm.247DB3CB-1F4E-4F9F-B241-47DEEDC2CEEA,['/Cover/Show?source=Solr&id=hkm.247DB3CB-1F4E-4F9F-B241-47DEEDC2CEEA&index=0&size=large'],"[{'name': 'Samfundet Folkhälsan', 'role': 'valmistuttaja'}, {'name': 'Nyström, Per-Olof', 'role': 'suunnittelija todennäköisesti', 'id': 'https://isni.org/isni/0000000484468902'}]","[['merkit'], ['rintamerkit'], ['vuotuisjuhlat'], ['joulu'], ['ruotsinkieliset'], ['juhlapäivät'], ['Lucian päivä'], ['yleishyödyllinen yhteisö'], ['hyväntekeväisyys'], ['järjestöt'], ['hyväntekeväisyysjärjestöt'], ['käyttöaika 1989']]",merkki; Lucia; rintamerkki,1989.0,Per-Olof Nyström,25
1196,museovirasto.2D91A74B3091363EBC1620EA9230D121,"['/Cover/Show?source=Solr&id=museovirasto.2D91A74B3091363EBC1620EA9230D121&index=0&size=large', '/Cover/Show?source=Solr&id=museovirasto.2D91A74B3091363EBC1620EA9230D121&index=1&size=large', '/Cover/Show?source=Solr&id=museovirasto.2D91A74B3091363EBC1620EA9230D121&index=2&size=large']","[{'name': 'Saarinen, Eliel', 'role': 'suunnittelija'}]","[['tekstiilit'], ['kodintekstiilit'], ['liinavaatteet'], ['lautasliinat']]",lautasliina,1897.0,Eliel Saarinen,27
1197,museovirasto.5B853A2D7A6AAEB4D2C0C3A496FB089D,"['/Cover/Show?source=Solr&id=museovirasto.5B853A2D7A6AAEB4D2C0C3A496FB089D&index=0&size=large', '/Cover/Show?source=Solr&id=museovirasto.5B853A2D7A6AAEB4D2C0C3A496FB089D&index=1&size=large', '/Cover/Show?source=Solr&id=museovirasto.5B853A2D7A6AAEB4D2C0C3A496FB089D&index=2&size=large']","[{'name': 'Saarinen, Eliel', 'role': 'suunnittelija'}]","[['monogrammit'], ['tekstiilit']]",nimikoitu tilkku,1897.0,Eliel Saarinen,27
1198,museovirasto.6CC2E2A647D145A4283BAC2DA146F57B,"['/Cover/Show?source=Solr&id=museovirasto.6CC2E2A647D145A4283BAC2DA146F57B&index=0&size=large', '/Cover/Show?source=Solr&id=museovirasto.6CC2E2A647D145A4283BAC2DA146F57B&index=1&size=large', '/Cover/Show?source=Solr&id=museovirasto.6CC2E2A647D145A4283BAC2DA146F57B&index=2&size=large']","[{'name': 'Saarinen, Eliel', 'role': 'tekijä'}]","[['monogrammit'], ['tekstiilit']]",piirros; monogrammipiirroksia; AB = Alma Brax,1897.0,Eliel Saarinen,27
1199,museovirasto.8C8678B364AB9E09821EE8828AC12182,"['/Cover/Show?source=Solr&id=museovirasto.8C8678B364AB9E09821EE8828AC12182&index=0&size=large', '/Cover/Show?source=Solr&id=museovirasto.8C8678B364AB9E09821EE8828AC12182&index=1&size=large']","[{'name': 'Saarinen, Eliel', 'role': 'tekijä'}]","[['monogrammit'], ['tekstiilit']]",piirros; monogrammipiirros; AB = Alma Brax,1897.0,Eliel Saarinen,27
1200,museovirasto.A2B5333AA8D6A23F28CA166F8EB89393,"['/Cover/Show?source=Solr&id=museovirasto.A2B5333AA8D6A23F28CA166F8EB89393&index=0&size=large', '/Cover/Show?source=Solr&id=museovirasto.A2B5333AA8D6A23F28CA166F8EB89393&index=1&size=large', '/Cover/Show?source=Solr&id=museovirasto.A2B5333AA8D6A23F28CA166F8EB89393&index=2&size=large']","[{'name': 'Saarinen, Eliel', 'role': 'suunnittelija'}]","[['tekstiilit'], ['kodintekstiilit'], ['liinavaatteet'], ['lautasliinat']]",lautasliina,1897.0,Eliel Saarinen,27
1201,museovirasto.2CB06C56AEBFCCD377B11F3E4058C2C6,"['/Cover/Show?source=Solr&id=museovirasto.2CB06C56AEBFCCD377B11F3E4058C2C6&index=0&size=large', '/Cover/Show?source=Solr&id=museovirasto.2CB06C56AEBFCCD377B11F3E4058C2C6&index=1&size=large']","[{'name': 'Saarinen, Eliel', 'role': 'suunnittelija'}]","[['huonekalut'], ['makuuhuoneet'], ['art nouveau'], ['jugend'], ['sisustus'], ['yöpöydät']]",yöpöytä,1899.0,Eliel Saarinen,27
1202,museovirasto.37A8385080EF433B8BFE86F2B99A0626,"['/Cover/Show?source=Solr&id=museovirasto.37A8385080EF433B8BFE86F2B99A0626&index=0&size=large', '/Cover/Show?source=Solr&id=museovirasto.37A8385080EF433B8BFE86F2B99A0626&index=1&size=large']","[{'name': 'Saarinen, Eliel', 'role': 'suunnittelija'}]","[['art nouveau'], ['valaisimet'], ['sisustus'], ['lyhdyt'], ['tekstiilit']]",lyhty; valaisin,1899.0,Eliel Saarinen,27
1203,museovirasto.3D3D0D2BD9A7F409FD152FA4AB4B23AA,"['/Cover/Show?source=Solr&id=museovirasto.3D3D0D2BD9A7F409FD152FA4AB4B23AA&index=0&size=large', '/Cover/Show?source=Solr&id=museovirasto.3D3D0D2BD9A7F409FD152FA4AB4B23AA&index=1&size=large']","[{'name': 'Saarinen, Eliel', 'role': 'suunnittelija'}]","[['art nouveau'], ['valaisimet'], ['sisustus'], ['lyhdyt'], ['tekstiilit']]",lyhty; valaisin,1899.0,Eliel Saarinen,27
1204,museovirasto.82F34EFF925C1A87C852641429853C1B,"['/Cover/Show?source=Solr&id=museovirasto.82F34EFF925C1A87C852641429853C1B&index=0&size=large', '/Cover/Show?source=Solr&id=museovirasto.82F34EFF925C1A87C852641429853C1B&index=1&size=large', '/Cover/Show?source=Solr&id=museovirasto.82F34EFF925C1A87C852641429853C1B&index=2&size=large', '/Cover/Show?source=Solr&id=museovirasto.82F34EFF925C1A87C852641429853C1B&index=3&size=large']","[{'name': 'Saarinen, Eliel', 'role': 'suunnittelija'}]","[['art nouveau'], ['jugend'], ['huonekalut'], ['makuuhuoneet'], ['sisustus'], ['yöpöydät']]",yöpöytä,1899.0,Eliel Saarinen,27
1205,museovirasto.8DE827EBAE738C4524B3F714EC769270,"['/Cover/Show?source=Solr&id=museovirasto.8DE827EBAE738C4524B3F714EC769270&index=0&size=large', '/Cover/Show?source=Solr&id=museovirasto.8DE827EBAE738C4524B3F714EC769270&index=1&size=large', '/Cover/Show?source=Solr&id=museovirasto.8DE827EBAE738C4524B3F714EC769270&index=2&size=large', '/Cover/Show?source=Solr&id=museovirasto.8DE827EBAE738C4524B3F714EC769270&index=3&size=large']","[{'name': 'Saarinen, Eliel', 'role': 'suunnittelija'}]","[['art nouveau'], ['valaisimet'], ['sisustus'], ['lyhdyt'], ['tekstiilit']]",lyhty; valaisin,1899.0,Eliel Saarinen,27
1206,museovirasto.AE419B15815151ECACE5EDD4D5E83FF3,"['/Cover/Show?source=Solr&id=museovirasto.AE419B15815151ECACE5EDD4D5E83FF3&index=0&size=large', '/Cover/Show?source=Solr&id=museovirasto.AE419B15815151ECACE5EDD4D5E83FF3&index=1&size=large']","[{'name': 'Saarinen, Eliel', 'role': 'suunnittelija'}]","[['huonekalut'], ['art nouveau'], ['jugend'], ['sisustus'], ['pöydät']]",pöytä (kopio); pikkupöytä; sohvapöytä,1899.0,Eliel Saarinen,27
1207,museovirasto.B28659211BC3036373E372876F3186A7,"['/Cover/Show?source=Solr&id=museovirasto.B28659211BC3036373E372876F3186A7&index=0&size=large', '/Cover/Show?source=Solr&id=museovirasto.B28659211BC3036373E372876F3186A7&index=1&size=large']","[{'name': 'Saarinen, Eliel', 'role': 'suunnittelija'}]","[['art nouveau'], ['valaisimet'], ['sisustus'], ['lyhdyt'], ['tekstiilit']]",lyhty; valaisin,1899.0,Eliel Saarinen,27
1208,museovirasto.CC496E791648E5DDD1A47A8473FA20EB,"['/Cover/Show?source=Solr&id=museovirasto.CC496E791648E5DDD1A47A8473FA20EB&index=0&size=large', '/Cover/Show?source=Solr&id=museovirasto.CC496E791648E5DDD1A47A8473FA20EB&index=1&size=large']","[{'name': 'Saarinen, Eliel', 'role': 'suunnittelija'}]","[['art nouveau'], ['valaisimet'], ['sisustus'], ['lyhdyt'], ['tekstiilit']]",valaisin; lyhty,1899.0,Eliel Saarinen,27
1209,museovirasto.EDB60B20C58AEC74B3E5722B23CC68DD,"['/Cover/Show?source=Solr&id=museovirasto.EDB60B20C58AEC74B3E5722B23CC68DD&index=0&size=large', '/Cover/Show?source=Solr&id=museovirasto.EDB60B20C58AEC74B3E5722B23CC68DD&index=1&size=large']","[{'name': 'Saarinen, Eliel', 'role': 'suunnittelija'}]","[['art nouveau'], ['valaisimet'], ['sisustus'], ['lyhdyt'], ['tekstiilit']]",lyhty; valaisin,1899.0,Eliel Saarinen,27
1210,museovirasto.1BAEDDFACF8DFD0883F37ABC4B356ABC,"['/Cover/Show?source=Solr&id=museovirasto.1BAEDDFACF8DFD0883F37ABC4B356ABC&index=0&size=large', '/Cover/Show?source=Solr&id=museovirasto.1BAEDDFACF8DFD0883F37ABC4B356ABC&index=1&size=large']","[{'name': 'Saarinen, Eliel', 'role': 'suunnittelija'}, {'name': 'N. Bomanin höyrypuusepäntehdas', 'role': 'tekijä'}]","[['huonekalut'], ['sisustus'], ['art nouveau'], ['jugend'], ['sängyt'], ['vuoteet'], ['lastenhuonekalut'], ['lastensängyt'], ['lastenhuoneet'], ['pinnasängyt']]",lastensänky; lastenvuode; pinnasänky; sänky; vuode,1900.0,Eliel Saarinen,27
1211,museovirasto.1BF485CDE7CDA64E7148807CA130E097,"['/Cover/Show?source=Solr&id=museovirasto.1BF485CDE7CDA64E7148807CA130E097&index=0&size=large', '/Cover/Show?source=Solr&id=museovirasto.1BF485CDE7CDA64E7148807CA130E097&index=1&size=large', '/Cover/Show?source=Solr&id=museovirasto.1BF485CDE7CDA64E7148807CA130E097&index=2&size=large', '/Cover/Show?source=Solr&id=museovirasto.1BF485CDE7CDA64E7148807CA130E097&index=3&size=large', '/Cover/Show?source=Solr&id=museovirasto.1BF485CDE7CDA64E7148807CA130E097&index=4&size=large', '/Cover/Show?source=Solr&id=museovirasto.1BF485CDE7CDA64E7148807CA130E097&index=5&size=large', '/Cover/Show?source=Solr&id=museovirasto.1BF485CDE7CDA64E7148807CA130E097&index=6&size=large', '/Cover/Show?source=Solr&id=museovirasto.1BF485CDE7CDA64E7148807CA130E097&index=7&size=large']","[{'name': 'N. Bomanin höyrypuusepäntehdas', 'role': 'valmistaja'}, {'name': 'Niskala-Luostarinen, Marke', 'role': 'suunnittelija'}, {'name': 'Saarinen, Eliel', 'role': 'suunnittelija'}]","[['kirjahyllyt'], ['kirjakaapit'], ['art nouveau'], ['jugend'], ['sisustus'], ['huonekalut'], ['upotuskoristelu']]",kirjahylly,1900.0,Eliel Saarinen,27
1212,museovirasto.1DCC8145C92AEC878B6A49A44678AF95,"['/Cover/Show?source=Solr&id=museovirasto.1DCC8145C92AEC878B6A49A44678AF95&index=0&size=large', '/Cover/Show?source=Solr&id=museovirasto.1DCC8145C92AEC878B6A49A44678AF95&index=1&size=large']","[{'name': 'Saarinen, Eliel', 'role': 'tekijä'}]","[['piirustukset'], ['piirustustaide'], ['taide'], ['kuvataide']]",piirustus; liitupiirustus,1900.0,Eliel Saarinen,27
1213,museovirasto.262443F320C0E2DEC35655F36E03FD92,"['/Cover/Show?source=Solr&id=museovirasto.262443F320C0E2DEC35655F36E03FD92&index=0&size=large', '/Cover/Show?source=Solr&id=museovirasto.262443F320C0E2DEC35655F36E03FD92&index=1&size=large']","[{'name': 'Saarinen, Eliel', 'role': 'tekijä'}]","[['maalaukset'], ['taide']]",maalaus; henkilökuva; pojan puolivartalokuva,1900.0,Eliel Saarinen,27
1214,museovirasto.28AD1F511187ED28FAAA48572F23BE06,"['/Cover/Show?source=Solr&id=museovirasto.28AD1F511187ED28FAAA48572F23BE06&index=0&size=large', '/Cover/Show?source=Solr&id=museovirasto.28AD1F511187ED28FAAA48572F23BE06&index=1&size=large', '/Cover/Show?source=Solr&id=museovirasto.28AD1F511187ED28FAAA48572F23BE06&index=2&size=large', '/Cover/Show?source=Solr&id=museovirasto.28AD1F511187ED28FAAA48572F23BE06&index=3&size=large']","[{'name': 'Saarinen, Eliel', 'role': 'suunnittelija'}]","[['sohvat'], ['huonekalut'], ['sisustus']]",sohva,1900.0,Eliel Saarinen,27
1215,museovirasto.407C789B4E3E55EE956CC27BEED7A334,"['/Cover/Show?source=Solr&id=museovirasto.407C789B4E3E55EE956CC27BEED7A334&index=0&size=large', '/Cover/Show?source=Solr&id=museovirasto.407C789B4E3E55EE956CC27BEED7A334&index=1&size=large', '/Cover/Show?source=Solr&id=museovirasto.407C789B4E3E55EE956CC27BEED7A334&index=2&size=large', '/Cover/Show?source=Solr&id=museovirasto.407C789B4E3E55EE956CC27BEED7A334&index=3&size=large', '/Cover/Show?source=Solr&id=museovirasto.407C789B4E3E55EE956CC27BEED7A334&index=4&size=large', '/Cover/Show?source=Solr&id=museovirasto.407C789B4E3E55EE956CC27BEED7A334&index=5&size=large', '/Cover/Show?source=Solr&id=museovirasto.407C789B4E3E55EE956CC27BEED7A334&index=6&size=large', '/Cover/Show?source=Solr&id=museovirasto.407C789B4E3E55EE956CC27BEED7A334&index=7&size=large', '/Cover/Show?source=Solr&id=museovirasto.407C789B4E3E55EE956CC27BEED7A334&index=8&size=large']","[{'name': 'Saarinen, Eliel', 'role': 'suunnittelija'}, {'name': 'N. Bomanin höyrypuusepäntehdas', 'role': 'valmistaja'}, {'name': 'Ernst Schotte & Co.', 'role': 'valmistaja'}]","[['karttapallot'], ['kartastot'], ['sisustus'], ['kalusteet'], ['art nouveau'], ['jugend'], ['huonekalut'], ['kompassit'], ['upotuskoristelu']]",karttapallo; karttapallo ja jalusta,1900.0,Eliel Saarinen,27
1216,museovirasto.56C1F802432513202914C5F67CA64BA9,"['/Cover/Show?source=Solr&id=museovirasto.56C1F802432513202914C5F67CA64BA9&index=0&size=large', '/Cover/Show?source=Solr&id=museovirasto.56C1F802432513202914C5F67CA64BA9&index=1&size=large', '/Cover/Show?source=Solr&id=museovirasto.56C1F802432513202914C5F67CA64BA9&index=2&size=large']","[{'name': 'Saarinen, Eliel', 'role': 'suunnittelija'}]","[['jakkarat'], ['istuimet'], ['huonekalut'], ['sisustus'], ['art nouveau'], ['lastenhuoneet']]",jakkara; lastenjakkara,1900.0,Eliel Saarinen,27
1217,museovirasto.5C03EEB915644C4C97E9D0AC0DCB3F50,"['/Cover/Show?source=Solr&id=museovirasto.5C03EEB915644C4C97E9D0AC0DCB3F50&index=0&size=large', '/Cover/Show?source=Solr&id=museovirasto.5C03EEB915644C4C97E9D0AC0DCB3F50&index=1&size=large']","[{'name': 'Saarinen, Eliel', 'role': 'tekijä'}]","[['piirustus'], ['piirustustaide'], ['kuvataide'], ['taide']]",piirustus; liitupiirustus; punaliitupiirustus,1900.0,Eliel Saarinen,27
1218,museovirasto.6184073CB22B7F89667E167025024305,"['/Cover/Show?source=Solr&id=museovirasto.6184073CB22B7F89667E167025024305&index=0&size=large', '/Cover/Show?source=Solr&id=museovirasto.6184073CB22B7F89667E167025024305&index=1&size=large']","[{'name': 'Saarinen, Eliel', 'role': 'suunnittelija'}, {'name': 'N. Bomanin höyrypuusepäntehdas', 'role': 'tekijä'}]","[['huonekalut'], ['sisustus'], ['art nouveau'], ['jugend'], ['sängyt'], ['vuoteet'], ['lastenhuonekalut'], ['lastensängyt'], ['lastenhuoneet'], ['pinnasängyt']]",sänky; lastensänky; lastenvuode; pinnasänky; vuode,1900.0,Eliel Saarinen,27
1219,museovirasto.63F1A0787F1F0387135CDE67A2276B11,"['/Cover/Show?source=Solr&id=museovirasto.63F1A0787F1F0387135CDE67A2276B11&index=0&size=large', '/Cover/Show?source=Solr&id=museovirasto.63F1A0787F1F0387135CDE67A2276B11&index=1&size=large', '/Cover/Show?source=Solr&id=museovirasto.63F1A0787F1F0387135CDE67A2276B11&index=2&size=large', '/Cover/Show?source=Solr&id=museovirasto.63F1A0787F1F0387135CDE67A2276B11&index=3&size=large', '/Cover/Show?source=Solr&id=museovirasto.63F1A0787F1F0387135CDE67A2276B11&index=4&size=large', '/Cover/Show?source=Solr&id=museovirasto.63F1A0787F1F0387135CDE67A2276B11&index=5&size=large']","[{'name': 'N. Bomanin höyrypuusepäntehdas', 'role': 'tekijä'}, {'name': 'Saarinen, Eliel', 'role': 'suunnittelija'}]","[['huonekalut'], ['makuuhuoneet'], ['vuoteet'], ['sängyt'], ['parisängyt'], ['art nouveau']]",vuode; parivuode,1900.0,Eliel Saarinen,27
1220,museovirasto.663D2F01AE9501BC73091207370CE1FD,"['/Cover/Show?source=Solr&id=museovirasto.663D2F01AE9501BC73091207370CE1FD&index=0&size=large', '/Cover/Show?source=Solr&id=museovirasto.663D2F01AE9501BC73091207370CE1FD&index=1&size=large', '/Cover/Show?source=Solr&id=museovirasto.663D2F01AE9501BC73091207370CE1FD&index=2&size=large', '/Cover/Show?source=Solr&id=museovirasto.663D2F01AE9501BC73091207370CE1FD&index=3&size=large']","[{'name': 'Saarinen, Eliel', 'role': 'suunnittelija'}]","[['valaistus'], ['valaisimet'], ['pylväät'], ['sisustus']]",valaisin; pylväsvalaisin,1900.0,Eliel Saarinen,27
1221,museovirasto.7734F55EFCE625FDC2615C6A4922D385,"['/Cover/Show?source=Solr&id=museovirasto.7734F55EFCE625FDC2615C6A4922D385&index=0&size=large', '/Cover/Show?source=Solr&id=museovirasto.7734F55EFCE625FDC2615C6A4922D385&index=1&size=large']","[{'name': 'Saarinen, Eliel', 'role': 'suunnittelija'}]","[['kaapit'], ['apupöydät'], ['huonekalut'], ['sisustus']]",kaappi,1900.0,Eliel Saarinen,27
1222,museovirasto.9F7942333A782F9A5D0F2664ECE46CA8,"['/Cover/Show?source=Solr&id=museovirasto.9F7942333A782F9A5D0F2664ECE46CA8&index=0&size=large', '/Cover/Show?source=Solr&id=museovirasto.9F7942333A782F9A5D0F2664ECE46CA8&index=1&size=large']","[{'name': 'Saarinen, Eliel', 'role': 'suunnittelija'}]","[['istuimet'], ['lastenhuoneet'], ['jakkarat'], ['art nouveau'], ['sisustus'], ['huonekalut']]",jakkara; lastenjakkara,1900.0,Eliel Saarinen,27
1223,museovirasto.AE5DD7DEF94192CEC2D65D2E8D1D7092,"['/Cover/Show?source=Solr&id=museovirasto.AE5DD7DEF94192CEC2D65D2E8D1D7092&index=0&size=large', '/Cover/Show?source=Solr&id=museovirasto.AE5DD7DEF94192CEC2D65D2E8D1D7092&index=1&size=large']","[{'name': 'Saarinen, Eliel', 'role': 'suunnittelija'}]","[['nojatuolit'], ['istuimet'], ['huonekalut'], ['sisustus']]",nojatuoli; Chesterfield-tyyppinen nojatuoli,1900.0,Eliel Saarinen,27
1224,museovirasto.C204CFCCC77C4ECF8357FAE2E8E77BE1,"['/Cover/Show?source=Solr&id=museovirasto.C204CFCCC77C4ECF8357FAE2E8E77BE1&index=0&size=large', '/Cover/Show?source=Solr&id=museovirasto.C204CFCCC77C4ECF8357FAE2E8E77BE1&index=1&size=large']","[{'name': 'Saarinen, Eliel', 'role': 'suunnittelija'}]","[['kaapit'], ['apupöydät'], ['huonekalut'], ['sisustus']]",kaappi,1900.0,Eliel Saarinen,27
1225,museovirasto.D7758499A1170853249406AFFAD84D4A,"['/Cover/Show?source=Solr&id=museovirasto.D7758499A1170853249406AFFAD84D4A&index=0&size=large', '/Cover/Show?source=Solr&id=museovirasto.D7758499A1170853249406AFFAD84D4A&index=1&size=large', '/Cover/Show?source=Solr&id=museovirasto.D7758499A1170853249406AFFAD84D4A&index=2&size=large', '/Cover/Show?source=Solr&id=museovirasto.D7758499A1170853249406AFFAD84D4A&index=3&size=large', '/Cover/Show?source=Solr&id=museovirasto.D7758499A1170853249406AFFAD84D4A&index=4&size=large', '/Cover/Show?source=Solr&id=museovirasto.D7758499A1170853249406AFFAD84D4A&index=5&size=large', '/Cover/Show?source=Solr&id=museovirasto.D7758499A1170853249406AFFAD84D4A&index=6&size=large', '/Cover/Show?source=Solr&id=museovirasto.D7758499A1170853249406AFFAD84D4A&index=7&size=large', '/Cover/Show?source=Solr&id=museovirasto.D7758499A1170853249406AFFAD84D4A&index=8&size=large', '/Cover/Show?source=Solr&id=museovirasto.D7758499A1170853249406AFFAD84D4A&index=9&size=large', '/Cover/Show?source=Solr&id=museovirasto.D7758499A1170853249406AFFAD84D4A&index=10&size=large', '/Cover/Show?source=Solr&id=museovirasto.D7758499A1170853249406AFFAD84D4A&index=11&size=large']","[{'name': 'Saarinen, Eliel', 'role': 'suunnittelija'}]","[['nojatuolit'], ['istuimet'], ['huonekalut'], ['sisustus']]",nojatuoli; Chesterfield-tyyppinen nojatuoli,1900.0,Eliel Saarinen,27
1226,museovirasto.F043CFB2E2FF0312ABBE51595812212B,"['/Cover/Show?source=Solr&id=museovirasto.F043CFB2E2FF0312ABBE51595812212B&index=0&size=large', '/Cover/Show?source=Solr&id=museovirasto.F043CFB2E2FF0312ABBE51595812212B&index=1&size=large']","[{'name': 'Andstén, Oskar Wilhelm', 'role': 'tekijä'}, {'name': 'Saarinen, Eliel', 'role': 'suunnittelija'}]","[['art nouveau'], ['jugend'], ['arkkitehtuuri'], ['sisustus'], ['tulisijat'], ['takat']]",avotakka; tulisija,1900.0,Eliel Saarinen,27
1227,museovirasto.F5FA1A29018EEB0B34D809B2B3629BD0,"['/Cover/Show?source=Solr&id=museovirasto.F5FA1A29018EEB0B34D809B2B3629BD0&index=0&size=large', '/Cover/Show?source=Solr&id=museovirasto.F5FA1A29018EEB0B34D809B2B3629BD0&index=1&size=large', '/Cover/Show?source=Solr&id=museovirasto.F5FA1A29018EEB0B34D809B2B3629BD0&index=2&size=large', '/Cover/Show?source=Solr&id=museovirasto.F5FA1A29018EEB0B34D809B2B3629BD0&index=3&size=large', '/Cover/Show?source=Solr&id=museovirasto.F5FA1A29018EEB0B34D809B2B3629BD0&index=4&size=large', '/Cover/Show?source=Solr&id=museovirasto.F5FA1A29018EEB0B34D809B2B3629BD0&index=5&size=large']","[{'name': 'Saarinen, Eliel', 'role': 'suunnittelija'}]","[['art nouveau'], ['jugend'], ['huonekalut'], ['sisustus'], ['lastenhuoneet'], ['lastenhuonekalut'], ['tuolit'], ['nojatuolit'], ['lastenistuimet']]",tuoli; lastentuoli,1900.0,Eliel Saarinen,27
1228,museovirasto.FC18916239867761A4F7246C6F7E90B1,"['/Cover/Show?source=Solr&id=museovirasto.FC18916239867761A4F7246C6F7E90B1&index=0&size=large', '/Cover/Show?source=Solr&id=museovirasto.FC18916239867761A4F7246C6F7E90B1&index=1&size=large', '/Cover/Show?source=Solr&id=museovirasto.FC18916239867761A4F7246C6F7E90B1&index=2&size=large', '/Cover/Show?source=Solr&id=museovirasto.FC18916239867761A4F7246C6F7E90B1&index=3&size=large']","[{'name': 'N. Bomanin höyrypuusepäntehdas', 'role': 'tekijä'}, {'name': 'Saarinen, Eliel', 'role': 'suunnittelija'}]","[['huonekalut'], ['makuuhuoneet'], ['kaapit'], ['vaatekaapit'], ['art nouveau']]",kaappi; vaatekaappi,1900.0,Eliel Saarinen,27
1229,visavuori.pju-77906,"['/Cover/Show?source=Solr&id=visavuori.pju-77906&index=0&size=large', '/Cover/Show?source=Solr&id=visavuori.pju-77906&index=1&size=large', '/Cover/Show?source=Solr&id=visavuori.pju-77906&index=2&size=large', '/Cover/Show?source=Solr&id=visavuori.pju-77906&index=3&size=large']","[{'name': 'Saarinen, Eliel', 'role': 'Valmistaja'}]","[['istuimet'], ['huonekalut'], ['tuolit']]",Nojatuoli,1900.0,Eliel Saarinen,27
1230,museovirasto.0BC122689E12F5266A3B2092F5660CD5,"['/Cover/Show?source=Solr&id=museovirasto.0BC122689E12F5266A3B2092F5660CD5&index=0&size=large', '/Cover/Show?source=Solr&id=museovirasto.0BC122689E12F5266A3B2092F5660CD5&index=1&size=large', '/Cover/Show?source=Solr&id=museovirasto.0BC122689E12F5266A3B2092F5660CD5&index=2&size=large', '/Cover/Show?source=Solr&id=museovirasto.0BC122689E12F5266A3B2092F5660CD5&index=3&size=large', '/Cover/Show?source=Solr&id=museovirasto.0BC122689E12F5266A3B2092F5660CD5&index=4&size=large', '/Cover/Show?source=Solr&id=museovirasto.0BC122689E12F5266A3B2092F5660CD5&index=5&size=large']","[{'name': 'Gesellius, Herman', 'role': 'suunnittelija'}, {'name': 'Lindgren, Armas', 'role': 'suunnittelija'}, {'name': 'Saarinen, Eliel', 'role': 'suunnittelija'}]","[['tulisijat'], ['uunit'], ['kaakeliuunit'], ['kaakelit'], ['art nouveau'], ['sisustus'], ['arkkitehtuuri']]","kaakeliuuni, purettu; uuni, purettu",1901.0,Eliel Saarinen,27
1231,museovirasto.24A1511AA20A609D6A1F2E4E3B012867,"['/Cover/Show?source=Solr&id=museovirasto.24A1511AA20A609D6A1F2E4E3B012867&index=0&size=large', '/Cover/Show?source=Solr&id=museovirasto.24A1511AA20A609D6A1F2E4E3B012867&index=1&size=large']","[{'name': 'Gesellius, Herman', 'role': 'suunnittelija'}, {'name': 'Lindgren, Armas', 'role': 'suunnittelija'}, {'name': 'Saarinen, Eliel', 'role': 'suunnittelija'}]","[['uunit'], ['sisustus'], ['tulisijat'], ['art nouveau'], ['kaakelit'], ['kaakeliuunit'], ['arkkitehtuuri']]",uunikaakeli,1901.0,Eliel Saarinen,27
1232,museovirasto.460BBF86C5EDAE8D312596E126D53EC5,"['/Cover/Show?source=Solr&id=museovirasto.460BBF86C5EDAE8D312596E126D53EC5&index=0&size=large', '/Cover/Show?source=Solr&id=museovirasto.460BBF86C5EDAE8D312596E126D53EC5&index=1&size=large']","[{'name': 'Gesellius, Herman', 'role': 'suunnittelija'}, {'name': 'Lindgren, Armas', 'role': 'suunnittelija'}, {'name': 'Saarinen, Eliel', 'role': 'suunnittelija'}]","[['tulisijat'], ['uunit'], ['sisustus'], ['art nouveau'], ['kaakelit'], ['kaakeliuunit'], ['arkkitehtuuri']]",uunikaakeli,1901.0,Eliel Saarinen,27
1233,museovirasto.8078AE723813B37F3B8D13F4059598BD,"['/Cover/Show?source=Solr&id=museovirasto.8078AE723813B37F3B8D13F4059598BD&index=0&size=large', '/Cover/Show?source=Solr&id=museovirasto.8078AE723813B37F3B8D13F4059598BD&index=1&size=large', '/Cover/Show?source=Solr&id=museovirasto.8078AE723813B37F3B8D13F4059598BD&index=2&size=large', '/Cover/Show?source=Solr&id=museovirasto.8078AE723813B37F3B8D13F4059598BD&index=3&size=large', '/Cover/Show?source=Solr&id=museovirasto.8078AE723813B37F3B8D13F4059598BD&index=4&size=large']","[{'name': 'Andstén', 'role': 'tekijä'}, {'name': 'Saarinen, Eliel', 'role': 'suunnittelija'}]","[['kaakelit'], ['kaakeliuunit'], ['tulisijat'], ['reliefit'], ['sisustus'], ['arkkitehtuuri'], ['art nouveau']]",uunikaakeli,1901.0,Eliel Saarinen,27
1234,museovirasto.942892D950DFD326BE4EB76A04E0587F,"['/Cover/Show?source=Solr&id=museovirasto.942892D950DFD326BE4EB76A04E0587F&index=0&size=large', '/Cover/Show?source=Solr&id=museovirasto.942892D950DFD326BE4EB76A04E0587F&index=1&size=large']","[{'name': 'Gesellius, Herman', 'role': 'suunnittelija'}, {'name': 'Lindgren, Armas', 'role': 'suunnittelija'}, {'name': 'Saarinen, Eliel', 'role': 'suunnittelija'}]","[['uunit'], ['sisustus'], ['tulisijat'], ['art nouveau'], ['kaakelit'], ['kaakeliuunit'], ['arkkitehtuuri']]",uunikaakeli,1901.0,Eliel Saarinen,27
1235,museovirasto.D580C0398BF66F6215B89147678234F5,"['/Cover/Show?source=Solr&id=museovirasto.D580C0398BF66F6215B89147678234F5&index=0&size=large', '/Cover/Show?source=Solr&id=museovirasto.D580C0398BF66F6215B89147678234F5&index=1&size=large', '/Cover/Show?source=Solr&id=museovirasto.D580C0398BF66F6215B89147678234F5&index=2&size=large']","[{'name': 'Gesellius, Herman', 'role': 'suunnittelija'}, {'name': 'Lindgren, Armas', 'role': 'suunnittelija'}, {'name': 'Saarinen, Eliel', 'role': 'suunnittelija'}]","[['uunit'], ['sisustus'], ['tulisijat'], ['art nouveau'], ['kaakelit'], ['kaakeliuunit'], ['arkkitehtuuri']]",uunikaakeli,1901.0,Eliel Saarinen,27
1236,museovirasto.FA92C94250C21409AAF530EA15F4886A,"['/Cover/Show?source=Solr&id=museovirasto.FA92C94250C21409AAF530EA15F4886A&index=0&size=large', '/Cover/Show?source=Solr&id=museovirasto.FA92C94250C21409AAF530EA15F4886A&index=1&size=large']","[{'name': 'Gesellius, Herman', 'role': 'suunnittelija'}, {'name': 'Lindgren, Armas', 'role': 'suunnittelija'}, {'name': 'Saarinen, Eliel', 'role': 'suunnittelija'}]","[['kaakeliuunit'], ['arkkitehtuuri'], ['uunit'], ['sisustus'], ['tulisijat'], ['art nouveau'], ['kaakelit']]",uunikaakeli,1901.0,Eliel Saarinen,27
1237,museovirasto.1C23559AE81C931316EC7B73D7173B46,"['/Cover/Show?source=Solr&id=museovirasto.1C23559AE81C931316EC7B73D7173B46&index=0&size=large', '/Cover/Show?source=Solr&id=museovirasto.1C23559AE81C931316EC7B73D7173B46&index=1&size=large', '/Cover/Show?source=Solr&id=museovirasto.1C23559AE81C931316EC7B73D7173B46&index=2&size=large', '/Cover/Show?source=Solr&id=museovirasto.1C23559AE81C931316EC7B73D7173B46&index=3&size=large', '/Cover/Show?source=Solr&id=museovirasto.1C23559AE81C931316EC7B73D7173B46&index=4&size=large', '/Cover/Show?source=Solr&id=museovirasto.1C23559AE81C931316EC7B73D7173B46&index=5&size=large']","[{'name': 'Saarinen, Eliel', 'role': 'suunnittelija'}, {'name': 'Suomen Yleinen Käsiteollisuusyhdistys', 'role': 'valmistuttaja'}]","[['tuolit'], ['huonekalut']]",pikkutuoli; tuoli,1902.0,Eliel Saarinen,27
1238,museovirasto.1C61AA85408BA4BAD93F0D759C1BE29F,"['/Cover/Show?source=Solr&id=museovirasto.1C61AA85408BA4BAD93F0D759C1BE29F&index=0&size=large', '/Cover/Show?source=Solr&id=museovirasto.1C61AA85408BA4BAD93F0D759C1BE29F&index=1&size=large', '/Cover/Show?source=Solr&id=museovirasto.1C61AA85408BA4BAD93F0D759C1BE29F&index=2&size=large', '/Cover/Show?source=Solr&id=museovirasto.1C61AA85408BA4BAD93F0D759C1BE29F&index=3&size=large']","[{'name': 'Saarinen, Eliel', 'role': 'suunnittelija'}]","[['tuolit'], ['huonekalut'], ['istuimet']]",käsinojallinen pikkutuoli; tuoli,1902.0,Eliel Saarinen,27
1239,museovirasto.231D2D588F05A7A14CE393707D8AD5D7,"['/Cover/Show?source=Solr&id=museovirasto.231D2D588F05A7A14CE393707D8AD5D7&index=0&size=large', '/Cover/Show?source=Solr&id=museovirasto.231D2D588F05A7A14CE393707D8AD5D7&index=1&size=large', '/Cover/Show?source=Solr&id=museovirasto.231D2D588F05A7A14CE393707D8AD5D7&index=2&size=large', '/Cover/Show?source=Solr&id=museovirasto.231D2D588F05A7A14CE393707D8AD5D7&index=3&size=large', '/Cover/Show?source=Solr&id=museovirasto.231D2D588F05A7A14CE393707D8AD5D7&index=4&size=large', '/Cover/Show?source=Solr&id=museovirasto.231D2D588F05A7A14CE393707D8AD5D7&index=5&size=large']","[{'name': 'Saarinen, Eliel', 'role': 'suunnittelija'}, {'name': 'Suomen Yleinen Käsiteollisuusyhdistys', 'role': 'valmistuttaja'}]","[['tuolit'], ['huonekalut'], ['art nouveau'], ['jugend'], ['sisustus']]",tuoli; pikkutuoli,1902.0,Eliel Saarinen,27
1240,museovirasto.452EC4BB678294A2009D5431ABDA9593,"['/Cover/Show?source=Solr&id=museovirasto.452EC4BB678294A2009D5431ABDA9593&index=0&size=large', '/Cover/Show?source=Solr&id=museovirasto.452EC4BB678294A2009D5431ABDA9593&index=1&size=large']","[{'name': 'Saarinen, Eliel', 'role': 'suunnittelija'}]","[['huonekalut'], ['tuolit'], ['istuimet'], ['sisustus']]",tuoli; käsinojallinen pikkutuoli,1902.0,Eliel Saarinen,27
1241,museovirasto.534C1F0BD852DC3D3F284C7CB0A529EF,"['/Cover/Show?source=Solr&id=museovirasto.534C1F0BD852DC3D3F284C7CB0A529EF&index=0&size=large', '/Cover/Show?source=Solr&id=museovirasto.534C1F0BD852DC3D3F284C7CB0A529EF&index=1&size=large']","[{'name': 'Saarinen, Eliel', 'role': 'suunnittelija'}, {'name': 'Suomen Yleinen Käsiteollisuusyhdistys', 'role': 'valmistuttaja'}]","[['tuolit'], ['huonekalut']]",pikkutuoli; tuoli,1902.0,Eliel Saarinen,27
1242,museovirasto.5479A4A46237B2A90D028F0E20044490,"['/Cover/Show?source=Solr&id=museovirasto.5479A4A46237B2A90D028F0E20044490&index=0&size=large', '/Cover/Show?source=Solr&id=museovirasto.5479A4A46237B2A90D028F0E20044490&index=1&size=large']","[{'name': 'Andstén', 'role': 'tekijä'}, {'name': 'Saarinen, Eliel', 'role': 'suunnittelija'}]","[['uunit'], ['tulisijat'], ['kaakeliuunit'], ['uuninluukut'], ['sisustus'], ['arkkitehtuuri'], ['messinkityöt']]",uuni; kaakeliuuni,1902.0,Eliel Saarinen,27
1243,museovirasto.6DE448D27F85940304F31A61A3830865,"['/Cover/Show?source=Solr&id=museovirasto.6DE448D27F85940304F31A61A3830865&index=0&size=large', '/Cover/Show?source=Solr&id=museovirasto.6DE448D27F85940304F31A61A3830865&index=1&size=large', '/Cover/Show?source=Solr&id=museovirasto.6DE448D27F85940304F31A61A3830865&index=2&size=large', '/Cover/Show?source=Solr&id=museovirasto.6DE448D27F85940304F31A61A3830865&index=3&size=large']","[{'name': 'Andstén', 'role': 'tekijä'}, {'name': 'H. H. Kasten', 'role': 'tekijä'}, {'name': 'Saarinen, Eliel', 'role': 'suunnittelija'}]","[['tulisijat'], ['messinkityöt'], ['luukut'], ['arkkitehtuuri'], ['art nouveau'], ['uunit'], ['kaakelit'], ['kaakeliuunit']]",kaakeliuuni; uuni; tulisija,1902.0,Eliel Saarinen,27
1244,museovirasto.74EB2E4536D8FBD5CED6435E1833855C,"['/Cover/Show?source=Solr&id=museovirasto.74EB2E4536D8FBD5CED6435E1833855C&index=0&size=large', '/Cover/Show?source=Solr&id=museovirasto.74EB2E4536D8FBD5CED6435E1833855C&index=1&size=large']","[{'name': 'Saarinen, Eliel', 'role': 'suunnittelija'}]","[['tulisijat'], ['uunit'], ['kaakeliuunit'], ['arkkitehtuuri'], ['sisustus'], ['koristemaalaus'], ['luukut']]",uuni; kaakeliuuni,1902.0,Eliel Saarinen,27
1245,museovirasto.88B2898B89ADFAFEC0C5BA89F4D16F64,"['/Cover/Show?source=Solr&id=museovirasto.88B2898B89ADFAFEC0C5BA89F4D16F64&index=0&size=large', '/Cover/Show?source=Solr&id=museovirasto.88B2898B89ADFAFEC0C5BA89F4D16F64&index=1&size=large', '/Cover/Show?source=Solr&id=museovirasto.88B2898B89ADFAFEC0C5BA89F4D16F64&index=2&size=large', '/Cover/Show?source=Solr&id=museovirasto.88B2898B89ADFAFEC0C5BA89F4D16F64&index=3&size=large', '/Cover/Show?source=Solr&id=museovirasto.88B2898B89ADFAFEC0C5BA89F4D16F64&index=4&size=large', '/Cover/Show?source=Solr&id=museovirasto.88B2898B89ADFAFEC0C5BA89F4D16F64&index=5&size=large', '/Cover/Show?source=Solr&id=museovirasto.88B2898B89ADFAFEC0C5BA89F4D16F64&index=6&size=large', '/Cover/Show?source=Solr&id=museovirasto.88B2898B89ADFAFEC0C5BA89F4D16F64&index=7&size=large', '/Cover/Show?source=Solr&id=museovirasto.88B2898B89ADFAFEC0C5BA89F4D16F64&index=8&size=large', '/Cover/Show?source=Solr&id=museovirasto.88B2898B89ADFAFEC0C5BA89F4D16F64&index=9&size=large', '/Cover/Show?source=Solr&id=museovirasto.88B2898B89ADFAFEC0C5BA89F4D16F64&index=10&size=large', '/Cover/Show?source=Solr&id=museovirasto.88B2898B89ADFAFEC0C5BA89F4D16F64&index=11&size=large']","[{'name': 'Andstén', 'role': 'tekijä'}, {'name': 'Ehrström, Eric O. W.', 'role': 'suunnittelija'}, {'name': 'Saarinen, Eliel', 'role': 'suunnittelija'}]","[['uunit'], ['tulisijat'], ['luukut'], ['kaakeliuunit'], ['kaakelit'], ['kuparityöt'], ['sisustus'], ['art nouveau'], ['arkkitehtuuri']]",uuni; tulisija; kaakeliuuni,1902.0,Eliel Saarinen,27
1246,museovirasto.95ED8FDAA62C1604E5EE053AD1D48161,"['/Cover/Show?source=Solr&id=museovirasto.95ED8FDAA62C1604E5EE053AD1D48161&index=0&size=large', '/Cover/Show?source=Solr&id=museovirasto.95ED8FDAA62C1604E5EE053AD1D48161&index=1&size=large', '/Cover/Show?source=Solr&id=museovirasto.95ED8FDAA62C1604E5EE053AD1D48161&index=2&size=large', '/Cover/Show?source=Solr&id=museovirasto.95ED8FDAA62C1604E5EE053AD1D48161&index=3&size=large', '/Cover/Show?source=Solr&id=museovirasto.95ED8FDAA62C1604E5EE053AD1D48161&index=4&size=large']","[{'name': 'Saarinen, Eliel', 'role': 'suunnittelija'}, {'name': 'Suomen Yleinen Käsiteollisuusyhdistys', 'role': 'valmistuttaja'}]","[['tuolit'], ['huonekalut']]",pikkutuoli; tuoli,1902.0,Eliel Saarinen,27
1247,museovirasto.9894E72380E87C351B56397EAADEE891,"['/Cover/Show?source=Solr&id=museovirasto.9894E72380E87C351B56397EAADEE891&index=0&size=large', '/Cover/Show?source=Solr&id=museovirasto.9894E72380E87C351B56397EAADEE891&index=1&size=large', '/Cover/Show?source=Solr&id=museovirasto.9894E72380E87C351B56397EAADEE891&index=2&size=large', '/Cover/Show?source=Solr&id=museovirasto.9894E72380E87C351B56397EAADEE891&index=3&size=large', '/Cover/Show?source=Solr&id=museovirasto.9894E72380E87C351B56397EAADEE891&index=4&size=large', '/Cover/Show?source=Solr&id=museovirasto.9894E72380E87C351B56397EAADEE891&index=5&size=large', '/Cover/Show?source=Solr&id=museovirasto.9894E72380E87C351B56397EAADEE891&index=6&size=large', '/Cover/Show?source=Solr&id=museovirasto.9894E72380E87C351B56397EAADEE891&index=7&size=large', '/Cover/Show?source=Solr&id=museovirasto.9894E72380E87C351B56397EAADEE891&index=8&size=large', '/Cover/Show?source=Solr&id=museovirasto.9894E72380E87C351B56397EAADEE891&index=9&size=large']","[{'name': 'Saarinen, Eliel', 'role': 'suunnittelija'}]","[['huonekalut'], ['tuolit'], ['istuimet']]",käsinojallinen pikkutuoli; tuoli,1902.0,Eliel Saarinen,27
1248,museovirasto.B2E6A6A7CDEDEDC990932115DBA4C60E,"['/Cover/Show?source=Solr&id=museovirasto.B2E6A6A7CDEDEDC990932115DBA4C60E&index=0&size=large', '/Cover/Show?source=Solr&id=museovirasto.B2E6A6A7CDEDEDC990932115DBA4C60E&index=1&size=large']","[{'name': 'Arabia', 'role': 'valmistaja'}, {'name': 'H. H. Kasten', 'role': 'valmistaja'}, {'name': 'Ehrström, Eric O. W.', 'role': 'tekijä'}, {'name': 'Niskala-Luostarinen, Marke', 'role': 'suunnittelija'}, {'name': 'Saarinen, Eliel', 'role': 'suunnittelija'}]","[['tulisijat'], ['takat'], ['arkkitehtuuri'], ['sisustus']]",takka,1902.0,Eliel Saarinen,27
1249,museovirasto.DC742C9A49BFA251B1A03161C9EBFABD,"['/Cover/Show?source=Solr&id=museovirasto.DC742C9A49BFA251B1A03161C9EBFABD&index=0&size=large', '/Cover/Show?source=Solr&id=museovirasto.DC742C9A49BFA251B1A03161C9EBFABD&index=1&size=large', '/Cover/Show?source=Solr&id=museovirasto.DC742C9A49BFA251B1A03161C9EBFABD&index=2&size=large', '/Cover/Show?source=Solr&id=museovirasto.DC742C9A49BFA251B1A03161C9EBFABD&index=3&size=large', '/Cover/Show?source=Solr&id=museovirasto.DC742C9A49BFA251B1A03161C9EBFABD&index=4&size=large', '/Cover/Show?source=Solr&id=museovirasto.DC742C9A49BFA251B1A03161C9EBFABD&index=5&size=large']","[{'name': 'Saarinen, Eliel', 'role': 'suunnittelija'}]","[['istuimet'], ['tuolit'], ['huonekalut']]",käsinojallinen pikkutuoli; tuoli,1902.0,Eliel Saarinen,27
1250,museovirasto.02935D0A1FE6BD5068FBAF4811A04FA7,"['/Cover/Show?source=Solr&id=museovirasto.02935D0A1FE6BD5068FBAF4811A04FA7&index=0&size=large', '/Cover/Show?source=Solr&id=museovirasto.02935D0A1FE6BD5068FBAF4811A04FA7&index=1&size=large', '/Cover/Show?source=Solr&id=museovirasto.02935D0A1FE6BD5068FBAF4811A04FA7&index=2&size=large', '/Cover/Show?source=Solr&id=museovirasto.02935D0A1FE6BD5068FBAF4811A04FA7&index=3&size=large', '/Cover/Show?source=Solr&id=museovirasto.02935D0A1FE6BD5068FBAF4811A04FA7&index=4&size=large', '/Cover/Show?source=Solr&id=museovirasto.02935D0A1FE6BD5068FBAF4811A04FA7&index=5&size=large', '/Cover/Show?source=Solr&id=museovirasto.02935D0A1FE6BD5068FBAF4811A04FA7&index=6&size=large', '/Cover/Show?source=Solr&id=museovirasto.02935D0A1FE6BD5068FBAF4811A04FA7&index=7&size=large']","[{'name': 'Hartman, Alexander', 'role': 'tekijä'}, {'name': 'Saarinen, Eliel', 'role': 'suunnittelija'}]","[['valaistus'], ['valaisimet'], ['kyntteliköt'], ['sisustus'], ['art nouveau']]",kynttelikkö; valaisin,1903.0,Eliel Saarinen,27
1251,museovirasto.077BD2DEA2AC1CC9624C1CF6A136C2FE,"['/Cover/Show?source=Solr&id=museovirasto.077BD2DEA2AC1CC9624C1CF6A136C2FE&index=0&size=large', '/Cover/Show?source=Solr&id=museovirasto.077BD2DEA2AC1CC9624C1CF6A136C2FE&index=1&size=large', '/Cover/Show?source=Solr&id=museovirasto.077BD2DEA2AC1CC9624C1CF6A136C2FE&index=2&size=large', '/Cover/Show?source=Solr&id=museovirasto.077BD2DEA2AC1CC9624C1CF6A136C2FE&index=3&size=large']","[{'name': 'Saarinen, Eliel', 'role': 'suunnittelija'}]","[['kalusteet'], ['kukkapöydät'], ['pöydät'], ['huonekasvit'], ['sisustus']]",kukkapöytä,1903.0,Eliel Saarinen,27
1252,museovirasto.0FF962C5FB94CCA17B5170D58A2443B1,"['/Cover/Show?source=Solr&id=museovirasto.0FF962C5FB94CCA17B5170D58A2443B1&index=0&size=large', '/Cover/Show?source=Solr&id=museovirasto.0FF962C5FB94CCA17B5170D58A2443B1&index=1&size=large']","[{'name': 'N. Bomanin höyrypuusepäntehdas', 'role': 'tekijä'}, {'name': 'Saarinen, Eliel', 'role': 'suunnittelija'}]","[['kaapit'], ['yöpöydät'], ['huonekalut'], ['sisustus'], ['makuuhuoneet']]",kaappi; yöpöytä,1903.0,Eliel Saarinen,27
1253,museovirasto.11EAAD0EA2055954E67764030041FC9E,"['/Cover/Show?source=Solr&id=museovirasto.11EAAD0EA2055954E67764030041FC9E&index=0&size=large', '/Cover/Show?source=Solr&id=museovirasto.11EAAD0EA2055954E67764030041FC9E&index=1&size=large', '/Cover/Show?source=Solr&id=museovirasto.11EAAD0EA2055954E67764030041FC9E&index=2&size=large', '/Cover/Show?source=Solr&id=museovirasto.11EAAD0EA2055954E67764030041FC9E&index=3&size=large']","[{'name': 'Hartman, Alexander', 'role': 'tekijä'}, {'name': 'Saarinen, Eliel', 'role': 'suunnittelija'}]","[['valaisimet'], ['valaistus'], ['art nouveau'], ['sisustus'], ['kyntteliköt']]",kynttelikkö; valaisin,1903.0,Eliel Saarinen,27
1254,museovirasto.174160EF0458907B3BED2B70630BF7C9,"['/Cover/Show?source=Solr&id=museovirasto.174160EF0458907B3BED2B70630BF7C9&index=0&size=large', '/Cover/Show?source=Solr&id=museovirasto.174160EF0458907B3BED2B70630BF7C9&index=1&size=large', '/Cover/Show?source=Solr&id=museovirasto.174160EF0458907B3BED2B70630BF7C9&index=2&size=large', '/Cover/Show?source=Solr&id=museovirasto.174160EF0458907B3BED2B70630BF7C9&index=3&size=large']","[{'name': 'Saarinen, Eliel', 'role': 'suunnittelija'}]","[['pöydät'], ['kukkapöydät'], ['kalusteet'], ['sisustus'], ['huonekasvit']]",kukkapöytä,1903.0,Eliel Saarinen,27
1255,museovirasto.17AAB31650FD68310124D38D33A18F68,"['/Cover/Show?source=Solr&id=museovirasto.17AAB31650FD68310124D38D33A18F68&index=0&size=large', '/Cover/Show?source=Solr&id=museovirasto.17AAB31650FD68310124D38D33A18F68&index=1&size=large', '/Cover/Show?source=Solr&id=museovirasto.17AAB31650FD68310124D38D33A18F68&index=2&size=large', '/Cover/Show?source=Solr&id=museovirasto.17AAB31650FD68310124D38D33A18F68&index=3&size=large', '/Cover/Show?source=Solr&id=museovirasto.17AAB31650FD68310124D38D33A18F68&index=4&size=large', '/Cover/Show?source=Solr&id=museovirasto.17AAB31650FD68310124D38D33A18F68&index=5&size=large']","[{'name': 'Saarinen, Eliel', 'role': 'suunnittelija'}]","[['vaatekaapit'], ['huonekalut'], ['sisustus'], ['art nouveau'], ['jugend'], ['eteistilat']]",vaatenaulakko,1903.0,Eliel Saarinen,27
1256,museovirasto.3FA646C96B8903E6B60A72F8A9C0C0B1,"['/Cover/Show?source=Solr&id=museovirasto.3FA646C96B8903E6B60A72F8A9C0C0B1&index=0&size=large', '/Cover/Show?source=Solr&id=museovirasto.3FA646C96B8903E6B60A72F8A9C0C0B1&index=1&size=large', '/Cover/Show?source=Solr&id=museovirasto.3FA646C96B8903E6B60A72F8A9C0C0B1&index=2&size=large', '/Cover/Show?source=Solr&id=museovirasto.3FA646C96B8903E6B60A72F8A9C0C0B1&index=3&size=large']","[{'name': 'Saarinen, Eliel', 'role': 'suunnittelija'}, {'name': 'Andstén', 'role': 'valmistaja'}, {'name': 'H. H. Kasten', 'role': 'tekijä'}, {'name': 'Ehrström, Eric O. W.', 'role': 'tekijä'}, {'name': 'Ehrström, Eric O. W.', 'role': 'tekijä'}]",[],tulisija; kaakeliuuni,1903.0,Eliel Saarinen,27
1257,museovirasto.40EF8BDE5151978444CDC456EF4F61B4,"['/Cover/Show?source=Solr&id=museovirasto.40EF8BDE5151978444CDC456EF4F61B4&index=0&size=large', '/Cover/Show?source=Solr&id=museovirasto.40EF8BDE5151978444CDC456EF4F61B4&index=1&size=large']","[{'name': 'Saarinen, Eliel', 'role': 'suunnittelija'}]","[['makuuhuoneet'], ['kaapit'], ['art nouveau'], ['yöpöydät'], ['sisustus'], ['huonekalut']]",kaappi; yöpöytä,1903.0,Eliel Saarinen,27
1258,museovirasto.45500240F50DB6D4B65AE730382A0F28,"['/Cover/Show?source=Solr&id=museovirasto.45500240F50DB6D4B65AE730382A0F28&index=0&size=large', '/Cover/Show?source=Solr&id=museovirasto.45500240F50DB6D4B65AE730382A0F28&index=1&size=large', '/Cover/Show?source=Solr&id=museovirasto.45500240F50DB6D4B65AE730382A0F28&index=2&size=large', '/Cover/Show?source=Solr&id=museovirasto.45500240F50DB6D4B65AE730382A0F28&index=3&size=large']","[{'name': 'Saarinen, Eliel', 'role': 'suunnittelija'}]","[['kaapit'], ['seinävitriinit'], ['kylpyhuoneet'], ['huonekalut'], ['art nouveau']]",kaappi; vitriinikaappi,1903.0,Eliel Saarinen,27
1259,museovirasto.51ED29D592C90D639A2B0D447F84F247,"['/Cover/Show?source=Solr&id=museovirasto.51ED29D592C90D639A2B0D447F84F247&index=0&size=large', '/Cover/Show?source=Solr&id=museovirasto.51ED29D592C90D639A2B0D447F84F247&index=1&size=large', '/Cover/Show?source=Solr&id=museovirasto.51ED29D592C90D639A2B0D447F84F247&index=2&size=large', '/Cover/Show?source=Solr&id=museovirasto.51ED29D592C90D639A2B0D447F84F247&index=3&size=large', '/Cover/Show?source=Solr&id=museovirasto.51ED29D592C90D639A2B0D447F84F247&index=4&size=large', '/Cover/Show?source=Solr&id=museovirasto.51ED29D592C90D639A2B0D447F84F247&index=5&size=large']","[{'name': 'Saarinen, Eliel', 'role': 'suunnittelija'}]","[['pöydät'], ['kukkapöydät'], ['kalusteet'], ['sisustus'], ['huonekasvit']]",kukkapöytä,1903.0,Eliel Saarinen,27
1260,museovirasto.57E301D496B5F58E7D356843420D7B0F,"['/Cover/Show?source=Solr&id=museovirasto.57E301D496B5F58E7D356843420D7B0F&index=0&size=large', '/Cover/Show?source=Solr&id=museovirasto.57E301D496B5F58E7D356843420D7B0F&index=1&size=large', '/Cover/Show?source=Solr&id=museovirasto.57E301D496B5F58E7D356843420D7B0F&index=2&size=large', '/Cover/Show?source=Solr&id=museovirasto.57E301D496B5F58E7D356843420D7B0F&index=3&size=large']","[{'name': 'Saarinen, Eliel', 'role': 'suunnittelija'}]","[['telineet'], ['säilytyskalusteet'], ['säilytystelineet'], ['puutyöt'], ['sisustus'], ['huonekalut']]",teline; piirustusrullateline,1903.0,Eliel Saarinen,27
1261,museovirasto.8E2089D7EA03030E411803CB43689F90,"['/Cover/Show?source=Solr&id=museovirasto.8E2089D7EA03030E411803CB43689F90&index=0&size=large', '/Cover/Show?source=Solr&id=museovirasto.8E2089D7EA03030E411803CB43689F90&index=1&size=large']","[{'name': 'Hartman, Alexander', 'role': 'tekijä'}, {'name': 'Saarinen, Eliel', 'role': 'suunnittelija'}]","[['valaistus'], ['kyntteliköt'], ['sisustus'], ['art nouveau'], ['valaisimet']]",kynttelikkö,1903.0,Eliel Saarinen,27
1262,museovirasto.9033DBA68D6EF8D3E7628F425BC9066B,"['/Cover/Show?source=Solr&id=museovirasto.9033DBA68D6EF8D3E7628F425BC9066B&index=0&size=large', '/Cover/Show?source=Solr&id=museovirasto.9033DBA68D6EF8D3E7628F425BC9066B&index=1&size=large', '/Cover/Show?source=Solr&id=museovirasto.9033DBA68D6EF8D3E7628F425BC9066B&index=2&size=large', '/Cover/Show?source=Solr&id=museovirasto.9033DBA68D6EF8D3E7628F425BC9066B&index=3&size=large']","[{'name': 'Hartman, Alexander', 'role': 'tekijä'}, {'name': 'Saarinen, Eliel', 'role': 'suunnittelija'}]","[['kynttilänjalat'], ['valaistus'], ['sisustus'], ['art nouveau']]",kynttilänjalka,1903.0,Eliel Saarinen,27
1263,museovirasto.908FBBCE4F735C53BAA10834C3595A45,"['/Cover/Show?source=Solr&id=museovirasto.908FBBCE4F735C53BAA10834C3595A45&index=0&size=large', '/Cover/Show?source=Solr&id=museovirasto.908FBBCE4F735C53BAA10834C3595A45&index=1&size=large', '/Cover/Show?source=Solr&id=museovirasto.908FBBCE4F735C53BAA10834C3595A45&index=2&size=large', '/Cover/Show?source=Solr&id=museovirasto.908FBBCE4F735C53BAA10834C3595A45&index=3&size=large']","[{'name': 'Hartman, Alexander', 'role': 'tekijä'}, {'name': 'Saarinen, Eliel', 'role': 'suunnittelija'}]","[['sisustus'], ['kyntteliköt'], ['valaisimet'], ['valaistus'], ['art nouveau']]",kynttelikkö; valaisin,1903.0,Eliel Saarinen,27
1264,museovirasto.9137E1FBC1DEA9827C9298B17D9C03CB,"['/Cover/Show?source=Solr&id=museovirasto.9137E1FBC1DEA9827C9298B17D9C03CB&index=0&size=large', '/Cover/Show?source=Solr&id=museovirasto.9137E1FBC1DEA9827C9298B17D9C03CB&index=1&size=large']","[{'name': 'Saarinen, Eliel', 'role': 'kaivertaja'}]","[['grafiikka'], ['taulut'], ['arkkitehtuuri'], ['rakennukset'], ['kartanot'], ['jugend']]",taulu; Suur-Merijoen kartano,1903.0,Eliel Saarinen,27
1265,museovirasto.96FE15BC4529C93B5D7E3746A109E8DB,"['/Cover/Show?source=Solr&id=museovirasto.96FE15BC4529C93B5D7E3746A109E8DB&index=0&size=large', '/Cover/Show?source=Solr&id=museovirasto.96FE15BC4529C93B5D7E3746A109E8DB&index=1&size=large']","[{'name': 'Saarinen, Eliel', 'role': 'suunnittelija'}]","[['huonekasvit'], ['pöydät'], ['kukkapöydät'], ['sisustus'], ['art nouveau']]",kukkapöytä; pöytä,1903.0,Eliel Saarinen,27
1266,museovirasto.99D70F39D8F5E01539B130408FB166AF,"['/Cover/Show?source=Solr&id=museovirasto.99D70F39D8F5E01539B130408FB166AF&index=0&size=large', '/Cover/Show?source=Solr&id=museovirasto.99D70F39D8F5E01539B130408FB166AF&index=1&size=large', '/Cover/Show?source=Solr&id=museovirasto.99D70F39D8F5E01539B130408FB166AF&index=2&size=large', '/Cover/Show?source=Solr&id=museovirasto.99D70F39D8F5E01539B130408FB166AF&index=3&size=large']","[{'name': 'Saarinen, Eliel', 'role': 'suunnittelija'}]","[['sohvat'], ['huonekalut'], ['sisustus']]",sohva,1903.0,Eliel Saarinen,27
1267,museovirasto.A399E4BD93C6722E36DF7722DC1002BD,"['/Cover/Show?source=Solr&id=museovirasto.A399E4BD93C6722E36DF7722DC1002BD&index=0&size=large', '/Cover/Show?source=Solr&id=museovirasto.A399E4BD93C6722E36DF7722DC1002BD&index=1&size=large']","[{'name': 'Saarinen, Eliel', 'role': 'suunnittelija'}]","[['kaapit'], ['seinävitriinit'], ['kylpyhuoneet'], ['huonekalut'], ['art nouveau']]",kaappi; vitriinikaappi,1903.0,Eliel Saarinen,27
1268,museovirasto.A8A7AAE3F71AD27FA4EF73F1A56A9F15,"['/Cover/Show?source=Solr&id=museovirasto.A8A7AAE3F71AD27FA4EF73F1A56A9F15&index=0&size=large', '/Cover/Show?source=Solr&id=museovirasto.A8A7AAE3F71AD27FA4EF73F1A56A9F15&index=1&size=large', '/Cover/Show?source=Solr&id=museovirasto.A8A7AAE3F71AD27FA4EF73F1A56A9F15&index=2&size=large', '/Cover/Show?source=Solr&id=museovirasto.A8A7AAE3F71AD27FA4EF73F1A56A9F15&index=3&size=large']","[{'name': 'Saarinen, Eliel', 'role': 'suunnittelija'}]","[['valaistus'], ['lyhdyt'], ['ulkovalaistus'], ['valaisimet'], ['puutarhat'], ['art nouveau']]",valaisin; lyhty,1903.0,Eliel Saarinen,27
1269,museovirasto.AFF39FBFAFE3ABEFA1FB9A95240A5E6C,"['/Cover/Show?source=Solr&id=museovirasto.AFF39FBFAFE3ABEFA1FB9A95240A5E6C&index=0&size=large', '/Cover/Show?source=Solr&id=museovirasto.AFF39FBFAFE3ABEFA1FB9A95240A5E6C&index=1&size=large', '/Cover/Show?source=Solr&id=museovirasto.AFF39FBFAFE3ABEFA1FB9A95240A5E6C&index=2&size=large', '/Cover/Show?source=Solr&id=museovirasto.AFF39FBFAFE3ABEFA1FB9A95240A5E6C&index=3&size=large']","[{'name': 'Hartman, Alexander', 'role': 'tekijä'}, {'name': 'Saarinen, Eliel', 'role': 'suunnittelija'}]","[['valaisimet'], ['kyntteliköt'], ['sisustus'], ['art nouveau'], ['valaistus']]",kynttelikkö; valaisin,1903.0,Eliel Saarinen,27
1270,museovirasto.B47E7D1E4D40DE4AB0E93B85BF3CAD03,"['/Cover/Show?source=Solr&id=museovirasto.B47E7D1E4D40DE4AB0E93B85BF3CAD03&index=0&size=large', '/Cover/Show?source=Solr&id=museovirasto.B47E7D1E4D40DE4AB0E93B85BF3CAD03&index=1&size=large']","[{'name': 'Andstén', 'role': 'tekijä'}, {'name': 'Saarinen, Eliel', 'role': 'suunnittelija'}]","[['kaakelit'], ['sisustus'], ['reliefit'], ['tulisijat'], ['art nouveau'], ['kaakeliuunit'], ['arkkitehtuuri']]",uunikaakeli,1903.0,Eliel Saarinen,27
1271,museovirasto.B5FCB7A0352EB392960536E2F9AFDBB4,"['/Cover/Show?source=Solr&id=museovirasto.B5FCB7A0352EB392960536E2F9AFDBB4&index=0&size=large', '/Cover/Show?source=Solr&id=museovirasto.B5FCB7A0352EB392960536E2F9AFDBB4&index=1&size=large']","[{'name': 'Saarinen, Eliel', 'role': 'suunnittelija'}]","[['yöpöydät'], ['kaapit'], ['makuuhuoneet'], ['huonekalut'], ['sisustus'], ['art nouveau']]",kaappi; yöpöytä,1903.0,Eliel Saarinen,27
1272,museovirasto.BB1D63A53B5838D57BFE9EFA90E78CCC,"['/Cover/Show?source=Solr&id=museovirasto.BB1D63A53B5838D57BFE9EFA90E78CCC&index=0&size=large', '/Cover/Show?source=Solr&id=museovirasto.BB1D63A53B5838D57BFE9EFA90E78CCC&index=1&size=large', '/Cover/Show?source=Solr&id=museovirasto.BB1D63A53B5838D57BFE9EFA90E78CCC&index=2&size=large', '/Cover/Show?source=Solr&id=museovirasto.BB1D63A53B5838D57BFE9EFA90E78CCC&index=3&size=large']","[{'name': 'Saarinen, Eliel', 'role': 'suunnittelija'}]","[['halkolaatikot'], ['säilytyskalusteet'], ['säilytyslaatikot'], ['sisustus'], ['huonekalut']]",halkolaatikko,1903.0,Eliel Saarinen,27
1273,museovirasto.BB953A150E42ED4197C185D86B60A6D1,"['/Cover/Show?source=Solr&id=museovirasto.BB953A150E42ED4197C185D86B60A6D1&index=0&size=large', '/Cover/Show?source=Solr&id=museovirasto.BB953A150E42ED4197C185D86B60A6D1&index=1&size=large', '/Cover/Show?source=Solr&id=museovirasto.BB953A150E42ED4197C185D86B60A6D1&index=2&size=large']","[{'name': 'Hartman, Alexander', 'role': 'tekijä'}, {'name': 'Saarinen, Eliel', 'role': 'suunnittelija'}]","[['valaistus'], ['kynttilänjalat'], ['sisustus']]",valaisin; kynttilänjalka,1903.0,Eliel Saarinen,27
1274,museovirasto.BCA2C19F3F21EF8EA7C2275898ED8C88,"['/Cover/Show?source=Solr&id=museovirasto.BCA2C19F3F21EF8EA7C2275898ED8C88&index=0&size=large', '/Cover/Show?source=Solr&id=museovirasto.BCA2C19F3F21EF8EA7C2275898ED8C88&index=1&size=large', '/Cover/Show?source=Solr&id=museovirasto.BCA2C19F3F21EF8EA7C2275898ED8C88&index=2&size=large', '/Cover/Show?source=Solr&id=museovirasto.BCA2C19F3F21EF8EA7C2275898ED8C88&index=3&size=large', '/Cover/Show?source=Solr&id=museovirasto.BCA2C19F3F21EF8EA7C2275898ED8C88&index=4&size=large', '/Cover/Show?source=Solr&id=museovirasto.BCA2C19F3F21EF8EA7C2275898ED8C88&index=5&size=large', '/Cover/Show?source=Solr&id=museovirasto.BCA2C19F3F21EF8EA7C2275898ED8C88&index=6&size=large', '/Cover/Show?source=Solr&id=museovirasto.BCA2C19F3F21EF8EA7C2275898ED8C88&index=7&size=large', '/Cover/Show?source=Solr&id=museovirasto.BCA2C19F3F21EF8EA7C2275898ED8C88&index=8&size=large', '/Cover/Show?source=Solr&id=museovirasto.BCA2C19F3F21EF8EA7C2275898ED8C88&index=9&size=large', '/Cover/Show?source=Solr&id=museovirasto.BCA2C19F3F21EF8EA7C2275898ED8C88&index=10&size=large', '/Cover/Show?source=Solr&id=museovirasto.BCA2C19F3F21EF8EA7C2275898ED8C88&index=11&size=large', '/Cover/Show?source=Solr&id=museovirasto.BCA2C19F3F21EF8EA7C2275898ED8C88&index=12&size=large', '/Cover/Show?source=Solr&id=museovirasto.BCA2C19F3F21EF8EA7C2275898ED8C88&index=13&size=large']","[{'name': 'Saarinen, Eliel', 'role': 'suunnittelija'}, {'name': 'Vuorio, Anelma', 'role': 'suunnittelija'}, {'name': 'Niskala-Luostarinen, Marke', 'role': 'suunnittelija'}]","[['kaapit'], ['laatikostot'], ['huonekalut'], ['ateljeet'], ['sisustus'], ['jugend']]",kaapisto; piirustuslaatikosto ja kaappi -yhdistelmä,1903.0,Eliel Saarinen,27
1275,museovirasto.CFFFC7CCB934953EBD14A980E9AF5096,"['/Cover/Show?source=Solr&id=museovirasto.CFFFC7CCB934953EBD14A980E9AF5096&index=0&size=large', '/Cover/Show?source=Solr&id=museovirasto.CFFFC7CCB934953EBD14A980E9AF5096&index=1&size=large', '/Cover/Show?source=Solr&id=museovirasto.CFFFC7CCB934953EBD14A980E9AF5096&index=2&size=large', '/Cover/Show?source=Solr&id=museovirasto.CFFFC7CCB934953EBD14A980E9AF5096&index=3&size=large', '/Cover/Show?source=Solr&id=museovirasto.CFFFC7CCB934953EBD14A980E9AF5096&index=4&size=large', '/Cover/Show?source=Solr&id=museovirasto.CFFFC7CCB934953EBD14A980E9AF5096&index=5&size=large', '/Cover/Show?source=Solr&id=museovirasto.CFFFC7CCB934953EBD14A980E9AF5096&index=6&size=large', '/Cover/Show?source=Solr&id=museovirasto.CFFFC7CCB934953EBD14A980E9AF5096&index=7&size=large', '/Cover/Show?source=Solr&id=museovirasto.CFFFC7CCB934953EBD14A980E9AF5096&index=8&size=large', '/Cover/Show?source=Solr&id=museovirasto.CFFFC7CCB934953EBD14A980E9AF5096&index=9&size=large']","[{'name': 'Suomen Yleinen Käsiteollisuusyhdistys', 'role': 'tekijä'}, {'name': 'Saarinen, Eliel', 'role': 'suunnittelija'}]","[['huonekalut'], ['pöydät'], ['peilipöydät']]",pukeutumispöytä; kampauspöytä; toilettipöytä; pöytä,1903.0,Eliel Saarinen,27
1276,museovirasto.D707830226BEAC612629B1703C2B65BC,"['/Cover/Show?source=Solr&id=museovirasto.D707830226BEAC612629B1703C2B65BC&index=0&size=large', '/Cover/Show?source=Solr&id=museovirasto.D707830226BEAC612629B1703C2B65BC&index=1&size=large']","[{'name': 'Andstén', 'role': 'tekijä'}, {'name': 'Saarinen, Eliel', 'role': 'suunnittelija'}]","[['reliefit'], ['arkkitehtuuri'], ['sisustus'], ['kaakeliuunit'], ['kaakelit'], ['art nouveau'], ['tulisijat']]",uunikaakeli,1903.0,Eliel Saarinen,27
1277,museovirasto.D89FAE08F9A18679A2B9010B473BBAB5,"['/Cover/Show?source=Solr&id=museovirasto.D89FAE08F9A18679A2B9010B473BBAB5&index=0&size=large', '/Cover/Show?source=Solr&id=museovirasto.D89FAE08F9A18679A2B9010B473BBAB5&index=1&size=large', '/Cover/Show?source=Solr&id=museovirasto.D89FAE08F9A18679A2B9010B473BBAB5&index=2&size=large']","[{'name': 'Andstén', 'role': 'tekijä'}, {'name': 'Saarinen, Eliel', 'role': 'suunnittelija'}]","[['reliefit'], ['kaakelit'], ['kaakeliuunit'], ['sisustus'], ['tulisijat'], ['arkkitehtuuri'], ['art nouveau']]",uunikaakeli,1903.0,Eliel Saarinen,27
1278,museovirasto.DAF23399350D633D534AC1B6C7749BF4,"['/Cover/Show?source=Solr&id=museovirasto.DAF23399350D633D534AC1B6C7749BF4&index=0&size=large', '/Cover/Show?source=Solr&id=museovirasto.DAF23399350D633D534AC1B6C7749BF4&index=1&size=large', '/Cover/Show?source=Solr&id=museovirasto.DAF23399350D633D534AC1B6C7749BF4&index=2&size=large', '/Cover/Show?source=Solr&id=museovirasto.DAF23399350D633D534AC1B6C7749BF4&index=3&size=large']","[{'name': 'Saarinen, Eliel', 'role': 'suunnittelija'}]","[['apupöydät'], ['huonekalut'], ['pöydät'], ['jugend'], ['art nouveau']]",pöytä,1903.0,Eliel Saarinen,27
1279,museovirasto.E3BED93DC1E23D31315D24D3C702DAF5,"['/Cover/Show?source=Solr&id=museovirasto.E3BED93DC1E23D31315D24D3C702DAF5&index=0&size=large', '/Cover/Show?source=Solr&id=museovirasto.E3BED93DC1E23D31315D24D3C702DAF5&index=1&size=large']","[{'name': 'N. Bomanin höyrypuusepäntehdas', 'role': 'tekijä'}, {'name': 'Saarinen, Eliel', 'role': 'suunnittelija'}]","[['yöpöydät'], ['kaapit'], ['makuuhuoneet'], ['sisustus'], ['huonekalut']]",yöpöytä; kaappi,1903.0,Eliel Saarinen,27
1280,museovirasto.EFD50203717A4DD063B0EC05F8C10094,"['/Cover/Show?source=Solr&id=museovirasto.EFD50203717A4DD063B0EC05F8C10094&index=0&size=large', '/Cover/Show?source=Solr&id=museovirasto.EFD50203717A4DD063B0EC05F8C10094&index=1&size=large']","[{'name': 'Saarinen, Eliel', 'role': 'suunnittelija'}]","[['kaapit'], ['hyllyköt'], ['art nouveau'], ['huonekalut'], ['sisustus']]",kaappi; hyllykkö,1903.0,Eliel Saarinen,27
1281,museovirasto.B4712447DC0530CAF27B1C46A541F56C,"['/Cover/Show?source=Solr&id=museovirasto.B4712447DC0530CAF27B1C46A541F56C&index=0&size=large', '/Cover/Show?source=Solr&id=museovirasto.B4712447DC0530CAF27B1C46A541F56C&index=1&size=large']","[{'name': 'Saarinen, Eliel', 'role': 'suunnittelija'}]","[['tekstiilit'], ['kodintekstiilit'], ['sohvatyynyt'], ['pannunmyssyt']]",tyynynpäällinen,1904.0,Eliel Saarinen,27
1282,museovirasto.C630F760F6F24170D10090EE8D373D1F,['/Cover/Show?source=Solr&id=museovirasto.C630F760F6F24170D10090EE8D373D1F&index=0&size=large'],"[{'name': 'Saarinen, Eliel', 'role': 'suunnittelija'}]","[['tekstiilit'], ['sisustustekstiilit'], ['pöytäliinat']]",pöytäliina,1904.0,Eliel Saarinen,27
1283,museovirasto.0AFA2F3C35D75D78A179EFC67A458533,"['/Cover/Show?source=Solr&id=museovirasto.0AFA2F3C35D75D78A179EFC67A458533&index=0&size=large', '/Cover/Show?source=Solr&id=museovirasto.0AFA2F3C35D75D78A179EFC67A458533&index=1&size=large']","[{'name': 'Vuorio, Anelma', 'role': 'suunnittelija'}, {'name': 'Saarinen, Eliel', 'role': 'suunnittelija'}]","[['kaapit'], ['apupöydät'], ['huonekalut'], ['sisustus']]",kaappi; apupöytä,1905.0,Eliel Saarinen,27
1284,museovirasto.139AFDA048662287AF89B2853D1B9B80,"['/Cover/Show?source=Solr&id=museovirasto.139AFDA048662287AF89B2853D1B9B80&index=0&size=large', '/Cover/Show?source=Solr&id=museovirasto.139AFDA048662287AF89B2853D1B9B80&index=1&size=large', '/Cover/Show?source=Solr&id=museovirasto.139AFDA048662287AF89B2853D1B9B80&index=2&size=large', '/Cover/Show?source=Solr&id=museovirasto.139AFDA048662287AF89B2853D1B9B80&index=3&size=large']","[{'name': 'Saarinen, Eliel', 'role': 'suunnittelija'}]","[['valaisimet'], ['kattovalaisimet'], ['öljylamput'], ['fragmentit'], ['valaisimet'], ['art nouveau']]",kattovalaisin; fragmentti,1905.0,Eliel Saarinen,27
1285,museovirasto.1898E3E0AF5933B2293E1EFC14DFC4CC,"['/Cover/Show?source=Solr&id=museovirasto.1898E3E0AF5933B2293E1EFC14DFC4CC&index=0&size=large', '/Cover/Show?source=Solr&id=museovirasto.1898E3E0AF5933B2293E1EFC14DFC4CC&index=1&size=large']","[{'name': 'Saarinen, Eliel', 'role': 'suunnittelija'}, {'name': 'Vuorio, Anelma', 'role': 'suunnittelija'}]","[['kaapit'], ['apupöydät'], ['huonekalut'], ['sisustus']]",kaappi; apupöytä,1905.0,Eliel Saarinen,27
1286,museovirasto.2716A961CC3EE7AF8C49BE85E391E353,"['/Cover/Show?source=Solr&id=museovirasto.2716A961CC3EE7AF8C49BE85E391E353&index=0&size=large', '/Cover/Show?source=Solr&id=museovirasto.2716A961CC3EE7AF8C49BE85E391E353&index=1&size=large', '/Cover/Show?source=Solr&id=museovirasto.2716A961CC3EE7AF8C49BE85E391E353&index=2&size=large', '/Cover/Show?source=Solr&id=museovirasto.2716A961CC3EE7AF8C49BE85E391E353&index=3&size=large', '/Cover/Show?source=Solr&id=museovirasto.2716A961CC3EE7AF8C49BE85E391E353&index=4&size=large', '/Cover/Show?source=Solr&id=museovirasto.2716A961CC3EE7AF8C49BE85E391E353&index=5&size=large', '/Cover/Show?source=Solr&id=museovirasto.2716A961CC3EE7AF8C49BE85E391E353&index=6&size=large']","[{'name': 'Saarinen, Eliel', 'role': 'suunnittelija'}, {'name': 'N. Bomanin höyrypuusepäntehdas', 'role': 'valmistaja'}]","[['huonekalut'], ['tuolit'], ['lastenistuimet'], ['lastenhuoneet'], ['sisustus'], ['lastenhuonekalut'], ['art nouveau'], ['jugend']]",tuoli; lastentuoli,1905.0,Eliel Saarinen,27
1287,museovirasto.312B6D372EBF4C77095E4E985FBE8C64,"['/Cover/Show?source=Solr&id=museovirasto.312B6D372EBF4C77095E4E985FBE8C64&index=0&size=large', '/Cover/Show?source=Solr&id=museovirasto.312B6D372EBF4C77095E4E985FBE8C64&index=1&size=large', '/Cover/Show?source=Solr&id=museovirasto.312B6D372EBF4C77095E4E985FBE8C64&index=2&size=large', '/Cover/Show?source=Solr&id=museovirasto.312B6D372EBF4C77095E4E985FBE8C64&index=3&size=large', '/Cover/Show?source=Solr&id=museovirasto.312B6D372EBF4C77095E4E985FBE8C64&index=4&size=large', '/Cover/Show?source=Solr&id=museovirasto.312B6D372EBF4C77095E4E985FBE8C64&index=5&size=large', '/Cover/Show?source=Solr&id=museovirasto.312B6D372EBF4C77095E4E985FBE8C64&index=6&size=large', '/Cover/Show?source=Solr&id=museovirasto.312B6D372EBF4C77095E4E985FBE8C64&index=7&size=large', '/Cover/Show?source=Solr&id=museovirasto.312B6D372EBF4C77095E4E985FBE8C64&index=8&size=large', '/Cover/Show?source=Solr&id=museovirasto.312B6D372EBF4C77095E4E985FBE8C64&index=9&size=large']","[{'name': 'N. Bomanin höyrypuusepäntehdas', 'role': 'valmistaja'}, {'name': 'Saarinen, Eliel', 'role': 'suunnittelija'}]","[['istuimet'], ['upotuskoristelu'], ['penkit'], ['huonekalut'], ['sisustus'], ['art nouveau'], ['jugend']]",penkki; ryijyn aluspenkki,1905.0,Eliel Saarinen,27
1288,museovirasto.49F00908EF6496EC0C07C28DFF43BF69,"['/Cover/Show?source=Solr&id=museovirasto.49F00908EF6496EC0C07C28DFF43BF69&index=0&size=large', '/Cover/Show?source=Solr&id=museovirasto.49F00908EF6496EC0C07C28DFF43BF69&index=1&size=large']","[{'name': 'N. Bomanin höyrypuusepäntehdas', 'role': 'valmistaja'}, {'name': 'Saarinen, Eliel', 'role': 'suunnittelija'}]","[['tuolit'], ['nojatuolit'], ['huonekalut'], ['sisustus'], ['art nouveau'], ['jugend']]",nojatuoli; tuoli,1905.0,Eliel Saarinen,27
1289,museovirasto.7D005C10038944E00946988C794E7353,"['/Cover/Show?source=Solr&id=museovirasto.7D005C10038944E00946988C794E7353&index=0&size=large', '/Cover/Show?source=Solr&id=museovirasto.7D005C10038944E00946988C794E7353&index=1&size=large', '/Cover/Show?source=Solr&id=museovirasto.7D005C10038944E00946988C794E7353&index=2&size=large', '/Cover/Show?source=Solr&id=museovirasto.7D005C10038944E00946988C794E7353&index=3&size=large']","[{'name': 'Hartman, Alexander', 'role': 'valmistaja'}, {'name': 'Saarinen, Eliel', 'role': 'suunnittelija'}]","[['välineet'], ['tulisijat'], ['takkauunit'], ['sisustus'], ['art nouveau'], ['jugend'], ['taontatyöt'], ['harjat']]",hiiliharja,1905.0,Eliel Saarinen,27
1290,museovirasto.82BD99A47DB784C9D88A904A5174F218,"['/Cover/Show?source=Solr&id=museovirasto.82BD99A47DB784C9D88A904A5174F218&index=0&size=large', '/Cover/Show?source=Solr&id=museovirasto.82BD99A47DB784C9D88A904A5174F218&index=1&size=large', '/Cover/Show?source=Solr&id=museovirasto.82BD99A47DB784C9D88A904A5174F218&index=2&size=large', '/Cover/Show?source=Solr&id=museovirasto.82BD99A47DB784C9D88A904A5174F218&index=3&size=large', '/Cover/Show?source=Solr&id=museovirasto.82BD99A47DB784C9D88A904A5174F218&index=4&size=large', '/Cover/Show?source=Solr&id=museovirasto.82BD99A47DB784C9D88A904A5174F218&index=5&size=large', '/Cover/Show?source=Solr&id=museovirasto.82BD99A47DB784C9D88A904A5174F218&index=6&size=large', '/Cover/Show?source=Solr&id=museovirasto.82BD99A47DB784C9D88A904A5174F218&index=7&size=large']","[{'name': 'N. Bomanin höyrypuusepäntehdas', 'role': 'valmistaja'}, {'name': 'Ahlström', 'role': 'valmistaja'}, {'name': 'Ehrström, Eric O. W.', 'role': 'suunnittelija'}, {'name': 'Saarinen, Eliel', 'role': 'suunnittelija'}]","[['kaappikellot'], ['kellot'], ['jugend'], ['art nouveau'], ['sisustus'], ['upotuskoristelu']]",kaappikello,1905.0,Eliel Saarinen,27
1291,museovirasto.918767FA212FD17D45F8280A7EEC6989,"['/Cover/Show?source=Solr&id=museovirasto.918767FA212FD17D45F8280A7EEC6989&index=0&size=large', '/Cover/Show?source=Solr&id=museovirasto.918767FA212FD17D45F8280A7EEC6989&index=1&size=large', '/Cover/Show?source=Solr&id=museovirasto.918767FA212FD17D45F8280A7EEC6989&index=2&size=large', '/Cover/Show?source=Solr&id=museovirasto.918767FA212FD17D45F8280A7EEC6989&index=3&size=large', '/Cover/Show?source=Solr&id=museovirasto.918767FA212FD17D45F8280A7EEC6989&index=4&size=large']","[{'name': 'Hartman, Alexander', 'role': 'valmistaja'}, {'name': 'Saarinen, Eliel', 'role': 'suunnittelija'}]","[['välineet'], ['tulisijat'], ['takkauunit'], ['hiilihangot'], ['sisustus'], ['art nouveau'], ['jugend'], ['taontatyöt']]",hiilihanko,1905.0,Eliel Saarinen,27
1292,museovirasto.ADC5E5B26B936B6AECAE0A9A337AEB5B,"['/Cover/Show?source=Solr&id=museovirasto.ADC5E5B26B936B6AECAE0A9A337AEB5B&index=0&size=large', '/Cover/Show?source=Solr&id=museovirasto.ADC5E5B26B936B6AECAE0A9A337AEB5B&index=1&size=large']","[{'name': 'N. Bomanin höyrypuusepäntehdas', 'role': 'valmistaja'}, {'name': 'Saarinen, Eliel', 'role': 'suunnittelija'}]","[['tuolit'], ['nojatuolit'], ['art nouveau'], ['jugend'], ['huonekalut'], ['sisustus']]",tuoli; nojatuoli,1905.0,Eliel Saarinen,27
1293,museovirasto.BA238F0A2C80A81C6B8BF14523ECF2C3,"['/Cover/Show?source=Solr&id=museovirasto.BA238F0A2C80A81C6B8BF14523ECF2C3&index=0&size=large', '/Cover/Show?source=Solr&id=museovirasto.BA238F0A2C80A81C6B8BF14523ECF2C3&index=1&size=large']","[{'name': 'Saarinen, Eliel', 'role': 'suunnittelija'}, {'name': 'N. Bomanin höyrypuusepäntehdas', 'role': 'valmistaja'}]","[['lastenhuoneet'], ['huonekalut'], ['tuolit'], ['lastenistuimet'], ['art nouveau'], ['jugend'], ['sisustus'], ['lastenhuonekalut']]",lastentuoli; tuoli,1905.0,Eliel Saarinen,27
1294,museovirasto.BB04F5756F098750767818DB1993919D,"['/Cover/Show?source=Solr&id=museovirasto.BB04F5756F098750767818DB1993919D&index=0&size=large', '/Cover/Show?source=Solr&id=museovirasto.BB04F5756F098750767818DB1993919D&index=1&size=large', '/Cover/Show?source=Solr&id=museovirasto.BB04F5756F098750767818DB1993919D&index=2&size=large', '/Cover/Show?source=Solr&id=museovirasto.BB04F5756F098750767818DB1993919D&index=3&size=large']","[{'name': 'Hartman, Alexander', 'role': 'valmistaja'}, {'name': 'Saarinen, Eliel', 'role': 'suunnittelija'}]","[['välineet'], ['tulisijat'], ['takkauunit'], ['sisustus'], ['art nouveau'], ['jugend'], ['taontatyöt'], ['hiililapiot']]",hiililapio,1905.0,Eliel Saarinen,27
1295,museovirasto.C57AC73DDC408FA0FE426CAA459827F1,"['/Cover/Show?source=Solr&id=museovirasto.C57AC73DDC408FA0FE426CAA459827F1&index=0&size=large', '/Cover/Show?source=Solr&id=museovirasto.C57AC73DDC408FA0FE426CAA459827F1&index=1&size=large']","[{'name': 'Saarinen, Eliel', 'role': 'suunnittelija'}, {'name': 'N. Bomanin höyrypuusepäntehdas', 'role': 'valmistaja'}]","[['huonekalut'], ['tuolit'], ['lastenistuimet'], ['lastenhuoneet'], ['art nouveau'], ['jugend'], ['sisustus'], ['lastenhuonekalut']]",lastentuoli; tuoli,1905.0,Eliel Saarinen,27
1296,museovirasto.C71E59CE31F5749138B584EBA9FFF3F6,"['/Cover/Show?source=Solr&id=museovirasto.C71E59CE31F5749138B584EBA9FFF3F6&index=0&size=large', '/Cover/Show?source=Solr&id=museovirasto.C71E59CE31F5749138B584EBA9FFF3F6&index=1&size=large', '/Cover/Show?source=Solr&id=museovirasto.C71E59CE31F5749138B584EBA9FFF3F6&index=2&size=large', '/Cover/Show?source=Solr&id=museovirasto.C71E59CE31F5749138B584EBA9FFF3F6&index=3&size=large', '/Cover/Show?source=Solr&id=museovirasto.C71E59CE31F5749138B584EBA9FFF3F6&index=4&size=large', '/Cover/Show?source=Solr&id=museovirasto.C71E59CE31F5749138B584EBA9FFF3F6&index=5&size=large', '/Cover/Show?source=Solr&id=museovirasto.C71E59CE31F5749138B584EBA9FFF3F6&index=6&size=large', '/Cover/Show?source=Solr&id=museovirasto.C71E59CE31F5749138B584EBA9FFF3F6&index=7&size=large']","[{'name': 'N. Bomanin höyrypuusepäntehdas', 'role': 'valmistaja'}, {'name': 'Saarinen, Eliel', 'role': 'suunnittelija'}]","[['pelipöydät'], ['pelit'], ['shakki'], ['huonekalut'], ['sisustus'], ['art nouveau'], ['jugend'], ['pöydät']]",pelipöytä,1905.0,Eliel Saarinen,27
1297,museovirasto.CAF8C6A4D900EFA74D77DA25A41F006C,"['/Cover/Show?source=Solr&id=museovirasto.CAF8C6A4D900EFA74D77DA25A41F006C&index=0&size=large', '/Cover/Show?source=Solr&id=museovirasto.CAF8C6A4D900EFA74D77DA25A41F006C&index=1&size=large']","[{'name': 'N. Bomanin höyrypuusepäntehdas', 'role': 'valmistaja'}, {'name': 'Saarinen, Eliel', 'role': 'suunnittelija'}]","[['tuolit'], ['nojatuolit'], ['huonekalut'], ['sisustus'], ['art nouveau'], ['jugend']]",tuoli; nojatuoli,1905.0,Eliel Saarinen,27
1298,tmk.160987966987700,"['/Cover/Show?source=Solr&id=tmk.160987966987700&index=0&size=large', '/Cover/Show?source=Solr&id=tmk.160987966987700&index=1&size=large', '/Cover/Show?source=Solr&id=tmk.160987966987700&index=2&size=large', '/Cover/Show?source=Solr&id=tmk.160987966987700&index=3&size=large']","[{'name': 'Eliel Saarinen', 'role': 'suunnittelija'}, {'name': 'Hjalmar Edvard Fagerroos', 'role': 'valmistaja'}]",[['käyttöaika\n\t\t\t\t\t\t\n\t\t\t\t\t\t1906\n\t\t\t\t\t\t -  1918']],hedelmä- ja kukka-astia; pöytäastia,1906.0,Eliel Saarinen,27
1299,museovirasto.243DE7502C8351E00ABBC26E2E45F126,"['/Cover/Show?source=Solr&id=museovirasto.243DE7502C8351E00ABBC26E2E45F126&index=0&size=large', '/Cover/Show?source=Solr&id=museovirasto.243DE7502C8351E00ABBC26E2E45F126&index=1&size=large', '/Cover/Show?source=Solr&id=museovirasto.243DE7502C8351E00ABBC26E2E45F126&index=2&size=large', '/Cover/Show?source=Solr&id=museovirasto.243DE7502C8351E00ABBC26E2E45F126&index=3&size=large', '/Cover/Show?source=Solr&id=museovirasto.243DE7502C8351E00ABBC26E2E45F126&index=4&size=large', '/Cover/Show?source=Solr&id=museovirasto.243DE7502C8351E00ABBC26E2E45F126&index=5&size=large', '/Cover/Show?source=Solr&id=museovirasto.243DE7502C8351E00ABBC26E2E45F126&index=6&size=large', '/Cover/Show?source=Solr&id=museovirasto.243DE7502C8351E00ABBC26E2E45F126&index=7&size=large', '/Cover/Show?source=Solr&id=museovirasto.243DE7502C8351E00ABBC26E2E45F126&index=8&size=large', '/Cover/Show?source=Solr&id=museovirasto.243DE7502C8351E00ABBC26E2E45F126&index=9&size=large', '/Cover/Show?source=Solr&id=museovirasto.243DE7502C8351E00ABBC26E2E45F126&index=10&size=large', '/Cover/Show?source=Solr&id=museovirasto.243DE7502C8351E00ABBC26E2E45F126&index=11&size=large', '/Cover/Show?source=Solr&id=museovirasto.243DE7502C8351E00ABBC26E2E45F126&index=12&size=large', '/Cover/Show?source=Solr&id=museovirasto.243DE7502C8351E00ABBC26E2E45F126&index=13&size=large', '/Cover/Show?source=Solr&id=museovirasto.243DE7502C8351E00ABBC26E2E45F126&index=14&size=large', '/Cover/Show?source=Solr&id=museovirasto.243DE7502C8351E00ABBC26E2E45F126&index=15&size=large', '/Cover/Show?source=Solr&id=museovirasto.243DE7502C8351E00ABBC26E2E45F126&index=16&size=large', '/Cover/Show?source=Solr&id=museovirasto.243DE7502C8351E00ABBC26E2E45F126&index=17&size=large']","[{'name': 'N. Bomanin höyrypuusepäntehdas', 'role': 'valmistaja'}, {'name': 'Saarinen, Eliel', 'role': 'suunnittelija'}]","[['tuolit'], ['huonekalut'], ['jugend']]",tuoli,1907.0,Eliel Saarinen,27
1300,museovirasto.960AFC09B9ECD000F08F151736AF6913,"['/Cover/Show?source=Solr&id=museovirasto.960AFC09B9ECD000F08F151736AF6913&index=0&size=large', '/Cover/Show?source=Solr&id=museovirasto.960AFC09B9ECD000F08F151736AF6913&index=1&size=large', '/Cover/Show?source=Solr&id=museovirasto.960AFC09B9ECD000F08F151736AF6913&index=2&size=large', '/Cover/Show?source=Solr&id=museovirasto.960AFC09B9ECD000F08F151736AF6913&index=3&size=large', '/Cover/Show?source=Solr&id=museovirasto.960AFC09B9ECD000F08F151736AF6913&index=4&size=large', '/Cover/Show?source=Solr&id=museovirasto.960AFC09B9ECD000F08F151736AF6913&index=5&size=large', '/Cover/Show?source=Solr&id=museovirasto.960AFC09B9ECD000F08F151736AF6913&index=6&size=large', '/Cover/Show?source=Solr&id=museovirasto.960AFC09B9ECD000F08F151736AF6913&index=7&size=large']","[{'name': 'N. Bomanin höyrypuusepäntehdas', 'role': 'valmistaja'}, {'name': 'Saarinen, Eliel', 'role': 'suunnittelija'}]","[['kirjoituspöydät'], ['art nouveau'], ['huonekalut'], ['pöydät'], ['upotuskoristelu']]",kirjoituspöytä,1907.0,Eliel Saarinen,27
1301,museovirasto.B53D0B0071A1C0AC9FAE6AAA734A30EB,"['/Cover/Show?source=Solr&id=museovirasto.B53D0B0071A1C0AC9FAE6AAA734A30EB&index=0&size=large', '/Cover/Show?source=Solr&id=museovirasto.B53D0B0071A1C0AC9FAE6AAA734A30EB&index=1&size=large']","[{'name': 'Saarinen, Eliel', 'role': 'tekijä'}]","[['taide'], ['taulut'], ['litografia'], ['sisustus'], ['art nouveau'], ['jugend'], ['grafiikka']]",taulu; sisäkuva; sisäkuva Hvitträskistä,1907.0,Eliel Saarinen,27
1302,museovirasto.2E03B443387C42723902FDAFDF41E18D,"['/Cover/Show?source=Solr&id=museovirasto.2E03B443387C42723902FDAFDF41E18D&index=0&size=large', '/Cover/Show?source=Solr&id=museovirasto.2E03B443387C42723902FDAFDF41E18D&index=1&size=large']","[{'name': 'N. Bomanin höyrypuusepäntehdas', 'role': 'tekijä'}, {'name': 'Saarinen, Eliel', 'role': 'suunnittelija'}]","[['sohvat'], ['huonekalut'], ['art nouveau'], ['sisustus']]",sohva,1908.0,Eliel Saarinen,27
1303,museovirasto.33F78527F7D8C37418C5CA6049A80196,"['/Cover/Show?source=Solr&id=museovirasto.33F78527F7D8C37418C5CA6049A80196&index=0&size=large', '/Cover/Show?source=Solr&id=museovirasto.33F78527F7D8C37418C5CA6049A80196&index=1&size=large']","[{'name': 'N. Bomanin höyrypuusepäntehdas', 'role': 'tekijä'}, {'name': 'Saarinen, Eliel', 'role': 'suunnittelija'}]","[['sisustus'], ['peilit'], ['seinäpeilit'], ['art nouveau']]",peili; seinäpeili,1908.0,Eliel Saarinen,27
1304,museovirasto.4007CAC4F34C57A42B61B809322B9B01,"['/Cover/Show?source=Solr&id=museovirasto.4007CAC4F34C57A42B61B809322B9B01&index=0&size=large', '/Cover/Show?source=Solr&id=museovirasto.4007CAC4F34C57A42B61B809322B9B01&index=1&size=large']","[{'name': 'Saarinen, Eliel', 'role': 'suunnittelija'}, {'name': 'Niskala-Luostarinen, Marke', 'role': 'suunnittelija'}]","[['jakkarat'], ['istuimet'], ['huonekalut'], ['sisustus'], ['art nouveau'], ['lastenhuoneet']]",jakkara (kopio); lastenjakkara,1908.0,Eliel Saarinen,27
1305,museovirasto.532EC5CA599DFE74D8EAB6A06677FDE0,"['/Cover/Show?source=Solr&id=museovirasto.532EC5CA599DFE74D8EAB6A06677FDE0&index=0&size=large', '/Cover/Show?source=Solr&id=museovirasto.532EC5CA599DFE74D8EAB6A06677FDE0&index=1&size=large', '/Cover/Show?source=Solr&id=museovirasto.532EC5CA599DFE74D8EAB6A06677FDE0&index=2&size=large', '/Cover/Show?source=Solr&id=museovirasto.532EC5CA599DFE74D8EAB6A06677FDE0&index=3&size=large', '/Cover/Show?source=Solr&id=museovirasto.532EC5CA599DFE74D8EAB6A06677FDE0&index=4&size=large', '/Cover/Show?source=Solr&id=museovirasto.532EC5CA599DFE74D8EAB6A06677FDE0&index=5&size=large', '/Cover/Show?source=Solr&id=museovirasto.532EC5CA599DFE74D8EAB6A06677FDE0&index=6&size=large', '/Cover/Show?source=Solr&id=museovirasto.532EC5CA599DFE74D8EAB6A06677FDE0&index=7&size=large']","[{'name': 'Saarinen, Eliel', 'role': 'suunnittelija'}, {'name': 'N. Bomanin höyrypuusepäntehdas', 'role': 'valmistaja'}]","[['tuolit'], ['huonekalut']]",tuoli; nojatuoli,1908.0,Eliel Saarinen,27
1306,museovirasto.56F6A3AEA66228CF64087409E8D1434D,"['/Cover/Show?source=Solr&id=museovirasto.56F6A3AEA66228CF64087409E8D1434D&index=0&size=large', '/Cover/Show?source=Solr&id=museovirasto.56F6A3AEA66228CF64087409E8D1434D&index=1&size=large']","[{'name': 'Saarinen, Eliel', 'role': 'suunnittelija'}]","[['sisustus'], ['pöydät'], ['huonekalut'], ['jugend'], ['art nouveau']]",pöytä; lastenhuoneen pöytä,1908.0,Eliel Saarinen,27
1307,museovirasto.5EA54FD4BF682B875F17560791172063,"['/Cover/Show?source=Solr&id=museovirasto.5EA54FD4BF682B875F17560791172063&index=0&size=large', '/Cover/Show?source=Solr&id=museovirasto.5EA54FD4BF682B875F17560791172063&index=1&size=large', '/Cover/Show?source=Solr&id=museovirasto.5EA54FD4BF682B875F17560791172063&index=2&size=large', '/Cover/Show?source=Solr&id=museovirasto.5EA54FD4BF682B875F17560791172063&index=3&size=large']","[{'name': 'N. Bomanin höyrypuusepäntehdas', 'role': 'tekijä'}, {'name': 'Saarinen, Eliel', 'role': 'suunnittelija'}]","[['art nouveau'], ['yöpöydät'], ['huonekalut'], ['makuuhuoneet'], ['sisal']]",yöpöytä,1908.0,Eliel Saarinen,27
1308,museovirasto.6879952E7550C3B74BE8AA9B88FCA872,"['/Cover/Show?source=Solr&id=museovirasto.6879952E7550C3B74BE8AA9B88FCA872&index=0&size=large', '/Cover/Show?source=Solr&id=museovirasto.6879952E7550C3B74BE8AA9B88FCA872&index=1&size=large']","[{'name': 'Saarinen, Eliel', 'role': 'suunnittelija'}, {'name': 'Niskala-Luostarinen, Marke', 'role': 'suunnittelija'}]","[['sisustus'], ['huonekalut'], ['istuimet'], ['lastenhuoneet'], ['jakkarat'], ['art nouveau']]",jakkara (kopio); lastenjakkara,1908.0,Eliel Saarinen,27
1309,museovirasto.7352C9DE98E6F29ADA02692DA5B0811E,"['/Cover/Show?source=Solr&id=museovirasto.7352C9DE98E6F29ADA02692DA5B0811E&index=0&size=large', '/Cover/Show?source=Solr&id=museovirasto.7352C9DE98E6F29ADA02692DA5B0811E&index=1&size=large']","[{'name': 'Saarinen, Eliel', 'role': 'suunnittelija'}, {'name': 'N. Bomanin höyrypuusepäntehdas', 'role': 'valmistaja'}]","[['tuolit'], ['huonekalut']]",nojatuoli; tuoli,1908.0,Eliel Saarinen,27
1310,museovirasto.CB0C0CCA155D8EF0E5703AAC97082166,"['/Cover/Show?source=Solr&id=museovirasto.CB0C0CCA155D8EF0E5703AAC97082166&index=0&size=large', '/Cover/Show?source=Solr&id=museovirasto.CB0C0CCA155D8EF0E5703AAC97082166&index=1&size=large']","[{'name': 'Saarinen, Eliel', 'role': 'suunnittelija'}, {'name': 'N. Bomanin höyrypuusepäntehdas', 'role': 'valmistaja'}]","[['tuolit'], ['huonekalut']]",nojatuoli; tuoli,1908.0,Eliel Saarinen,27
1311,museovirasto.D14BFC4A70485757E17980CD4344422A,"['/Cover/Show?source=Solr&id=museovirasto.D14BFC4A70485757E17980CD4344422A&index=0&size=large', '/Cover/Show?source=Solr&id=museovirasto.D14BFC4A70485757E17980CD4344422A&index=1&size=large', '/Cover/Show?source=Solr&id=museovirasto.D14BFC4A70485757E17980CD4344422A&index=2&size=large', '/Cover/Show?source=Solr&id=museovirasto.D14BFC4A70485757E17980CD4344422A&index=3&size=large']","[{'name': 'Arabia', 'role': 'tekijä'}, {'name': 'Niskala-Luostarinen, Marke', 'role': 'suunnittelija'}, {'name': 'Saarinen, Eliel', 'role': 'suunnittelija'}]","[['uunit'], ['kaakeliuunit'], ['tulisijat'], ['luukut'], ['kuparityöt'], ['kaakelit'], ['arkkitehtuuri'], ['art nouveau'], ['rekonstruktiot'], ['lastenhuoneet']]",tulisija; uuni; kaakeliuuni,1908.0,Eliel Saarinen,27
1312,museovirasto.DFD07C8D3522033ABB7D262036EDF7CA,"['/Cover/Show?source=Solr&id=museovirasto.DFD07C8D3522033ABB7D262036EDF7CA&index=0&size=large', '/Cover/Show?source=Solr&id=museovirasto.DFD07C8D3522033ABB7D262036EDF7CA&index=1&size=large', '/Cover/Show?source=Solr&id=museovirasto.DFD07C8D3522033ABB7D262036EDF7CA&index=2&size=large', '/Cover/Show?source=Solr&id=museovirasto.DFD07C8D3522033ABB7D262036EDF7CA&index=3&size=large']","[{'name': 'N. Bomanin höyrypuusepäntehdas', 'role': 'tekijä'}, {'name': 'Saarinen, Eliel', 'role': 'suunnittelija'}]","[['pöydät'], ['sohvapöydät'], ['art nouveau'], ['huonekalut'], ['sisustus']]",pöytä; sohvapöytä,1908.0,Eliel Saarinen,27
1313,museovirasto.FB0F82C9A902D92175053B0B1393B382,"['/Cover/Show?source=Solr&id=museovirasto.FB0F82C9A902D92175053B0B1393B382&index=0&size=large', '/Cover/Show?source=Solr&id=museovirasto.FB0F82C9A902D92175053B0B1393B382&index=1&size=large']","[{'name': 'Saarinen, Eliel', 'role': 'suunnittelija'}, {'name': 'N. Bomanin höyrypuusepäntehdas', 'role': 'valmistaja'}]","[['tuolit'], ['huonekalut']]",nojatuoli; tuoli,1908.0,Eliel Saarinen,27
1314,museovirasto.FF5848D2986CE72260ABA36248820A4F,"['/Cover/Show?source=Solr&id=museovirasto.FF5848D2986CE72260ABA36248820A4F&index=0&size=large', '/Cover/Show?source=Solr&id=museovirasto.FF5848D2986CE72260ABA36248820A4F&index=1&size=large']","[{'name': 'Saarinen, Eliel', 'role': 'suunnittelija'}]","[['yöpöydät'], ['makuuhuoneet'], ['huonekalut'], ['sisustus']]",pöytä; yöpöytä,1908.0,Eliel Saarinen,27
1315,hkm.1906069E-8FF9-42F4-A853-F70DBB22F27D,['/Cover/Show?source=Solr&id=hkm.1906069E-8FF9-42F4-A853-F70DBB22F27D&index=0&size=large'],"[{'name': 'Suomen Pankki', 'role': 'valmistaja'}, {'name': 'Saarinen, Eliel', 'role': 'suunnittelija', 'id': 'https://isni.org/isni/0000000108899346'}]","[['paperirahat'], ['setelit']]",seteli; viisisataa markkaa,1909.0,Eliel Saarinen,27
1316,hkm.6A7DFB4B-1714-4FC4-BF78-6AE024E60871,['/Cover/Show?source=Solr&id=hkm.6A7DFB4B-1714-4FC4-BF78-6AE024E60871&index=0&size=large'],"[{'name': 'Suomen Pankki', 'role': 'valmistaja'}, {'name': 'Saarinen, Eliel', 'role': 'suunnittelija', 'id': 'https://isni.org/isni/0000000108899346'}]","[['paperirahat'], ['setelit']]",seteli; sata markkaa,1909.0,Eliel Saarinen,27
1317,hkm.80AAC746-4282-4ABE-B762-0C866EA0AF00,['/Cover/Show?source=Solr&id=hkm.80AAC746-4282-4ABE-B762-0C866EA0AF00&index=0&size=large'],"[{'name': 'Tervakoski Oy', 'role': 'valmistaja'}, {'name': 'Suomen Pankin Setelipaino', 'role': 'paino'}, {'name': 'Saarinen, Eliel', 'role': 'suunnittelija', 'id': 'https://isni.org/isni/0000000108899346'}]","[['paperirahat'], ['setelit']]",seteli; viisikymmentä markkaa,1909.0,Eliel Saarinen,27
1318,hkm.9AFA91A4-4555-42FB-8D2A-3D40C5E68A2A,['/Cover/Show?source=Solr&id=hkm.9AFA91A4-4555-42FB-8D2A-3D40C5E68A2A&index=0&size=large'],"[{'name': 'Suomen Pankki', 'role': 'valmistaja'}, {'name': 'Saarinen, Eliel', 'role': 'suunnittelija', 'id': 'https://isni.org/isni/0000000108899346'}]","[['paperirahat'], ['setelit']]",seteli; tuhat markkaa,1909.0,Eliel Saarinen,27
1319,museovirasto.0f782198-9bd1-4e5b-8908-8fdefd224d83,"['/Cover/Show?source=Solr&id=museovirasto.0f782198-9bd1-4e5b-8908-8fdefd224d83&index=0&size=large', '/Cover/Show?source=Solr&id=museovirasto.0f782198-9bd1-4e5b-8908-8fdefd224d83&index=1&size=large']","[{'name': 'Suomen Pankki', 'role': 'valmistuttaja'}, {'name': 'Suomen Pankin setelipaino', 'role': 'valmistaja'}, {'name': 'Saarinen, Eliel', 'role': 'suunnittelija'}]",[['setelirahat']],500 markkaa; Raha; seteli,1909.0,Eliel Saarinen,27
1320,museovirasto.1035A90114B037D96B08297DE7CD2FA6,['/Cover/Show?source=Solr&id=museovirasto.1035A90114B037D96B08297DE7CD2FA6&index=0&size=large'],"[{'name': 'Saarinen, Eliel', 'role': 'suunnittelija'}]",[['käyttöaika 1909-2018']],pöytä; toimistopöytä,1909.0,Eliel Saarinen,27
1321,museovirasto.11C8C5D53506720EE27B898A5C4D7F42,['/Cover/Show?source=Solr&id=museovirasto.11C8C5D53506720EE27B898A5C4D7F42&index=0&size=large'],"[{'name': 'Saarinen, Eliel', 'role': 'suunnittelija'}]",[['käyttöaika 1909-2018']],asemaravintolan puutuoli; tuoli,1909.0,Eliel Saarinen,27
1322,museovirasto.17CBC1C1345EAC409D6EC660A9D113C1,['/Cover/Show?source=Solr&id=museovirasto.17CBC1C1345EAC409D6EC660A9D113C1&index=0&size=large'],"[{'name': 'Saarinen, Eliel', 'role': 'suunnittelija'}]",[['käyttöaika 1909-2018']],kaappi; toimistokaappi,1909.0,Eliel Saarinen,27
1323,museovirasto.18d61824-8c3c-469c-90ef-58ab1712f99e,"['/Cover/Show?source=Solr&id=museovirasto.18d61824-8c3c-469c-90ef-58ab1712f99e&index=0&size=large', '/Cover/Show?source=Solr&id=museovirasto.18d61824-8c3c-469c-90ef-58ab1712f99e&index=1&size=large']","[{'name': 'Suomen Pankki', 'role': 'valmistuttaja'}, {'name': 'Suomen Pankin setelipaino', 'role': 'valmistaja'}, {'name': 'Saarinen, Eliel', 'role': 'suunnittelija'}]",[['setelirahat']],5 markkaa; Raha; seteli,1909.0,Eliel Saarinen,27
1324,museovirasto.1CA0F542BA9926148173DDA53EDE60DF,['/Cover/Show?source=Solr&id=museovirasto.1CA0F542BA9926148173DDA53EDE60DF&index=0&size=large'],"[{'name': 'Saarinen, Eliel', 'role': 'suunnittelija'}]",[['käyttöaika 1909-2018']],asemaravintolan puutuoli; tuoli,1909.0,Eliel Saarinen,27
1325,museovirasto.2A495A3C876A1BCB248A487328FD44CA,['/Cover/Show?source=Solr&id=museovirasto.2A495A3C876A1BCB248A487328FD44CA&index=0&size=large'],"[{'name': 'Saarinen, Eliel', 'role': 'suunnittelija'}]",[['käyttöaika 1909-2018']],toimistotuoli; tuoli,1909.0,Eliel Saarinen,27
1326,museovirasto.2E53AA3471D3282D87AC6117690EC553,['/Cover/Show?source=Solr&id=museovirasto.2E53AA3471D3282D87AC6117690EC553&index=0&size=large'],"[{'name': 'Saarinen, Eliel', 'role': 'suunnittelija'}]",[['käyttöaika 1909-2018']],tuoli,1909.0,Eliel Saarinen,27
1327,museovirasto.313D7556EE4DD6FA3465BD632B0B0F32,['/Cover/Show?source=Solr&id=museovirasto.313D7556EE4DD6FA3465BD632B0B0F32&index=0&size=large'],"[{'name': 'Saarinen, Eliel', 'role': 'suunnittelija'}]",[['käyttöaika 1909-2018']],tuoli,1909.0,Eliel Saarinen,27
1328,museovirasto.351E10A445396AD2B1F1613888B5941F,['/Cover/Show?source=Solr&id=museovirasto.351E10A445396AD2B1F1613888B5941F&index=0&size=large'],"[{'name': 'Saarinen, Eliel', 'role': 'suunnittelija'}]",[['käyttöaika 1909-2018']],toimistokaappi; kaappi,1909.0,Eliel Saarinen,27
1329,museovirasto.35A0DB9FF8E14DCFC291702E59BE3F1C,['/Cover/Show?source=Solr&id=museovirasto.35A0DB9FF8E14DCFC291702E59BE3F1C&index=0&size=large'],"[{'name': 'Saarinen, Eliel', 'role': 'suunnittelija'}]",[['käyttöaika 1909-2018']],tuoli,1909.0,Eliel Saarinen,27
1330,museovirasto.38c04f8f-79be-460b-8dc2-4b3fcf69f0da,"['/Cover/Show?source=Solr&id=museovirasto.38c04f8f-79be-460b-8dc2-4b3fcf69f0da&index=0&size=large', '/Cover/Show?source=Solr&id=museovirasto.38c04f8f-79be-460b-8dc2-4b3fcf69f0da&index=1&size=large']","[{'name': 'Suomen Pankki', 'role': 'valmistuttaja'}, {'name': 'Suomen Pankin setelipaino', 'role': 'valmistaja'}, {'name': 'Saarinen, Eliel', 'role': 'suunnittelija'}]",[['setelirahat']],500 markkaa; Raha; seteli,1909.0,Eliel Saarinen,27
1331,museovirasto.3CF9BD82C8B7036E151BC480D5E5A278,"['/Cover/Show?source=Solr&id=museovirasto.3CF9BD82C8B7036E151BC480D5E5A278&index=0&size=large', '/Cover/Show?source=Solr&id=museovirasto.3CF9BD82C8B7036E151BC480D5E5A278&index=1&size=large']","[{'name': 'Saarinen, Eliel', 'role': 'suunnittelija'}]","[['kirjoituspöydät'], ['käyttöaika 1909-2018']]",pöytä; kirjoituspöytä,1909.0,Eliel Saarinen,27
1332,museovirasto.3a7d97a1-26a0-4bbf-8208-2586f45a7521,"['/Cover/Show?source=Solr&id=museovirasto.3a7d97a1-26a0-4bbf-8208-2586f45a7521&index=0&size=large', '/Cover/Show?source=Solr&id=museovirasto.3a7d97a1-26a0-4bbf-8208-2586f45a7521&index=1&size=large']","[{'name': 'Suomen Pankki', 'role': 'valmistuttaja'}, {'name': 'Suomen Pankin setelipaino', 'role': 'valmistaja'}, {'name': 'Saarinen, Eliel', 'role': 'suunnittelija'}]",[['setelirahat']],100 markkaa; Raha; seteli,1909.0,Eliel Saarinen,27
1333,museovirasto.4066EAF7134B585BAC838AF15024A950,['/Cover/Show?source=Solr&id=museovirasto.4066EAF7134B585BAC838AF15024A950&index=0&size=large'],"[{'name': 'Saarinen, Eliel', 'role': 'suunnittelija'}]",[['käyttöaika 1909-2018']],hyllykkö,1909.0,Eliel Saarinen,27
1334,museovirasto.40CF3EB80B971F7E17EB8CC3BF3D781C,['/Cover/Show?source=Solr&id=museovirasto.40CF3EB80B971F7E17EB8CC3BF3D781C&index=0&size=large'],"[{'name': 'Saarinen, Eliel', 'role': 'suunnittelija'}]",[['käyttöaika 1909-2018']],asemaravintolan puutuoli; tuoli,1909.0,Eliel Saarinen,27
1335,museovirasto.429767FF3B5CE3A23346D34D74F5D041,['/Cover/Show?source=Solr&id=museovirasto.429767FF3B5CE3A23346D34D74F5D041&index=0&size=large'],"[{'name': 'Saarinen, Eliel', 'role': 'suunnittelija'}]",[['käyttöaika 1909-2018']],tuoli,1909.0,Eliel Saarinen,27
1336,museovirasto.42CB3C2EC720F3DF5746D68F98C83AEF,['/Cover/Show?source=Solr&id=museovirasto.42CB3C2EC720F3DF5746D68F98C83AEF&index=0&size=large'],"[{'name': 'Saarinen, Eliel', 'role': 'suunnittelija'}]",[['käyttöaika 1909-2018']],toimistotuoli; tuoli,1909.0,Eliel Saarinen,27
1337,museovirasto.42E01DC783AF418E7C4DFA9D0D2DCB47,"['/Cover/Show?source=Solr&id=museovirasto.42E01DC783AF418E7C4DFA9D0D2DCB47&index=0&size=large', '/Cover/Show?source=Solr&id=museovirasto.42E01DC783AF418E7C4DFA9D0D2DCB47&index=1&size=large']","[{'name': 'Saarinen, Eliel', 'role': 'suunnittelija'}]",[['käyttöaika 1909-2018']],pöytä; asemaravintolan pöytä,1909.0,Eliel Saarinen,27
1338,museovirasto.4C23B4C8D34EC4320C7221EEF6D8987A,['/Cover/Show?source=Solr&id=museovirasto.4C23B4C8D34EC4320C7221EEF6D8987A&index=0&size=large'],"[{'name': 'Saarinen, Eliel', 'role': 'suunnittelija'}]",[['käyttöaika 1909-2018']],asemaravintolan puutuoli; tuoli,1909.0,Eliel Saarinen,27
1339,museovirasto.4CE581A2469F1A15929780D3080D23A6,['/Cover/Show?source=Solr&id=museovirasto.4CE581A2469F1A15929780D3080D23A6&index=0&size=large'],"[{'name': 'Saarinen, Eliel', 'role': 'suunnittelija'}]",[['käyttöaika 1909-2018']],tuoli,1909.0,Eliel Saarinen,27
1340,museovirasto.4E4A4D0C6AED8F11A020E3EB859E56A9,['/Cover/Show?source=Solr&id=museovirasto.4E4A4D0C6AED8F11A020E3EB859E56A9&index=0&size=large'],"[{'name': 'Saarinen, Eliel', 'role': 'suunnittelija'}]",[['käyttöaika 1909-2018']],tuoli,1909.0,Eliel Saarinen,27
1341,museovirasto.516962753AFCD6E56E2B2FD0C728A037,['/Cover/Show?source=Solr&id=museovirasto.516962753AFCD6E56E2B2FD0C728A037&index=0&size=large'],"[{'name': 'Saarinen, Eliel', 'role': 'suunnittelija'}]",[['käyttöaika 1909-2018']],toimistotuoli; tuoli,1909.0,Eliel Saarinen,27
1342,museovirasto.5A05E443BA6726C255A842340B6AA279,['/Cover/Show?source=Solr&id=museovirasto.5A05E443BA6726C255A842340B6AA279&index=0&size=large'],"[{'name': 'Saarinen, Eliel', 'role': 'suunnittelija'}]",[['käyttöaika 1909-2018']],asemaravintolan puutuoli; tuoli,1909.0,Eliel Saarinen,27
1343,museovirasto.5B6488D428B774B2E65D291F3B5BC7CE,['/Cover/Show?source=Solr&id=museovirasto.5B6488D428B774B2E65D291F3B5BC7CE&index=0&size=large'],"[{'name': 'Saarinen, Eliel', 'role': 'suunnittelija'}]",[['käyttöaika 1909-2018']],toimistotuoli; tuoli,1909.0,Eliel Saarinen,27
1344,museovirasto.5F2369267CE13C35E832C8CDBE49C865,['/Cover/Show?source=Solr&id=museovirasto.5F2369267CE13C35E832C8CDBE49C865&index=0&size=large'],"[{'name': 'Saarinen, Eliel', 'role': 'suunnittelija'}]",[['käyttöaika 1909-2018']],sohva; käytäväsohva,1909.0,Eliel Saarinen,27
1345,museovirasto.6327fee3-5513-423b-bad8-5e01b5a14ffe,"['/Cover/Show?source=Solr&id=museovirasto.6327fee3-5513-423b-bad8-5e01b5a14ffe&index=0&size=large', '/Cover/Show?source=Solr&id=museovirasto.6327fee3-5513-423b-bad8-5e01b5a14ffe&index=1&size=large']","[{'name': 'Suomen Pankki', 'role': 'valmistuttaja'}, {'name': 'Suomen Pankin setelipaino', 'role': 'valmistaja'}, {'name': 'Saarinen, Eliel', 'role': 'suunnittelija'}]",[['setelirahat']],5 markkaa; Raha; seteli,1909.0,Eliel Saarinen,27
1346,museovirasto.6344D326255A52734242BDF9321EDDED,['/Cover/Show?source=Solr&id=museovirasto.6344D326255A52734242BDF9321EDDED&index=0&size=large'],"[{'name': 'Saarinen, Eliel', 'role': 'suunnittelija'}]",[['käyttöaika 1909-2018']],asemaravintolan pöytä; pöytä,1909.0,Eliel Saarinen,27
1347,museovirasto.69AE78049091325BD5A004BB39477195,['/Cover/Show?source=Solr&id=museovirasto.69AE78049091325BD5A004BB39477195&index=0&size=large'],"[{'name': 'Saarinen, Eliel', 'role': 'suunnittelija'}]",[['käyttöaika 1909-2018']],tuoli,1909.0,Eliel Saarinen,27
1348,museovirasto.6EC2520BADC2F07210B6C94E5EC8A8E7,['/Cover/Show?source=Solr&id=museovirasto.6EC2520BADC2F07210B6C94E5EC8A8E7&index=0&size=large'],"[{'name': 'Saarinen, Eliel', 'role': 'suunnittelija'}]",[['käyttöaika 1909-2018']],hyllykkö,1909.0,Eliel Saarinen,27
1349,museovirasto.704c77fa-d91d-4947-99c3-69c8e50834b5,"['/Cover/Show?source=Solr&id=museovirasto.704c77fa-d91d-4947-99c3-69c8e50834b5&index=0&size=large', '/Cover/Show?source=Solr&id=museovirasto.704c77fa-d91d-4947-99c3-69c8e50834b5&index=1&size=large']","[{'name': 'Suomen Pankki', 'role': 'valmistuttaja'}, {'name': 'Suomen Pankin setelipaino', 'role': 'valmistaja'}, {'name': 'Saarinen, Eliel', 'role': 'suunnittelija'}]",[['setelirahat']],5 markkaa; Raha; seteli,1909.0,Eliel Saarinen,27
1350,museovirasto.743cabd9-5e99-42eb-afcf-e0882e3ee051,"['/Cover/Show?source=Solr&id=museovirasto.743cabd9-5e99-42eb-afcf-e0882e3ee051&index=0&size=large', '/Cover/Show?source=Solr&id=museovirasto.743cabd9-5e99-42eb-afcf-e0882e3ee051&index=1&size=large']","[{'name': 'Suomen Pankki', 'role': 'valmistuttaja'}, {'name': 'Suomen Pankin setelipaino', 'role': 'valmistaja'}, {'name': 'Saarinen, Eliel', 'role': 'suunnittelija'}]",[['setelirahat']],20 markkaa; Raha; seteli,1909.0,Eliel Saarinen,27
1351,museovirasto.79483b5d-ea1b-489d-90a2-0054bd22b2d1,"['/Cover/Show?source=Solr&id=museovirasto.79483b5d-ea1b-489d-90a2-0054bd22b2d1&index=0&size=large', '/Cover/Show?source=Solr&id=museovirasto.79483b5d-ea1b-489d-90a2-0054bd22b2d1&index=1&size=large']","[{'name': 'Suomen Pankki', 'role': 'valmistuttaja'}, {'name': 'Suomen Pankin setelipaino', 'role': 'valmistaja'}, {'name': 'Saarinen, Eliel', 'role': 'suunnittelija'}]",[['setelirahat']],20 markkaa; Raha; seteli,1909.0,Eliel Saarinen,27
1352,museovirasto.7A50D1706DD86450F80CDCFB3E79EBED,['/Cover/Show?source=Solr&id=museovirasto.7A50D1706DD86450F80CDCFB3E79EBED&index=0&size=large'],"[{'name': 'Saarinen, Eliel', 'role': 'suunnittelija'}]",[['käyttöaika 1909-2018']],asemaravintolan puutuoli; tuoli,1909.0,Eliel Saarinen,27
1353,museovirasto.7AF90669C5B1AFA14D4F715DABD36FC5,['/Cover/Show?source=Solr&id=museovirasto.7AF90669C5B1AFA14D4F715DABD36FC5&index=0&size=large'],"[{'name': 'Saarinen, Eliel', 'role': 'suunnittelija'}]","[['kaapit'], ['käyttöaika 1909-2018']]",toimistokaappi; kaappi,1909.0,Eliel Saarinen,27
1354,museovirasto.7DFD812A00EEB2227D39197FFD74CBF1,['/Cover/Show?source=Solr&id=museovirasto.7DFD812A00EEB2227D39197FFD74CBF1&index=0&size=large'],"[{'name': 'Saarinen, Eliel', 'role': 'suunnittelija'}]",[['käyttöaika 1909-2018']],tuoli,1909.0,Eliel Saarinen,27
1355,museovirasto.7FF0A5B4E71D05A34062F2679BD8875C,['/Cover/Show?source=Solr&id=museovirasto.7FF0A5B4E71D05A34062F2679BD8875C&index=0&size=large'],"[{'name': 'Saarinen, Eliel', 'role': 'suunnittelija'}]",[['käyttöaika 1909-2018']],tuoli,1909.0,Eliel Saarinen,27
1356,museovirasto.83C3258871FB63BC820CBDEDCB66D736,['/Cover/Show?source=Solr&id=museovirasto.83C3258871FB63BC820CBDEDCB66D736&index=0&size=large'],"[{'name': 'Saarinen, Eliel', 'role': 'suunnittelija'}]",[['käyttöaika 1909-2018']],tuoli; asemaravintolan tuoli,1909.0,Eliel Saarinen,27
1357,museovirasto.83fb999e-bc4e-4a6c-8cd6-32d9ba154fdc,"['/Cover/Show?source=Solr&id=museovirasto.83fb999e-bc4e-4a6c-8cd6-32d9ba154fdc&index=0&size=large', '/Cover/Show?source=Solr&id=museovirasto.83fb999e-bc4e-4a6c-8cd6-32d9ba154fdc&index=1&size=large']","[{'name': 'Suomen Pankki', 'role': 'valmistuttaja'}, {'name': 'Suomen Pankin setelipaino', 'role': 'valmistaja'}, {'name': 'Saarinen, Eliel', 'role': 'suunnittelija'}]",[['setelirahat']],5 markkaa; Raha; seteli,1909.0,Eliel Saarinen,27
1358,museovirasto.87AC2C33A32A2B71D2AC51740A4BA224,['/Cover/Show?source=Solr&id=museovirasto.87AC2C33A32A2B71D2AC51740A4BA224&index=0&size=large'],"[{'name': 'Saarinen, Eliel', 'role': 'suunnittelija'}]",[['käyttöaika 1909-2018']],tuoli,1909.0,Eliel Saarinen,27
1359,museovirasto.89228e6a-8784-4c1e-ad59-00235d0860c2,"['/Cover/Show?source=Solr&id=museovirasto.89228e6a-8784-4c1e-ad59-00235d0860c2&index=0&size=large', '/Cover/Show?source=Solr&id=museovirasto.89228e6a-8784-4c1e-ad59-00235d0860c2&index=1&size=large']","[{'name': 'Suomen Pankki', 'role': 'valmistuttaja'}, {'name': 'Suomen Pankin setelipaino', 'role': 'valmistaja'}, {'name': 'Saarinen, Eliel', 'role': 'suunnittelija'}]",[['setelirahat']],20 markkaa; Raha; seteli,1909.0,Eliel Saarinen,27
1360,museovirasto.8EC008E1219EF5633A07CAF4B7E3903B,['/Cover/Show?source=Solr&id=museovirasto.8EC008E1219EF5633A07CAF4B7E3903B&index=0&size=large'],"[{'name': 'Saarinen, Eliel', 'role': 'suunnittelija'}]",[['käyttöaika 1909-2018']],toimistotuoli; tuoli,1909.0,Eliel Saarinen,27
1361,museovirasto.8a8006c0-d6ca-464f-b6b0-cc48013208ee,"['/Cover/Show?source=Solr&id=museovirasto.8a8006c0-d6ca-464f-b6b0-cc48013208ee&index=0&size=large', '/Cover/Show?source=Solr&id=museovirasto.8a8006c0-d6ca-464f-b6b0-cc48013208ee&index=1&size=large']","[{'name': 'Suomen Pankki', 'role': 'valmistuttaja'}, {'name': 'Suomen Pankin setelipaino', 'role': 'valmistaja'}, {'name': 'Saarinen, Eliel', 'role': 'suunnittelija'}]",[['setelirahat']],10 markkaa; Raha; seteli,1909.0,Eliel Saarinen,27
1362,museovirasto.93BA23FFC69E255CC5B453211330B74F,['/Cover/Show?source=Solr&id=museovirasto.93BA23FFC69E255CC5B453211330B74F&index=0&size=large'],"[{'name': 'Saarinen, Eliel', 'role': 'suunnittelija'}]",[['käyttöaika 1909-2018']],toimistopöytä; pöytä,1909.0,Eliel Saarinen,27
1363,museovirasto.944D8AB9D108669BCABCCC0AC53B35CE,['/Cover/Show?source=Solr&id=museovirasto.944D8AB9D108669BCABCCC0AC53B35CE&index=0&size=large'],"[{'name': 'Saarinen, Eliel', 'role': 'suunnittelija'}]",[['käyttöaika 1909-2018']],asemaravintolan puutuoli; tuoli,1909.0,Eliel Saarinen,27
1364,museovirasto.971b9ddc-8371-49b9-8003-1441d568c5e0,"['/Cover/Show?source=Solr&id=museovirasto.971b9ddc-8371-49b9-8003-1441d568c5e0&index=0&size=large', '/Cover/Show?source=Solr&id=museovirasto.971b9ddc-8371-49b9-8003-1441d568c5e0&index=1&size=large']","[{'name': 'Suomen Pankki', 'role': 'valmistuttaja'}, {'name': 'Suomen Pankin setelipaino', 'role': 'valmistaja'}, {'name': 'Saarinen, Eliel', 'role': 'suunnittelija'}]",[['setelirahat']],50 markkaa; Raha; seteli,1909.0,Eliel Saarinen,27
1365,museovirasto.982a2016-e95b-4f3a-87ee-5bee6c63615f,"['/Cover/Show?source=Solr&id=museovirasto.982a2016-e95b-4f3a-87ee-5bee6c63615f&index=0&size=large', '/Cover/Show?source=Solr&id=museovirasto.982a2016-e95b-4f3a-87ee-5bee6c63615f&index=1&size=large']","[{'name': 'Suomen Pankki', 'role': 'valmistuttaja'}, {'name': 'Suomen Pankin setelipaino', 'role': 'valmistaja'}, {'name': 'Saarinen, Eliel', 'role': 'suunnittelija'}]",[['setelirahat']],500 markkaa; Raha; seteli,1909.0,Eliel Saarinen,27
1366,museovirasto.99455853C6D3520290202B5655047B01,['/Cover/Show?source=Solr&id=museovirasto.99455853C6D3520290202B5655047B01&index=0&size=large'],"[{'name': 'Saarinen, Eliel', 'role': 'suunnittelija'}]",[['käyttöaika 1909-2018']],asemaravintolan pöytä; pöytä,1909.0,Eliel Saarinen,27
1367,museovirasto.9BA4F2CC3C8A3AF2F6B036E187294E61,['/Cover/Show?source=Solr&id=museovirasto.9BA4F2CC3C8A3AF2F6B036E187294E61&index=0&size=large'],"[{'name': 'Saarinen, Eliel', 'role': 'suunnittelija'}]",[['käyttöaika 1909-2018']],neuvottelupöytä; pöytä,1909.0,Eliel Saarinen,27
1368,museovirasto.9E670963ACAEFD76CAE82C5DD4B07804,['/Cover/Show?source=Solr&id=museovirasto.9E670963ACAEFD76CAE82C5DD4B07804&index=0&size=large'],"[{'name': 'Saarinen, Eliel', 'role': 'suunnittelija'}]",[['käyttöaika 1909-2018']],asemaravintolan pöytä; pöytä,1909.0,Eliel Saarinen,27
1369,museovirasto.9F53E0B1B0C6778DEF635EE952D76D53,['/Cover/Show?source=Solr&id=museovirasto.9F53E0B1B0C6778DEF635EE952D76D53&index=0&size=large'],"[{'name': 'Saarinen, Eliel', 'role': 'suunnittelija'}]",[['käyttöaika 1909-2018']],tuoli,1909.0,Eliel Saarinen,27
1370,museovirasto.9f9a83fc-77d4-4ec8-9f30-e3470ce738d4,"['/Cover/Show?source=Solr&id=museovirasto.9f9a83fc-77d4-4ec8-9f30-e3470ce738d4&index=0&size=large', '/Cover/Show?source=Solr&id=museovirasto.9f9a83fc-77d4-4ec8-9f30-e3470ce738d4&index=1&size=large']","[{'name': 'Suomen Pankki', 'role': 'valmistuttaja'}, {'name': 'Suomen Pankin setelipaino', 'role': 'valmistaja'}, {'name': 'Saarinen, Eliel', 'role': 'suunnittelija'}]",[['setelirahat']],100 markkaa; Raha; seteli,1909.0,Eliel Saarinen,27
1371,museovirasto.A06EB56E173AB4D8A698490570B7CBEA,['/Cover/Show?source=Solr&id=museovirasto.A06EB56E173AB4D8A698490570B7CBEA&index=0&size=large'],"[{'name': 'Saarinen, Eliel', 'role': 'suunnittelija'}]",[['käyttöaika 1909-2018']],tuoli,1909.0,Eliel Saarinen,27
1372,museovirasto.A3954161671F05BD93E13C7E26E6A438,['/Cover/Show?source=Solr&id=museovirasto.A3954161671F05BD93E13C7E26E6A438&index=0&size=large'],"[{'name': 'Saarinen, Eliel', 'role': 'suunnittelija'}]",[['käyttöaika 1909-2018']],tuoli,1909.0,Eliel Saarinen,27
1373,museovirasto.A5DCE85976D812281B648D6E7CF7E3C4,['/Cover/Show?source=Solr&id=museovirasto.A5DCE85976D812281B648D6E7CF7E3C4&index=0&size=large'],"[{'name': 'Saarinen, Eliel', 'role': 'suunnittelija'}]",[['käyttöaika 1909-2018']],asemaravintolan puutuoli; tuoli,1909.0,Eliel Saarinen,27
1374,museovirasto.A5F44B9ACFE998B970FCA835EDF70A0F,['/Cover/Show?source=Solr&id=museovirasto.A5F44B9ACFE998B970FCA835EDF70A0F&index=0&size=large'],"[{'name': 'Saarinen, Eliel', 'role': 'suunnittelija'}]",[['käyttöaika 1909-2018']],toimistotuoli; tuoli,1909.0,Eliel Saarinen,27
1375,museovirasto.ADB3E8BE361794D30589494E4667F7E6,['/Cover/Show?source=Solr&id=museovirasto.ADB3E8BE361794D30589494E4667F7E6&index=0&size=large'],"[{'name': 'Saarinen, Eliel', 'role': 'suunnittelija'}]",[['käyttöaika 1909-2018']],tuoli,1909.0,Eliel Saarinen,27
1376,museovirasto.B2B1957BBF60786C683C10879D793AD6,['/Cover/Show?source=Solr&id=museovirasto.B2B1957BBF60786C683C10879D793AD6&index=0&size=large'],"[{'name': 'Saarinen, Eliel', 'role': 'suunnittelija'}]","[['tuolit'], ['käyttöaika 1909-2018']]",tuoli; kirjoituspöydän tuoli,1909.0,Eliel Saarinen,27
1377,museovirasto.B64C289B70D1392500AB98FB7E7ADBF5,['/Cover/Show?source=Solr&id=museovirasto.B64C289B70D1392500AB98FB7E7ADBF5&index=0&size=large'],"[{'name': 'Saarinen, Eliel', 'role': 'suunnittelija'}]",[['käyttöaika 1909-2018']],hyllykkö,1909.0,Eliel Saarinen,27
1378,museovirasto.B6E1A2C0E0AD4800CB4F626857A91877,['/Cover/Show?source=Solr&id=museovirasto.B6E1A2C0E0AD4800CB4F626857A91877&index=0&size=large'],"[{'name': 'Saarinen, Eliel', 'role': 'suunnittelija'}]","[['tuolit'], ['käyttöaika 1909-2018']]",tuoli; asemaravintolan puutuoli,1909.0,Eliel Saarinen,27
1379,museovirasto.C1439056D90D0824CAB5E7A918E20D3B,['/Cover/Show?source=Solr&id=museovirasto.C1439056D90D0824CAB5E7A918E20D3B&index=0&size=large'],"[{'name': 'Saarinen, Eliel', 'role': 'suunnittelija'}]",[['käyttöaika 1909-2018']],asemaravintolan tuoli; tuoli,1909.0,Eliel Saarinen,27
1380,museovirasto.C24F045C87A24F7641DA8E2727534BA0,"['/Cover/Show?source=Solr&id=museovirasto.C24F045C87A24F7641DA8E2727534BA0&index=0&size=large', '/Cover/Show?source=Solr&id=museovirasto.C24F045C87A24F7641DA8E2727534BA0&index=1&size=large']","[{'name': 'Saarinen, Eliel', 'role': 'suunnittelija'}]",[['käyttöaika 1909-2018']],asemaravintolan tuoli; tuoli,1909.0,Eliel Saarinen,27
1381,museovirasto.C4128B2E45BDE0E3E3036BB297BECD76,['/Cover/Show?source=Solr&id=museovirasto.C4128B2E45BDE0E3E3036BB297BECD76&index=0&size=large'],"[{'name': 'Saarinen, Eliel', 'role': 'suunnittelija'}]",[['käyttöaika 1909-2018']],pöytä; neuvottelupöytä,1909.0,Eliel Saarinen,27
1382,museovirasto.C78936827D270822C76A8FD08612438C,['/Cover/Show?source=Solr&id=museovirasto.C78936827D270822C76A8FD08612438C&index=0&size=large'],"[{'name': 'Saarinen, Eliel', 'role': 'suunnittelija'}]",[['käyttöaika 1909-2018']],asemaravintolan tuoli; tuoli,1909.0,Eliel Saarinen,27
1383,museovirasto.C7DA7F4DCFF1076D37A561056F756B7A,['/Cover/Show?source=Solr&id=museovirasto.C7DA7F4DCFF1076D37A561056F756B7A&index=0&size=large'],"[{'name': 'Saarinen, Eliel', 'role': 'suunnittelija'}]",[['käyttöaika 1909-2018']],toimistotuoli; tuoli,1909.0,Eliel Saarinen,27
1384,museovirasto.CCEFC4B9F9EA6FE1A285B1100B3C7CF6,['/Cover/Show?source=Solr&id=museovirasto.CCEFC4B9F9EA6FE1A285B1100B3C7CF6&index=0&size=large'],"[{'name': 'Saarinen, Eliel', 'role': 'suunnittelija'}]",[['käyttöaika 1909-2018']],kaappi; toimistokaappi,1909.0,Eliel Saarinen,27
1385,museovirasto.D4315382AA68382D6F0D8CEA2D62FC69,['/Cover/Show?source=Solr&id=museovirasto.D4315382AA68382D6F0D8CEA2D62FC69&index=0&size=large'],"[{'name': 'Saarinen, Eliel', 'role': 'suunnittelija'}]",[['käyttöaika 1909-2018']],asemaravintolan puutuoli; tuoli,1909.0,Eliel Saarinen,27
1386,museovirasto.DBC804C7F6EE981F992B22700AF71419,['/Cover/Show?source=Solr&id=museovirasto.DBC804C7F6EE981F992B22700AF71419&index=0&size=large'],"[{'name': 'Saarinen, Eliel', 'role': 'suunnittelija'}]",[['käyttöaika 1909-2018']],asemaravintolan puutuoli; tuoli,1909.0,Eliel Saarinen,27
1387,museovirasto.DC29C7FB13B9FD649D7F36D46DEFEEFD,['/Cover/Show?source=Solr&id=museovirasto.DC29C7FB13B9FD649D7F36D46DEFEEFD&index=0&size=large'],"[{'name': 'Saarinen, Eliel', 'role': 'suunnittelija'}]",[['käyttöaika 1909-2018']],toimistotuoli; tuoli,1909.0,Eliel Saarinen,27
1388,museovirasto.DEE7BA2B5EDC27D80510A362B2A4BA23,['/Cover/Show?source=Solr&id=museovirasto.DEE7BA2B5EDC27D80510A362B2A4BA23&index=0&size=large'],"[{'name': 'Saarinen, Eliel', 'role': 'suunnittelija'}]",[['käyttöaika 1909-2018']],vitriinikaappi,1909.0,Eliel Saarinen,27
1389,museovirasto.DF13B00592FAD95F788752E792AACA42,['/Cover/Show?source=Solr&id=museovirasto.DF13B00592FAD95F788752E792AACA42&index=0&size=large'],"[{'name': 'Saarinen, Eliel', 'role': 'suunnittelija'}]",[['käyttöaika 1909-2018']],toimistotuoli; tuoli,1909.0,Eliel Saarinen,27
1390,museovirasto.DF865760CCF56518EF64AC73C8299996,['/Cover/Show?source=Solr&id=museovirasto.DF865760CCF56518EF64AC73C8299996&index=0&size=large'],"[{'name': 'Saarinen, Eliel', 'role': 'suunnittelija'}]",[['käyttöaika 1909-2018']],toimistotuoli; tuoli,1909.0,Eliel Saarinen,27
1391,museovirasto.E9F2E5C963577F81DE7B279688CFAD44,['/Cover/Show?source=Solr&id=museovirasto.E9F2E5C963577F81DE7B279688CFAD44&index=0&size=large'],"[{'name': 'Saarinen, Eliel', 'role': 'suunnittelija'}]",[['käyttöaika 1909-2018']],pöytä; kulmikas pöytä,1909.0,Eliel Saarinen,27
1392,museovirasto.EA254ED0E984695E370B277CF32606C6,['/Cover/Show?source=Solr&id=museovirasto.EA254ED0E984695E370B277CF32606C6&index=0&size=large'],"[{'name': 'Saarinen, Eliel', 'role': 'suunnittelija'}]",[['käyttöaika 1909-2018']],tuoli,1909.0,Eliel Saarinen,27
1393,museovirasto.EAC1ECBFDE6005F269C6F16A1B5E19BC,"['/Cover/Show?source=Solr&id=museovirasto.EAC1ECBFDE6005F269C6F16A1B5E19BC&index=0&size=large', '/Cover/Show?source=Solr&id=museovirasto.EAC1ECBFDE6005F269C6F16A1B5E19BC&index=1&size=large']","[{'name': 'Saarinen, Eliel', 'role': 'suunnittelija'}]",[['käyttöaika 1909-2018']],toimistopöytä; pöytä; toimistopöytä ja yläkaappi,1909.0,Eliel Saarinen,27
1394,museovirasto.EEE2BF230174B8C586B136625BC31EF9,['/Cover/Show?source=Solr&id=museovirasto.EEE2BF230174B8C586B136625BC31EF9&index=0&size=large'],"[{'name': 'Saarinen, Eliel', 'role': 'suunnittelija'}]",[['käyttöaika 1909-2018']],tuoli,1909.0,Eliel Saarinen,27
1395,museovirasto.EFB691866FBB628C146AD36DBF59C571,['/Cover/Show?source=Solr&id=museovirasto.EFB691866FBB628C146AD36DBF59C571&index=0&size=large'],"[{'name': 'Saarinen, Eliel', 'role': 'suunnittelija'}]",[['käyttöaika 1909-2018']],toimistotuoli; tuoli,1909.0,Eliel Saarinen,27
1396,museovirasto.F070AE60CFB7D42F9672DF5F6C0EC4CF,['/Cover/Show?source=Solr&id=museovirasto.F070AE60CFB7D42F9672DF5F6C0EC4CF&index=0&size=large'],"[{'name': 'Saarinen, Eliel', 'role': 'suunnittelija'}]",[['käyttöaika 1909-2018']],tuoli,1909.0,Eliel Saarinen,27
1397,museovirasto.F0CD7048CE56B62C830DA40319186F74,['/Cover/Show?source=Solr&id=museovirasto.F0CD7048CE56B62C830DA40319186F74&index=0&size=large'],"[{'name': 'Saarinen, Eliel', 'role': 'suunnittelija'}]",[['käyttöaika 1909-2018']],tuoli,1909.0,Eliel Saarinen,27
1398,museovirasto.F6A984F44462545FFEB287D1C20C1B72,['/Cover/Show?source=Solr&id=museovirasto.F6A984F44462545FFEB287D1C20C1B72&index=0&size=large'],"[{'name': 'Saarinen, Eliel', 'role': 'suunnittelija'}]",[['käyttöaika 1909-2018']],tuoli; toimistotuoli,1909.0,Eliel Saarinen,27
1399,museovirasto.F74047976B1A6B0113AE0AE3BD1DC774,['/Cover/Show?source=Solr&id=museovirasto.F74047976B1A6B0113AE0AE3BD1DC774&index=0&size=large'],"[{'name': 'Saarinen, Eliel', 'role': 'suunnittelija'}]",[['käyttöaika 1909-2018']],tuoli,1909.0,Eliel Saarinen,27
1400,museovirasto.FE03AD7B84A5B2AFE69DCE801C62CA5F,['/Cover/Show?source=Solr&id=museovirasto.FE03AD7B84A5B2AFE69DCE801C62CA5F&index=0&size=large'],"[{'name': 'Saarinen, Eliel', 'role': 'suunnittelija'}]",[['käyttöaika 1909-2018']],asemaravintolan puutuoli; tuoli,1909.0,Eliel Saarinen,27
1401,museovirasto.ad99ea46-cf40-473f-8bfe-8be8735b3c62,"['/Cover/Show?source=Solr&id=museovirasto.ad99ea46-cf40-473f-8bfe-8be8735b3c62&index=0&size=large', '/Cover/Show?source=Solr&id=museovirasto.ad99ea46-cf40-473f-8bfe-8be8735b3c62&index=1&size=large']","[{'name': 'Suomen Pankki', 'role': 'valmistuttaja'}, {'name': 'Suomen Pankin setelipaino', 'role': 'valmistaja'}, {'name': 'Saarinen, Eliel', 'role': 'suunnittelija'}]",[['setelirahat']],5 markkaa; raha; seteli,1909.0,Eliel Saarinen,27
1402,museovirasto.c77299ec-28d7-47af-8135-b28c2d545f09,"['/Cover/Show?source=Solr&id=museovirasto.c77299ec-28d7-47af-8135-b28c2d545f09&index=0&size=large', '/Cover/Show?source=Solr&id=museovirasto.c77299ec-28d7-47af-8135-b28c2d545f09&index=1&size=large']","[{'name': 'Suomen Pankki', 'role': 'valmistuttaja'}, {'name': 'Suomen Pankin setelipaino', 'role': 'valmistaja'}, {'name': 'Saarinen, Eliel', 'role': 'suunnittelija'}]",[['setelirahat']],5 markkaa; Raha; seteli,1909.0,Eliel Saarinen,27
1403,museovirasto.c920caba-4e72-4101-93d1-074f807eec7a,"['/Cover/Show?source=Solr&id=museovirasto.c920caba-4e72-4101-93d1-074f807eec7a&index=0&size=large', '/Cover/Show?source=Solr&id=museovirasto.c920caba-4e72-4101-93d1-074f807eec7a&index=1&size=large']","[{'name': 'Suomen Pankki', 'role': 'valmistuttaja'}, {'name': 'Suomen Pankin setelipaino', 'role': 'valmistaja'}, {'name': 'Saarinen, Eliel', 'role': 'suunnittelija'}]",[['setelirahat']],5 markkaa; Raha; seteli,1909.0,Eliel Saarinen,27
1404,museovirasto.c9f81a9e-3b72-41d4-8166-687166075f94,"['/Cover/Show?source=Solr&id=museovirasto.c9f81a9e-3b72-41d4-8166-687166075f94&index=0&size=large', '/Cover/Show?source=Solr&id=museovirasto.c9f81a9e-3b72-41d4-8166-687166075f94&index=1&size=large']","[{'name': 'Suomen Pankki', 'role': 'valmistuttaja'}, {'name': 'Suomen Pankin setelipaino', 'role': 'valmistaja'}, {'name': 'Saarinen, Eliel', 'role': 'suunnittelija'}]",[['setelirahat']],10 markkaa; raha; seteli,1909.0,Eliel Saarinen,27
1405,museovirasto.fe5ccdb5-e32e-4b97-8ef4-f6071faf8d50,"['/Cover/Show?source=Solr&id=museovirasto.fe5ccdb5-e32e-4b97-8ef4-f6071faf8d50&index=0&size=large', '/Cover/Show?source=Solr&id=museovirasto.fe5ccdb5-e32e-4b97-8ef4-f6071faf8d50&index=1&size=large']","[{'name': 'Suomen Pankki', 'role': 'valmistuttaja'}, {'name': 'Suomen Pankin setelipaino', 'role': 'valmistaja'}, {'name': 'Saarinen, Eliel', 'role': 'suunnittelija'}]",[['setelirahat']],1000 markkaa; Raha; seteli,1909.0,Eliel Saarinen,27
1406,tmk.160992591822700,"['/Cover/Show?source=Solr&id=tmk.160992591822700&index=0&size=large', '/Cover/Show?source=Solr&id=tmk.160992591822700&index=1&size=large']","[{'name': 'Eliel Saarinen', 'role': 'suunnittelija'}]","[['maksuvälineet'], ['Suomen markka'], ['rahat'], ['setelirahat']]",raha; sadan markan seteli; seteli,1909.0,Eliel Saarinen,27
1407,tmk.160992592733600,['/Cover/Show?source=Solr&id=tmk.160992592733600&index=0&size=large'],"[{'name': 'Eliel Saarinen', 'role': 'suunnittelija'}]","[['maksuvälineet'], ['Suomen markka'], ['rahat'], ['setelirahat']]",raha; seteli; viidenkymmenen markan seteli,1909.0,Eliel Saarinen,27
1408,tmk.160992593490000,['/Cover/Show?source=Solr&id=tmk.160992593490000&index=0&size=large'],"[{'name': 'Eliel Saarinen', 'role': 'suunnittelija'}]","[['maksuvälineet'], ['Suomen markka'], ['rahat'], ['setelirahat']]",kahdenkymmenen markan seteli; raha; seteli,1909.0,Eliel Saarinen,27
1409,tmk.161650540739600,"['/Cover/Show?source=Solr&id=tmk.161650540739600&index=0&size=large', '/Cover/Show?source=Solr&id=tmk.161650540739600&index=1&size=large']","[{'name': 'Eliel Saarinen', 'role': 'suunnittelija'}]","[['rahat'], ['setelirahat'], ['Suomen markka']]",viisikymmentä markkaa; raha; seteli,1909.0,Eliel Saarinen,27
1410,museovirasto.08FC3A365F6432ED48B7164367F9542A,"['/Cover/Show?source=Solr&id=museovirasto.08FC3A365F6432ED48B7164367F9542A&index=0&size=large', '/Cover/Show?source=Solr&id=museovirasto.08FC3A365F6432ED48B7164367F9542A&index=1&size=large']","[{'name': 'Saarinen, Eliel', 'role': 'suunnittelija'}]","[['pöydät'], ['huonekalut'], ['sisustus']]",pöytä; orsijalkapöytä,1910.0,Eliel Saarinen,27
1411,museovirasto.09557B2D663E9E84EB01E7B0A1C3CFE1,"['/Cover/Show?source=Solr&id=museovirasto.09557B2D663E9E84EB01E7B0A1C3CFE1&index=0&size=large', '/Cover/Show?source=Solr&id=museovirasto.09557B2D663E9E84EB01E7B0A1C3CFE1&index=1&size=large', '/Cover/Show?source=Solr&id=museovirasto.09557B2D663E9E84EB01E7B0A1C3CFE1&index=2&size=large', '/Cover/Show?source=Solr&id=museovirasto.09557B2D663E9E84EB01E7B0A1C3CFE1&index=3&size=large', '/Cover/Show?source=Solr&id=museovirasto.09557B2D663E9E84EB01E7B0A1C3CFE1&index=4&size=large', '/Cover/Show?source=Solr&id=museovirasto.09557B2D663E9E84EB01E7B0A1C3CFE1&index=5&size=large', '/Cover/Show?source=Solr&id=museovirasto.09557B2D663E9E84EB01E7B0A1C3CFE1&index=6&size=large', '/Cover/Show?source=Solr&id=museovirasto.09557B2D663E9E84EB01E7B0A1C3CFE1&index=7&size=large', '/Cover/Show?source=Solr&id=museovirasto.09557B2D663E9E84EB01E7B0A1C3CFE1&index=8&size=large', '/Cover/Show?source=Solr&id=museovirasto.09557B2D663E9E84EB01E7B0A1C3CFE1&index=9&size=large', '/Cover/Show?source=Solr&id=museovirasto.09557B2D663E9E84EB01E7B0A1C3CFE1&index=10&size=large', '/Cover/Show?source=Solr&id=museovirasto.09557B2D663E9E84EB01E7B0A1C3CFE1&index=11&size=large', '/Cover/Show?source=Solr&id=museovirasto.09557B2D663E9E84EB01E7B0A1C3CFE1&index=12&size=large', '/Cover/Show?source=Solr&id=museovirasto.09557B2D663E9E84EB01E7B0A1C3CFE1&index=13&size=large', '/Cover/Show?source=Solr&id=museovirasto.09557B2D663E9E84EB01E7B0A1C3CFE1&index=14&size=large', '/Cover/Show?source=Solr&id=museovirasto.09557B2D663E9E84EB01E7B0A1C3CFE1&index=15&size=large']","[{'name': 'N. Bomanin höyrypuusepäntehdas', 'role': 'tekijä'}, {'name': 'Saarinen, Eliel', 'role': 'suunnittelija'}]","[['pöydät'], ['sohvapöydät'], ['huonekalut'], ['sisustus'], ['art nouveau']]",pöytä; sohvapöytä,1910.0,Eliel Saarinen,27
1412,museovirasto.114748864D408B80F516050565610041,"['/Cover/Show?source=Solr&id=museovirasto.114748864D408B80F516050565610041&index=0&size=large', '/Cover/Show?source=Solr&id=museovirasto.114748864D408B80F516050565610041&index=1&size=large']","[{'name': 'Saarinen, Eliel', 'role': 'suunnittelija'}]","[['lasi'], ['juomalasit'], ['astiat'], ['juoma-astiat']]",punaviinilasi; lasi,1910.0,Eliel Saarinen,27
1413,museovirasto.1BBF8626EFAD3D038502CF37A4D353C7,"['/Cover/Show?source=Solr&id=museovirasto.1BBF8626EFAD3D038502CF37A4D353C7&index=0&size=large', '/Cover/Show?source=Solr&id=museovirasto.1BBF8626EFAD3D038502CF37A4D353C7&index=1&size=large', '/Cover/Show?source=Solr&id=museovirasto.1BBF8626EFAD3D038502CF37A4D353C7&index=2&size=large', '/Cover/Show?source=Solr&id=museovirasto.1BBF8626EFAD3D038502CF37A4D353C7&index=3&size=large', '/Cover/Show?source=Solr&id=museovirasto.1BBF8626EFAD3D038502CF37A4D353C7&index=4&size=large', '/Cover/Show?source=Solr&id=museovirasto.1BBF8626EFAD3D038502CF37A4D353C7&index=5&size=large', '/Cover/Show?source=Solr&id=museovirasto.1BBF8626EFAD3D038502CF37A4D353C7&index=6&size=large', '/Cover/Show?source=Solr&id=museovirasto.1BBF8626EFAD3D038502CF37A4D353C7&index=7&size=large', '/Cover/Show?source=Solr&id=museovirasto.1BBF8626EFAD3D038502CF37A4D353C7&index=8&size=large', '/Cover/Show?source=Solr&id=museovirasto.1BBF8626EFAD3D038502CF37A4D353C7&index=9&size=large']","[{'name': 'Saarinen, Loja', 'role': 'tekijä'}, {'name': 'Saarinen, Eliel', 'role': 'suunnittelija'}]","[['valaistus'], ['valaisimet'], ['lyhdyt'], ['ulkovalaistus'], ['tekstiilitaide'], ['silkki'], ['art nouveau']]",valaisin; riippuvalaisin,1910.0,Eliel Saarinen,27
1414,museovirasto.1FA4948F8CC5637D2B7C422865426E9A,"['/Cover/Show?source=Solr&id=museovirasto.1FA4948F8CC5637D2B7C422865426E9A&index=0&size=large', '/Cover/Show?source=Solr&id=museovirasto.1FA4948F8CC5637D2B7C422865426E9A&index=1&size=large']","[{'name': 'Saarinen, Eliel', 'role': 'suunnittelija'}]","[['lasi'], ['juomalasit'], ['astiat'], ['juoma-astiat']]",lasi; samppanjalasi,1910.0,Eliel Saarinen,27
1415,museovirasto.305CFE1F32BF7F0D95A28BAA16E4BBE3,"['/Cover/Show?source=Solr&id=museovirasto.305CFE1F32BF7F0D95A28BAA16E4BBE3&index=0&size=large', '/Cover/Show?source=Solr&id=museovirasto.305CFE1F32BF7F0D95A28BAA16E4BBE3&index=1&size=large']","[{'name': 'Saarinen, Eliel', 'role': 'suunnittelija'}]","[['huonekalut'], ['istuimet'], ['sisustus'], ['tuolit']]",pikkutuoli; tuoli,1910.0,Eliel Saarinen,27
1416,museovirasto.316C02FF04EA88489C9ABAB3D75F0FC4,"['/Cover/Show?source=Solr&id=museovirasto.316C02FF04EA88489C9ABAB3D75F0FC4&index=0&size=large', '/Cover/Show?source=Solr&id=museovirasto.316C02FF04EA88489C9ABAB3D75F0FC4&index=1&size=large']","[{'name': 'Saarinen, Eliel', 'role': 'suunnittelija'}]","[['lasi'], ['juomalasit'], ['astiat'], ['juoma-astiat']]",lasi; liköörilasi,1910.0,Eliel Saarinen,27
1417,museovirasto.32CBA759066AC1DFBC0839F958F51797,"['/Cover/Show?source=Solr&id=museovirasto.32CBA759066AC1DFBC0839F958F51797&index=0&size=large', '/Cover/Show?source=Solr&id=museovirasto.32CBA759066AC1DFBC0839F958F51797&index=1&size=large']","[{'name': 'Saarinen, Eliel', 'role': 'suunnittelija'}]","[['lasi'], ['juomalasit'], ['astiat'], ['juoma-astiat']]",valkoviinilasi; lasi,1910.0,Eliel Saarinen,27
1418,museovirasto.4113B25A1893F687D778827BA5783DBA,"['/Cover/Show?source=Solr&id=museovirasto.4113B25A1893F687D778827BA5783DBA&index=0&size=large', '/Cover/Show?source=Solr&id=museovirasto.4113B25A1893F687D778827BA5783DBA&index=1&size=large', '/Cover/Show?source=Solr&id=museovirasto.4113B25A1893F687D778827BA5783DBA&index=2&size=large', '/Cover/Show?source=Solr&id=museovirasto.4113B25A1893F687D778827BA5783DBA&index=3&size=large', '/Cover/Show?source=Solr&id=museovirasto.4113B25A1893F687D778827BA5783DBA&index=4&size=large', '/Cover/Show?source=Solr&id=museovirasto.4113B25A1893F687D778827BA5783DBA&index=5&size=large', '/Cover/Show?source=Solr&id=museovirasto.4113B25A1893F687D778827BA5783DBA&index=6&size=large', '/Cover/Show?source=Solr&id=museovirasto.4113B25A1893F687D778827BA5783DBA&index=7&size=large', '/Cover/Show?source=Solr&id=museovirasto.4113B25A1893F687D778827BA5783DBA&index=8&size=large', '/Cover/Show?source=Solr&id=museovirasto.4113B25A1893F687D778827BA5783DBA&index=9&size=large']","[{'name': 'Saarinen, Eliel', 'role': 'suunnittelija'}, {'name': 'N. Bomanin höyrypuusepäntehdas', 'role': 'valmistaja'}]","[['tuolit'], ['nojatuolit'], ['huonekalut'], ['sisustus'], ['art nouveau']]",nojatuoli,1910.0,Eliel Saarinen,27
1419,museovirasto.41B37365B62A89A3E1FCCFC39B2364D5,"['/Cover/Show?source=Solr&id=museovirasto.41B37365B62A89A3E1FCCFC39B2364D5&index=0&size=large', '/Cover/Show?source=Solr&id=museovirasto.41B37365B62A89A3E1FCCFC39B2364D5&index=1&size=large']","[{'name': 'Saarinen, Eliel', 'role': 'suunnittelija'}]","[['lasi'], ['juomalasit'], ['astiat'], ['juoma-astiat']]",punaviinilasi; lasi,1910.0,Eliel Saarinen,27
1420,museovirasto.459148FCBD3724CB6415B0D4B4B499DD,"['/Cover/Show?source=Solr&id=museovirasto.459148FCBD3724CB6415B0D4B4B499DD&index=0&size=large', '/Cover/Show?source=Solr&id=museovirasto.459148FCBD3724CB6415B0D4B4B499DD&index=1&size=large']","[{'name': 'Saarinen, Eliel', 'role': 'suunnittelija'}]","[['valaistus'], ['valaisimet'], ['pöytävalaisimet'], ['sisustus']]",valaisin; pöytävalaisimen jalka,1910.0,Eliel Saarinen,27
1421,museovirasto.509C54503A7264E7951A5B40C1336DDB,"['/Cover/Show?source=Solr&id=museovirasto.509C54503A7264E7951A5B40C1336DDB&index=0&size=large', '/Cover/Show?source=Solr&id=museovirasto.509C54503A7264E7951A5B40C1336DDB&index=1&size=large']","[{'name': 'Saarinen, Eliel', 'role': 'suunnittelija'}]","[['tuolit'], ['huonekalut'], ['istuimet'], ['sisustus']]",tuoli; pikkutuoli,1910.0,Eliel Saarinen,27
1422,museovirasto.58B03FE3338E54E6B6E9FF4FA6F604A4,"['/Cover/Show?source=Solr&id=museovirasto.58B03FE3338E54E6B6E9FF4FA6F604A4&index=0&size=large', '/Cover/Show?source=Solr&id=museovirasto.58B03FE3338E54E6B6E9FF4FA6F604A4&index=1&size=large', '/Cover/Show?source=Solr&id=museovirasto.58B03FE3338E54E6B6E9FF4FA6F604A4&index=2&size=large']","[{'name': 'Saarinen, Eliel', 'role': 'tekijä'}]","[['piirustus'], ['piirustustaide'], ['taide']]",piirustus; lihaksisto-harjoitelma; punaliitupiirustus,1910.0,Eliel Saarinen,27
1423,museovirasto.6F88ADAECAC30AE13FA7EEEAD15BFCEA,"['/Cover/Show?source=Solr&id=museovirasto.6F88ADAECAC30AE13FA7EEEAD15BFCEA&index=0&size=large', '/Cover/Show?source=Solr&id=museovirasto.6F88ADAECAC30AE13FA7EEEAD15BFCEA&index=1&size=large']","[{'name': 'Saarinen, Eliel', 'role': 'suunnittelija'}]","[['lasi'], ['juomalasit'], ['astiat'], ['juoma-astiat']]",samppanjalasi; lasi,1910.0,Eliel Saarinen,27
1424,museovirasto.713F088F182895DAC5AF5A71C893638C,"['/Cover/Show?source=Solr&id=museovirasto.713F088F182895DAC5AF5A71C893638C&index=0&size=large', '/Cover/Show?source=Solr&id=museovirasto.713F088F182895DAC5AF5A71C893638C&index=1&size=large']","[{'name': 'Saarinen, Eliel', 'role': 'suunnittelija'}]","[['lasi'], ['juomalasit'], ['astiat'], ['juoma-astiat'], ['jugend']]",lasi; samppanjalasi,1910.0,Eliel Saarinen,27
1425,museovirasto.783D450CCE392A74D4AD91D4E44BAFE5,"['/Cover/Show?source=Solr&id=museovirasto.783D450CCE392A74D4AD91D4E44BAFE5&index=0&size=large', '/Cover/Show?source=Solr&id=museovirasto.783D450CCE392A74D4AD91D4E44BAFE5&index=1&size=large']","[{'name': 'Saarinen, Eliel', 'role': 'suunnittelija'}]","[['lasi'], ['juomalasit'], ['astiat'], ['juoma-astiat']]",valkoviinilasi; lasi,1910.0,Eliel Saarinen,27
1426,museovirasto.7E44861307D972CB98EB9A574BE9D38D,"['/Cover/Show?source=Solr&id=museovirasto.7E44861307D972CB98EB9A574BE9D38D&index=0&size=large', '/Cover/Show?source=Solr&id=museovirasto.7E44861307D972CB98EB9A574BE9D38D&index=1&size=large']","[{'name': 'Saarinen, Eliel', 'role': 'suunnittelija'}]","[['lasi'], ['juomalasit'], ['astiat'], ['juoma-astiat']]",valkoviinilasi; lasi,1910.0,Eliel Saarinen,27
1427,museovirasto.89761D88CC960E72A632431E606C1342,"['/Cover/Show?source=Solr&id=museovirasto.89761D88CC960E72A632431E606C1342&index=0&size=large', '/Cover/Show?source=Solr&id=museovirasto.89761D88CC960E72A632431E606C1342&index=1&size=large']","[{'name': 'Saarinen, Eliel', 'role': 'suunnittelija'}]","[['lasi'], ['juomalasit'], ['astiat'], ['juoma-astiat']]",valkoviinilasi; lasi,1910.0,Eliel Saarinen,27
1428,museovirasto.8F51EA1FEB9AC1A50630BB705B024CCA,"['/Cover/Show?source=Solr&id=museovirasto.8F51EA1FEB9AC1A50630BB705B024CCA&index=0&size=large', '/Cover/Show?source=Solr&id=museovirasto.8F51EA1FEB9AC1A50630BB705B024CCA&index=1&size=large']","[{'name': 'Saarinen, Eliel', 'role': 'suunnittelija'}]","[['lasi'], ['juomalasit'], ['astiat'], ['juoma-astiat']]",liköörilasi; lasi,1910.0,Eliel Saarinen,27
1429,museovirasto.9BF9675AACB65A34158920DA919F4FF9,"['/Cover/Show?source=Solr&id=museovirasto.9BF9675AACB65A34158920DA919F4FF9&index=0&size=large', '/Cover/Show?source=Solr&id=museovirasto.9BF9675AACB65A34158920DA919F4FF9&index=1&size=large']","[{'name': 'Saarinen, Eliel', 'role': 'suunnittelija'}]","[['paperikorit'], ['säilytyskalusteet'], ['sisustus']]",paperikori,1910.0,Eliel Saarinen,27
1430,museovirasto.9DB691032682823912D8ED292B025DCF,"['/Cover/Show?source=Solr&id=museovirasto.9DB691032682823912D8ED292B025DCF&index=0&size=large', '/Cover/Show?source=Solr&id=museovirasto.9DB691032682823912D8ED292B025DCF&index=1&size=large']","[{'name': 'Saarinen, Eliel', 'role': 'suunnittelija'}]","[['lasi'], ['juomalasit'], ['astiat'], ['juoma-astiat']]",liköörilasi; lasi,1910.0,Eliel Saarinen,27
1431,museovirasto.9DCE92EDECEA9262BE9BF321A2542B8E,"['/Cover/Show?source=Solr&id=museovirasto.9DCE92EDECEA9262BE9BF321A2542B8E&index=0&size=large', '/Cover/Show?source=Solr&id=museovirasto.9DCE92EDECEA9262BE9BF321A2542B8E&index=1&size=large', '/Cover/Show?source=Solr&id=museovirasto.9DCE92EDECEA9262BE9BF321A2542B8E&index=2&size=large', '/Cover/Show?source=Solr&id=museovirasto.9DCE92EDECEA9262BE9BF321A2542B8E&index=3&size=large', '/Cover/Show?source=Solr&id=museovirasto.9DCE92EDECEA9262BE9BF321A2542B8E&index=4&size=large', '/Cover/Show?source=Solr&id=museovirasto.9DCE92EDECEA9262BE9BF321A2542B8E&index=5&size=large', '/Cover/Show?source=Solr&id=museovirasto.9DCE92EDECEA9262BE9BF321A2542B8E&index=6&size=large', '/Cover/Show?source=Solr&id=museovirasto.9DCE92EDECEA9262BE9BF321A2542B8E&index=7&size=large']","[{'name': 'Saarinen, Eliel', 'role': 'suunnittelija'}, {'name': 'N. Bomanin höyrypuusepäntehdas', 'role': 'valmistaja'}]","[['tuolit'], ['nojatuolit'], ['huonekalut'], ['sisustus'], ['art nouveau']]",nojatuoli,1910.0,Eliel Saarinen,27
1432,museovirasto.9E60879E8E03327F4089A5A4543A0160,"['/Cover/Show?source=Solr&id=museovirasto.9E60879E8E03327F4089A5A4543A0160&index=0&size=large', '/Cover/Show?source=Solr&id=museovirasto.9E60879E8E03327F4089A5A4543A0160&index=1&size=large']","[{'name': 'Saarinen, Eliel', 'role': 'suunnittelija'}]","[['lasi'], ['juomalasit'], ['astiat'], ['juoma-astiat']]",punaviinilasi; lasi,1910.0,Eliel Saarinen,27
1433,museovirasto.ABD39BBB631A828AB7C6FEBD48B58762,"['/Cover/Show?source=Solr&id=museovirasto.ABD39BBB631A828AB7C6FEBD48B58762&index=0&size=large', '/Cover/Show?source=Solr&id=museovirasto.ABD39BBB631A828AB7C6FEBD48B58762&index=1&size=large', '/Cover/Show?source=Solr&id=museovirasto.ABD39BBB631A828AB7C6FEBD48B58762&index=2&size=large']","[{'name': 'Saarinen, Eliel', 'role': 'tekijä'}]","[['piirustus'], ['piirustustaide'], ['taide']]",punaliitupiirustus; alastonharjoitelma; piirustus,1910.0,Eliel Saarinen,27
1434,museovirasto.B09206AD819CDA27BE2F5C4B0EC405B1,"['/Cover/Show?source=Solr&id=museovirasto.B09206AD819CDA27BE2F5C4B0EC405B1&index=0&size=large', '/Cover/Show?source=Solr&id=museovirasto.B09206AD819CDA27BE2F5C4B0EC405B1&index=1&size=large']","[{'name': 'Saarinen, Eliel', 'role': 'suunnittelija'}]","[['lasi'], ['juomalasit'], ['astiat'], ['juoma-astiat']]",punaviinilasi; lasi,1910.0,Eliel Saarinen,27
1435,museovirasto.B837CE2086EF3C8C328C5F8BDF938D8D,"['/Cover/Show?source=Solr&id=museovirasto.B837CE2086EF3C8C328C5F8BDF938D8D&index=0&size=large', '/Cover/Show?source=Solr&id=museovirasto.B837CE2086EF3C8C328C5F8BDF938D8D&index=1&size=large']","[{'name': 'Saarinen, Eliel', 'role': 'suunnittelija'}]","[['lasi'], ['juomalasit'], ['astiat'], ['juoma-astiat']]",punaviinilasi; lasi,1910.0,Eliel Saarinen,27
1436,museovirasto.BB0457AD1818E59D4220BB5FBFB86128,"['/Cover/Show?source=Solr&id=museovirasto.BB0457AD1818E59D4220BB5FBFB86128&index=0&size=large', '/Cover/Show?source=Solr&id=museovirasto.BB0457AD1818E59D4220BB5FBFB86128&index=1&size=large']","[{'name': 'Saarinen, Eliel', 'role': 'suunnittelija'}]","[['lasi'], ['juomalasit'], ['astiat'], ['juoma-astiat']]",liköörilasi; lasi,1910.0,Eliel Saarinen,27
1437,museovirasto.BBDB55A1F59386B1D92AFE2503D52542,"['/Cover/Show?source=Solr&id=museovirasto.BBDB55A1F59386B1D92AFE2503D52542&index=0&size=large', '/Cover/Show?source=Solr&id=museovirasto.BBDB55A1F59386B1D92AFE2503D52542&index=1&size=large', '/Cover/Show?source=Solr&id=museovirasto.BBDB55A1F59386B1D92AFE2503D52542&index=2&size=large', '/Cover/Show?source=Solr&id=museovirasto.BBDB55A1F59386B1D92AFE2503D52542&index=3&size=large', '/Cover/Show?source=Solr&id=museovirasto.BBDB55A1F59386B1D92AFE2503D52542&index=4&size=large', '/Cover/Show?source=Solr&id=museovirasto.BBDB55A1F59386B1D92AFE2503D52542&index=5&size=large']","[{'name': 'Saarinen, Eliel', 'role': 'suunnittelija'}, {'name': 'N. Bomanin höyrypuusepäntehdas', 'role': 'tekijä'}]","[['sohvat'], ['huonekalut'], ['sisustus'], ['art nouveau']]",sohva,1910.0,Eliel Saarinen,27
1438,museovirasto.BE5B45083AAF3358534ABF66A8723D1A,"['/Cover/Show?source=Solr&id=museovirasto.BE5B45083AAF3358534ABF66A8723D1A&index=0&size=large', '/Cover/Show?source=Solr&id=museovirasto.BE5B45083AAF3358534ABF66A8723D1A&index=1&size=large', '/Cover/Show?source=Solr&id=museovirasto.BE5B45083AAF3358534ABF66A8723D1A&index=2&size=large']","[{'name': 'Saarinen, Eliel', 'role': 'tekijä'}]","[['piirustus'], ['piirustustaide'], ['taide']]",lyijykynäpiirustus; alastonharjoitelma; piirustus,1910.0,Eliel Saarinen,27
1439,museovirasto.C121F93B9527C8B0423DBBFB9AFF92EA,"['/Cover/Show?source=Solr&id=museovirasto.C121F93B9527C8B0423DBBFB9AFF92EA&index=0&size=large', '/Cover/Show?source=Solr&id=museovirasto.C121F93B9527C8B0423DBBFB9AFF92EA&index=1&size=large']","[{'name': 'Saarinen, Eliel', 'role': 'suunnittelija'}]","[['lasi'], ['juomalasit'], ['astiat'], ['juoma-astiat']]",punaviinilasi; lasi,1910.0,Eliel Saarinen,27
1440,museovirasto.C2A14CE133DCEFA029DB0DC067BF2888,"['/Cover/Show?source=Solr&id=museovirasto.C2A14CE133DCEFA029DB0DC067BF2888&index=0&size=large', '/Cover/Show?source=Solr&id=museovirasto.C2A14CE133DCEFA029DB0DC067BF2888&index=1&size=large']","[{'name': 'Saarinen, Eliel', 'role': 'suunnittelija'}]","[['huonekalut'], ['tuolit'], ['sisustus'], ['istuimet']]",pikkutuoli; tuoli,1910.0,Eliel Saarinen,27
1441,museovirasto.C50D4E27F1E2C2F81B19D002D09DBA6C,"['/Cover/Show?source=Solr&id=museovirasto.C50D4E27F1E2C2F81B19D002D09DBA6C&index=0&size=large', '/Cover/Show?source=Solr&id=museovirasto.C50D4E27F1E2C2F81B19D002D09DBA6C&index=1&size=large']","[{'name': 'Saarinen, Eliel', 'role': 'suunnittelija'}]","[['lasi'], ['juomalasit'], ['astiat'], ['juoma-astiat']]",liköörilasi; lasi,1910.0,Eliel Saarinen,27
1442,museovirasto.CA3CC30B593D77B1CE62139B1654D036,"['/Cover/Show?source=Solr&id=museovirasto.CA3CC30B593D77B1CE62139B1654D036&index=0&size=large', '/Cover/Show?source=Solr&id=museovirasto.CA3CC30B593D77B1CE62139B1654D036&index=1&size=large']","[{'name': 'Saarinen, Eliel', 'role': 'suunnittelija'}]","[['lasi'], ['juomalasit'], ['astiat'], ['juoma-astiat']]",lasi; samppanjalasi,1910.0,Eliel Saarinen,27
1443,museovirasto.D40702E0D401711A204A172D2A48F835,"['/Cover/Show?source=Solr&id=museovirasto.D40702E0D401711A204A172D2A48F835&index=0&size=large', '/Cover/Show?source=Solr&id=museovirasto.D40702E0D401711A204A172D2A48F835&index=1&size=large']","[{'name': 'Saarinen, Eliel', 'role': 'suunnittelija'}]","[['tuolit'], ['huonekalut'], ['istuimet'], ['sisustus']]",pikkutuoli; tuoli,1910.0,Eliel Saarinen,27
1444,museovirasto.DB29056CFC79603ED5F5389453CE6EFE,"['/Cover/Show?source=Solr&id=museovirasto.DB29056CFC79603ED5F5389453CE6EFE&index=0&size=large', '/Cover/Show?source=Solr&id=museovirasto.DB29056CFC79603ED5F5389453CE6EFE&index=1&size=large']","[{'name': 'Saarinen, Eliel', 'role': 'suunnittelija'}]","[['lasi'], ['juomalasit'], ['astiat'], ['juoma-astiat']]",liköörilasi; lasi,1910.0,Eliel Saarinen,27
1445,museovirasto.E02FB9BDD42747B7B4CE9213FA170F90,"['/Cover/Show?source=Solr&id=museovirasto.E02FB9BDD42747B7B4CE9213FA170F90&index=0&size=large', '/Cover/Show?source=Solr&id=museovirasto.E02FB9BDD42747B7B4CE9213FA170F90&index=1&size=large']","[{'name': 'Saarinen, Eliel', 'role': 'suunnittelija'}]","[['tuolit'], ['sisustus'], ['istuimet'], ['huonekalut']]",pikkutuoli; tuoli,1910.0,Eliel Saarinen,27
1446,museovirasto.E3B7D110771C2DB87E34B6533E79706C,"['/Cover/Show?source=Solr&id=museovirasto.E3B7D110771C2DB87E34B6533E79706C&index=0&size=large', '/Cover/Show?source=Solr&id=museovirasto.E3B7D110771C2DB87E34B6533E79706C&index=1&size=large']","[{'name': 'Saarinen, Eliel', 'role': 'suunnittelija'}]","[['lasi'], ['juomalasit'], ['astiat'], ['juoma-astiat']]",lasi; samppanjalasi,1910.0,Eliel Saarinen,27
1447,museovirasto.E5436B170EFF21CEBF61C4903CA66829,"['/Cover/Show?source=Solr&id=museovirasto.E5436B170EFF21CEBF61C4903CA66829&index=0&size=large', '/Cover/Show?source=Solr&id=museovirasto.E5436B170EFF21CEBF61C4903CA66829&index=1&size=large']","[{'name': 'Saarinen, Eliel', 'role': 'suunnittelija'}]","[['lasi'], ['juomalasit'], ['astiat'], ['juoma-astiat']]",valkoviinilasi; lasi,1910.0,Eliel Saarinen,27
1448,museovirasto.ECA26724D8FA4FC7D3FA1E648D820C00,"['/Cover/Show?source=Solr&id=museovirasto.ECA26724D8FA4FC7D3FA1E648D820C00&index=0&size=large', '/Cover/Show?source=Solr&id=museovirasto.ECA26724D8FA4FC7D3FA1E648D820C00&index=1&size=large']","[{'name': 'Saarinen, Eliel', 'role': 'suunnittelija'}]","[['lasi'], ['juomalasit'], ['astiat'], ['juoma-astiat']]",lasi; samppanjalasi,1910.0,Eliel Saarinen,27
1449,museovirasto.F20A984DAEDC168C37BF3B06D569750F,"['/Cover/Show?source=Solr&id=museovirasto.F20A984DAEDC168C37BF3B06D569750F&index=0&size=large', '/Cover/Show?source=Solr&id=museovirasto.F20A984DAEDC168C37BF3B06D569750F&index=1&size=large']","[{'name': 'Saarinen, Eliel', 'role': 'suunnittelija'}, {'name': 'N. Bomanin höyrypuusepäntehdas', 'role': 'valmistaja'}]","[['tuolit'], ['nojatuolit'], ['huonekalut'], ['sisustus'], ['art nouveau']]",nojatuoli,1910.0,Eliel Saarinen,27
1450,museovirasto.F7C431D0FFEE353DB73AC1F2EAE0C350,"['/Cover/Show?source=Solr&id=museovirasto.F7C431D0FFEE353DB73AC1F2EAE0C350&index=0&size=large', '/Cover/Show?source=Solr&id=museovirasto.F7C431D0FFEE353DB73AC1F2EAE0C350&index=1&size=large']","[{'name': 'Saarinen, Eliel', 'role': 'suunnittelija'}]","[['juoma-astiat'], ['lasi'], ['juomalasit'], ['astiat']]",valkoviinilasi; lasi,1910.0,Eliel Saarinen,27
1451,pkm.PKMPKE6487:3,"['/Cover/Show?source=Solr&id=pkm.PKMPKE6487%3A3&index=0&size=large', '/Cover/Show?source=Solr&id=pkm.PKMPKE6487%3A3&index=1&size=large']","[{'name': 'Eliel Saarinen', 'role': 'suunnittelija'}]","[['sisustus'], ['istuimet'], ['tuolit'], ['kaupungintalot'], ['kaupunginvaltuustot']]",tuoli,1912.0,Eliel Saarinen,27
1452,pkm.PKMPKE6487:5,"['/Cover/Show?source=Solr&id=pkm.PKMPKE6487%3A5&index=0&size=large', '/Cover/Show?source=Solr&id=pkm.PKMPKE6487%3A5&index=1&size=large']","[{'name': 'Eliel Saarinen', 'role': 'suunnittelija'}]","[['sisustus'], ['kaupunginvaltuustot'], ['kaupungintalot'], ['pöydät']]",pöytä,1912.0,Eliel Saarinen,27
1453,lappeenrannanmuseot.786086B9-33F6-4758-A899-844832347A88,"['/Cover/Show?source=Solr&id=lappeenrannanmuseot.786086B9-33F6-4758-A899-844832347A88&index=0&size=large', '/Cover/Show?source=Solr&id=lappeenrannanmuseot.786086B9-33F6-4758-A899-844832347A88&index=1&size=large']","[{'name': 'Saarinen, Eliel', 'role': 'suunnittelija'}]","[['VIIPURIN RAUTATIEASEMA'], ['tuhkakupit'], ['sotahistoria'], ['rautatieasemat'], ['lattianpäällysteet'], ['laatat'], ['POMMITETTU VIIPURI'], ['LASITIILET'], ['muistoesineet']]",lattialaatta Viipurin rautatieasemalta; lasitiili,1913.0,Eliel Saarinen,27
1454,museovirasto.A2868999554A9C06ADC36CB9865ADCF0,"['/Cover/Show?source=Solr&id=museovirasto.A2868999554A9C06ADC36CB9865ADCF0&index=0&size=large', '/Cover/Show?source=Solr&id=museovirasto.A2868999554A9C06ADC36CB9865ADCF0&index=1&size=large']","[{'name': 'Saarinen, Eliel', 'role': 'suunnittelija'}, {'name': 'Lahden ammattikoulu, kultaseppälinja', 'role': 'valmistaja'}]","[['valaisimet'], ['lampetit']]",lampetti (pari) (kopio),1915.0,Eliel Saarinen,27
1455,museovirasto.be12236b-47f1-4ccf-b82b-7f5246924768,['/Cover/Show?source=Solr&id=museovirasto.be12236b-47f1-4ccf-b82b-7f5246924768&index=0&size=large'],"[{'name': 'Suomen Pankki', 'role': 'valmistuttaja'}, {'name': 'Suomen Pankin setelipaino', 'role': 'valmistaja'}, {'name': 'Saarinen, Eliel', 'role': 'suunnittelija todennäköisesti'}]",[['setelirahat']],Markka; raha; seteli,1915.0,Eliel Saarinen,27
1456,museovirasto.262249DC4103CFA5352D6992A3293511,"['/Cover/Show?source=Solr&id=museovirasto.262249DC4103CFA5352D6992A3293511&index=0&size=large', '/Cover/Show?source=Solr&id=museovirasto.262249DC4103CFA5352D6992A3293511&index=1&size=large', '/Cover/Show?source=Solr&id=museovirasto.262249DC4103CFA5352D6992A3293511&index=2&size=large', '/Cover/Show?source=Solr&id=museovirasto.262249DC4103CFA5352D6992A3293511&index=3&size=large', '/Cover/Show?source=Solr&id=museovirasto.262249DC4103CFA5352D6992A3293511&index=4&size=large', '/Cover/Show?source=Solr&id=museovirasto.262249DC4103CFA5352D6992A3293511&index=5&size=large']","[{'name': 'Saarinen, Eliel', 'role': 'suunnittelija'}]","[['kirjahyllyt'], ['huonekalut']]",kirjahylly,1916.0,Eliel Saarinen,27
1457,museovirasto.8FC535D703CEF649C4C826480D885E8E,"['/Cover/Show?source=Solr&id=museovirasto.8FC535D703CEF649C4C826480D885E8E&index=0&size=large', '/Cover/Show?source=Solr&id=museovirasto.8FC535D703CEF649C4C826480D885E8E&index=1&size=large', '/Cover/Show?source=Solr&id=museovirasto.8FC535D703CEF649C4C826480D885E8E&index=2&size=large', '/Cover/Show?source=Solr&id=museovirasto.8FC535D703CEF649C4C826480D885E8E&index=3&size=large']","[{'name': 'Saarinen, Eliel', 'role': 'suunnittelija'}, {'name': 'Andstén', 'role': 'valmistaja'}]","[['kaakeliuunit'], ['uunit'], ['art nouveau'], ['jugend'], ['arkkitehtuuri'], ['sisustus'], ['luukut'], ['metallityöt']]",uuni; kaakeliuuni,1916.0,Eliel Saarinen,27
1458,museovirasto.9CD9709BE6E756A802C9E0DFD5613517,"['/Cover/Show?source=Solr&id=museovirasto.9CD9709BE6E756A802C9E0DFD5613517&index=0&size=large', '/Cover/Show?source=Solr&id=museovirasto.9CD9709BE6E756A802C9E0DFD5613517&index=1&size=large']","[{'name': 'Saarinen, Eliel', 'role': 'suunnittelija'}]","[['kirjahyllyt'], ['huonekalut']]",kirjahylly,1916.0,Eliel Saarinen,27
1459,museovirasto.CF2DC8B1FCE07BC659D88C1E84C9FAA5,"['/Cover/Show?source=Solr&id=museovirasto.CF2DC8B1FCE07BC659D88C1E84C9FAA5&index=0&size=large', '/Cover/Show?source=Solr&id=museovirasto.CF2DC8B1FCE07BC659D88C1E84C9FAA5&index=1&size=large']","[{'name': 'Saarinen, Eliel', 'role': 'suunnittelija'}]","[['kirjahyllyt'], ['huonekalut']]",kirjahylly,1916.0,Eliel Saarinen,27
1460,tmk.160991948116500,['/Cover/Show?source=Solr&id=tmk.160991948116500&index=0&size=large'],"[{'name': 'Eliel Saarinen', 'role': 'suunnittelija'}]",[['liput']],Lippukomitean ehdotus kauppa- ja merenkulkulipuksi 1917; lippu,1917.0,Eliel Saarinen,27
1461,tmk.161004172903200,"['/Cover/Show?source=Solr&id=tmk.161004172903200&index=0&size=large', '/Cover/Show?source=Solr&id=tmk.161004172903200&index=1&size=large', '/Cover/Show?source=Solr&id=tmk.161004172903200&index=2&size=large']","[{'name': 'Eliel Saarinen', 'role': 'suunnittelija'}]","[['Suomi'], ['liput'], ['kauppa'], ['elinkeinot'], ['merenkulku']]",Suomen lippu / kauppa- ja merenkulkulippu,1917.0,Eliel Saarinen,27
1462,hkm.227188B6-174E-4040-B918-E4A545042B7B,['/Cover/Show?source=Solr&id=hkm.227188B6-174E-4040-B918-E4A545042B7B&index=0&size=large'],"[{'name': 'Suomen Pankki', 'role': 'valmistaja'}, {'name': 'Saarinen, Eliel', 'role': 'suunnittelija', 'id': 'https://isni.org/isni/0000000108899346'}]","[['paperirahat'], ['setelit']]",seteli; tuhat markkaa,1918.0,Eliel Saarinen,27
1463,hkm.27C595CD-B5AE-4481-A9CD-B96C825E0942,['/Cover/Show?source=Solr&id=hkm.27C595CD-B5AE-4481-A9CD-B96C825E0942&index=0&size=large'],"[{'name': 'Suomen Pankki', 'role': 'valmistaja'}, {'name': 'Saarinen, Eliel', 'role': 'graafinen suunnittelija', 'id': 'https://isni.org/isni/0000000108899346'}]","[['rahat'], ['paperirahat'], ['setelit']]",seteli; kaksikymmentä markkaa,1918.0,Eliel Saarinen,27
1464,hkm.CD7B4F7F-EEA2-474D-A65F-9B7AA02C993B,['/Cover/Show?source=Solr&id=hkm.CD7B4F7F-EEA2-474D-A65F-9B7AA02C993B&index=0&size=large'],"[{'name': 'Tervakoski Oy', 'role': 'valmistaja'}, {'name': 'Suomen Pankin Setelipaino', 'role': 'paino'}, {'name': 'Saarinen, Eliel', 'role': 'suunnittelija', 'id': 'https://isni.org/isni/0000000108899346'}]","[['paperirahat'], ['setelit']]",seteli; kymmenen markkaa,1918.0,Eliel Saarinen,27
1465,hkm.ED1B8E31-925D-418B-B9CA-10949D643580,['/Cover/Show?source=Solr&id=hkm.ED1B8E31-925D-418B-B9CA-10949D643580&index=0&size=large'],"[{'name': 'Suomen Pankki', 'role': 'valmistaja'}, {'name': 'Saarinen, Eliel', 'role': 'graafinen suunnittelija', 'id': 'https://isni.org/isni/0000000108899346'}]","[['rahat'], ['paperirahat'], ['setelit']]",seteli; kaksikymmentä markkaa,1918.0,Eliel Saarinen,27
1466,museovirasto.099699AF0B2EFA3117FC2B74FD23D6E6,"['/Cover/Show?source=Solr&id=museovirasto.099699AF0B2EFA3117FC2B74FD23D6E6&index=0&size=large', '/Cover/Show?source=Solr&id=museovirasto.099699AF0B2EFA3117FC2B74FD23D6E6&index=1&size=large']","[{'name': 'N. Bomanin höyrypuusepäntehdas', 'role': 'valmistaja'}, {'name': 'Saarinen, Eliel', 'role': 'suunnittelija'}]","[['ruokapöydät'], ['pöydät'], ['huonekalut'], ['sisustus'], ['art nouveau']]",pöytä,1918.0,Eliel Saarinen,27
1467,museovirasto.0B99F8FEDB2780447D2C0D3058DD0E46,"['/Cover/Show?source=Solr&id=museovirasto.0B99F8FEDB2780447D2C0D3058DD0E46&index=0&size=large', '/Cover/Show?source=Solr&id=museovirasto.0B99F8FEDB2780447D2C0D3058DD0E46&index=1&size=large']","[{'name': 'N. Bomanin höyrypuusepäntehdas', 'role': 'valmistaja'}, {'name': 'Saarinen, Eliel', 'role': 'suunnittelija'}]","[['nojatuolit'], ['tuolit'], ['puutyöt'], ['art nouveau'], ['jugend'], ['huonekalut'], ['sisustus']]",tuoli,1918.0,Eliel Saarinen,27
1468,museovirasto.228CD27749B2F27A6E5BA720F0E9A88B,"['/Cover/Show?source=Solr&id=museovirasto.228CD27749B2F27A6E5BA720F0E9A88B&index=0&size=large', '/Cover/Show?source=Solr&id=museovirasto.228CD27749B2F27A6E5BA720F0E9A88B&index=1&size=large']","[{'name': 'N. Bomanin höyrypuusepäntehdas', 'role': 'valmistaja'}, {'name': 'Saarinen, Eliel', 'role': 'suunnittelija'}]","[['nojatuolit'], ['puutyöt'], ['tuolit'], ['huonekalut'], ['sisustus'], ['art nouveau'], ['jugend']]",tuoli,1918.0,Eliel Saarinen,27
1469,museovirasto.4e48822c-b96e-4b0a-baf3-4d8a2b1b51db,"['/Cover/Show?source=Solr&id=museovirasto.4e48822c-b96e-4b0a-baf3-4d8a2b1b51db&index=0&size=large', '/Cover/Show?source=Solr&id=museovirasto.4e48822c-b96e-4b0a-baf3-4d8a2b1b51db&index=1&size=large']","[{'name': 'Suomen Pankki', 'role': 'valmistuttaja'}, {'name': 'Suomen Pankin setelipaino', 'role': 'valmistaja'}, {'name': 'Saarinen, Eliel', 'role': 'suunnittelija'}]",[['setelirahat']],100 markkaa; Raha; seteli,1918.0,Eliel Saarinen,27
1470,museovirasto.58822A669BDE6E75A6D3AFD15F53B457,"['/Cover/Show?source=Solr&id=museovirasto.58822A669BDE6E75A6D3AFD15F53B457&index=0&size=large', '/Cover/Show?source=Solr&id=museovirasto.58822A669BDE6E75A6D3AFD15F53B457&index=1&size=large']","[{'name': 'Keravan Puusepäntehdas', 'role': 'tekijä'}, {'name': 'Saarinen, Eliel', 'role': 'suunnittelija'}]","[['huonekalut'], ['tuolit'], ['sisustus']]",pikkutuoli; tuoli; tuolin prototyyppi,1918.0,Eliel Saarinen,27
1471,museovirasto.61477bac-9cc4-4679-ad10-3191ebf499e0,"['/Cover/Show?source=Solr&id=museovirasto.61477bac-9cc4-4679-ad10-3191ebf499e0&index=0&size=large', '/Cover/Show?source=Solr&id=museovirasto.61477bac-9cc4-4679-ad10-3191ebf499e0&index=1&size=large']","[{'name': 'Suomen Pankki', 'role': 'valmistuttaja'}, {'name': 'Suomen Pankin setelipaino', 'role': 'valmistaja'}, {'name': 'Saarinen, Eliel', 'role': 'suunnittelija'}]",[['setelirahat']],50 markkaa; Raha; seteli,1918.0,Eliel Saarinen,27
1472,museovirasto.62F297871327057DB8CAFC103AA7F40E,"['/Cover/Show?source=Solr&id=museovirasto.62F297871327057DB8CAFC103AA7F40E&index=0&size=large', '/Cover/Show?source=Solr&id=museovirasto.62F297871327057DB8CAFC103AA7F40E&index=1&size=large']","[{'name': 'N. Bomanin höyrypuusepäntehdas', 'role': 'valmistaja'}, {'name': 'Saarinen, Eliel', 'role': 'suunnittelija'}]","[['tuolit'], ['nojatuolit'], ['huonekalut'], ['sisustus'], ['puutyöt'], ['art nouveau'], ['jugend']]",tuoli,1918.0,Eliel Saarinen,27
1473,museovirasto.7221bd03-d13c-4096-9ebd-6708fc196eda,"['/Cover/Show?source=Solr&id=museovirasto.7221bd03-d13c-4096-9ebd-6708fc196eda&index=0&size=large', '/Cover/Show?source=Solr&id=museovirasto.7221bd03-d13c-4096-9ebd-6708fc196eda&index=1&size=large']","[{'name': 'Suomen Pankki', 'role': 'valmistuttaja'}, {'name': 'Suomen Pankin setelipaino', 'role': 'valmistaja'}, {'name': 'Saarinen, Eliel', 'role': 'suunnittelija'}]",[['setelirahat']],5 markkaa; Raha; seteli,1918.0,Eliel Saarinen,27
1474,museovirasto.9A403C1D873434581F38617728F67556,"['/Cover/Show?source=Solr&id=museovirasto.9A403C1D873434581F38617728F67556&index=0&size=large', '/Cover/Show?source=Solr&id=museovirasto.9A403C1D873434581F38617728F67556&index=1&size=large']","[{'name': 'N. Bomanin höyrypuusepäntehdas', 'role': 'valmistaja'}, {'name': 'Saarinen, Eliel', 'role': 'suunnittelija'}]","[['tuolit'], ['nojatuolit'], ['puutyöt'], ['huonekalut'], ['sisustus'], ['art nouveau'], ['jugend']]",tuoli,1918.0,Eliel Saarinen,27
1475,museovirasto.9D4C5CDDA7BEA24ADF7168CE4FBB797D,"['/Cover/Show?source=Solr&id=museovirasto.9D4C5CDDA7BEA24ADF7168CE4FBB797D&index=0&size=large', '/Cover/Show?source=Solr&id=museovirasto.9D4C5CDDA7BEA24ADF7168CE4FBB797D&index=1&size=large']","[{'name': 'N. Bomanin höyrypuusepäntehdas', 'role': 'valmistaja'}, {'name': 'Saarinen, Eliel', 'role': 'suunnittelija'}]","[['tuolit'], ['nojatuolit'], ['puutyöt'], ['huonekalut'], ['sisustus'], ['art nouveau'], ['jugend']]",tuoli,1918.0,Eliel Saarinen,27
1476,museovirasto.9FAFB3A2EA6ED4082B62B7F8341BC5E4,"['/Cover/Show?source=Solr&id=museovirasto.9FAFB3A2EA6ED4082B62B7F8341BC5E4&index=0&size=large', '/Cover/Show?source=Solr&id=museovirasto.9FAFB3A2EA6ED4082B62B7F8341BC5E4&index=1&size=large', '/Cover/Show?source=Solr&id=museovirasto.9FAFB3A2EA6ED4082B62B7F8341BC5E4&index=2&size=large', '/Cover/Show?source=Solr&id=museovirasto.9FAFB3A2EA6ED4082B62B7F8341BC5E4&index=3&size=large', '/Cover/Show?source=Solr&id=museovirasto.9FAFB3A2EA6ED4082B62B7F8341BC5E4&index=4&size=large', '/Cover/Show?source=Solr&id=museovirasto.9FAFB3A2EA6ED4082B62B7F8341BC5E4&index=5&size=large', '/Cover/Show?source=Solr&id=museovirasto.9FAFB3A2EA6ED4082B62B7F8341BC5E4&index=6&size=large', '/Cover/Show?source=Solr&id=museovirasto.9FAFB3A2EA6ED4082B62B7F8341BC5E4&index=7&size=large']","[{'name': 'N. Bomanin höyrypuusepäntehdas', 'role': 'valmistaja'}, {'name': 'Saarinen, Eliel', 'role': 'suunnittelija'}]","[['tuolit'], ['nojatuolit'], ['puutyöt'], ['huonekalut'], ['sisustus'], ['art nouveau'], ['jugend']]",tuoli,1918.0,Eliel Saarinen,27
1477,museovirasto.A147FF37E3AF83932278984A65E10A68,"['/Cover/Show?source=Solr&id=museovirasto.A147FF37E3AF83932278984A65E10A68&index=0&size=large', '/Cover/Show?source=Solr&id=museovirasto.A147FF37E3AF83932278984A65E10A68&index=1&size=large']","[{'name': 'N. Bomanin höyrypuusepäntehdas', 'role': 'valmistaja'}, {'name': 'Saarinen, Eliel', 'role': 'suunnittelija'}]","[['tuolit'], ['nojatuolit'], ['puutyöt'], ['huonekalut'], ['sisustus'], ['art nouveau'], ['jugend']]",tuoli,1918.0,Eliel Saarinen,27
1478,museovirasto.B08C7D7BBA530ADB90987B990793AEE0,"['/Cover/Show?source=Solr&id=museovirasto.B08C7D7BBA530ADB90987B990793AEE0&index=0&size=large', '/Cover/Show?source=Solr&id=museovirasto.B08C7D7BBA530ADB90987B990793AEE0&index=1&size=large']","[{'name': 'N. Bomanin höyrypuusepäntehdas', 'role': 'valmistaja'}, {'name': 'Saarinen, Eliel', 'role': 'suunnittelija'}]","[['tuolit'], ['nojatuolit'], ['puutyöt'], ['huonekalut'], ['sisustus'], ['art nouveau'], ['jugend']]",tuoli,1918.0,Eliel Saarinen,27
1479,museovirasto.B3EAC447214714C4009BD65CCF2DFF8C,"['/Cover/Show?source=Solr&id=museovirasto.B3EAC447214714C4009BD65CCF2DFF8C&index=0&size=large', '/Cover/Show?source=Solr&id=museovirasto.B3EAC447214714C4009BD65CCF2DFF8C&index=1&size=large', '/Cover/Show?source=Solr&id=museovirasto.B3EAC447214714C4009BD65CCF2DFF8C&index=2&size=large', '/Cover/Show?source=Solr&id=museovirasto.B3EAC447214714C4009BD65CCF2DFF8C&index=3&size=large']","[{'name': 'Keravan Puusepäntehdas', 'role': 'tekijä'}, {'name': 'Saarinen, Eliel', 'role': 'suunnittelija'}]","[['huonekalut'], ['tuolit'], ['sisustus']]",tuoli; pikkutuoli; tuolin prototyyppi,1918.0,Eliel Saarinen,27
1480,museovirasto.BFFC218E0354736BA0E8B024255FAF0D,"['/Cover/Show?source=Solr&id=museovirasto.BFFC218E0354736BA0E8B024255FAF0D&index=0&size=large', '/Cover/Show?source=Solr&id=museovirasto.BFFC218E0354736BA0E8B024255FAF0D&index=1&size=large', '/Cover/Show?source=Solr&id=museovirasto.BFFC218E0354736BA0E8B024255FAF0D&index=2&size=large', '/Cover/Show?source=Solr&id=museovirasto.BFFC218E0354736BA0E8B024255FAF0D&index=3&size=large', '/Cover/Show?source=Solr&id=museovirasto.BFFC218E0354736BA0E8B024255FAF0D&index=4&size=large']","[{'name': 'N. Bomanin höyrypuusepäntehdas', 'role': 'valmistaja'}, {'name': 'Saarinen, Eliel', 'role': 'suunnittelija'}]","[['nojatuolit'], ['sisustus'], ['huonekalut'], ['puutyöt'], ['art nouveau'], ['jugend'], ['tuolit']]",tuoli,1918.0,Eliel Saarinen,27
1481,museovirasto.C37BC046A30B16DA1052D9E87DE08EF7,"['/Cover/Show?source=Solr&id=museovirasto.C37BC046A30B16DA1052D9E87DE08EF7&index=0&size=large', '/Cover/Show?source=Solr&id=museovirasto.C37BC046A30B16DA1052D9E87DE08EF7&index=1&size=large', '/Cover/Show?source=Solr&id=museovirasto.C37BC046A30B16DA1052D9E87DE08EF7&index=2&size=large', '/Cover/Show?source=Solr&id=museovirasto.C37BC046A30B16DA1052D9E87DE08EF7&index=3&size=large']","[{'name': 'Keravan Puusepäntehdas', 'role': 'tekijä'}, {'name': 'Saarinen, Eliel', 'role': 'suunnittelija'}]","[['tuolit'], ['huonekalut'], ['sisustus']]",tuoli; pikkutuoli; tuolin prototyyppi,1918.0,Eliel Saarinen,27
1482,museovirasto.CC74993DE5C8507A9A1D2442FCA56654,['/Cover/Show?source=Solr&id=museovirasto.CC74993DE5C8507A9A1D2442FCA56654&index=0&size=large'],"[{'name': 'Saarinen, Eliel', 'role': 'tekijä'}]","[['muotokuvat'], ['Saarinen, Loja']]",muotokuva; Loja Saarinen,1918.0,Eliel Saarinen,27
1483,museovirasto.F17D2D43CAD42D596EC1FA26B2838562,"['/Cover/Show?source=Solr&id=museovirasto.F17D2D43CAD42D596EC1FA26B2838562&index=0&size=large', '/Cover/Show?source=Solr&id=museovirasto.F17D2D43CAD42D596EC1FA26B2838562&index=1&size=large']","[{'name': 'N. Bomanin höyrypuusepäntehdas', 'role': 'valmistaja'}, {'name': 'Saarinen, Eliel', 'role': 'suunnittelija'}]","[['tuolit'], ['nojatuolit'], ['puutyöt'], ['art nouveau'], ['jugend'], ['sisustus'], ['huonekalut']]",tuoli,1918.0,Eliel Saarinen,27
1484,museovirasto.a203a6a2-6e70-4b6a-9ab1-37443dfb937d,"['/Cover/Show?source=Solr&id=museovirasto.a203a6a2-6e70-4b6a-9ab1-37443dfb937d&index=0&size=large', '/Cover/Show?source=Solr&id=museovirasto.a203a6a2-6e70-4b6a-9ab1-37443dfb937d&index=1&size=large']","[{'name': 'Suomen Pankki', 'role': 'valmistuttaja'}, {'name': 'Suomen Pankin setelipaino', 'role': 'valmistaja'}, {'name': 'Saarinen, Eliel', 'role': 'suunnittelija'}]",[['setelirahat']],10 markkaa; Raha; seteli,1918.0,Eliel Saarinen,27
1485,museovirasto.c5e5210d-9f5a-4e82-8dce-c702d2ce650a,"['/Cover/Show?source=Solr&id=museovirasto.c5e5210d-9f5a-4e82-8dce-c702d2ce650a&index=0&size=large', '/Cover/Show?source=Solr&id=museovirasto.c5e5210d-9f5a-4e82-8dce-c702d2ce650a&index=1&size=large']","[{'name': 'Suomen Pankki', 'role': 'valmistuttaja'}, {'name': 'Suomen Pankin setelipaino', 'role': 'valmistaja'}, {'name': 'Saarinen, Eliel', 'role': 'suunnittelija'}]",[['setelirahat']],20 markkaa; Raha; seteli,1918.0,Eliel Saarinen,27
1486,museovirasto.edeb2631-8c22-43da-a43e-666d0dc7071c,"['/Cover/Show?source=Solr&id=museovirasto.edeb2631-8c22-43da-a43e-666d0dc7071c&index=0&size=large', '/Cover/Show?source=Solr&id=museovirasto.edeb2631-8c22-43da-a43e-666d0dc7071c&index=1&size=large']","[{'name': 'Suomen Pankki', 'role': 'valmistuttaja'}, {'name': 'Suomen Pankin setelipaino', 'role': 'valmistaja'}, {'name': 'Saarinen, Eliel', 'role': 'suunnittelija'}]",[['setelirahat']],50 markkaa; Raha; seteli,1918.0,Eliel Saarinen,27
1487,museovirasto.f548d6b2-0ca3-4d68-9ef1-08ffc01fd41b,"['/Cover/Show?source=Solr&id=museovirasto.f548d6b2-0ca3-4d68-9ef1-08ffc01fd41b&index=0&size=large', '/Cover/Show?source=Solr&id=museovirasto.f548d6b2-0ca3-4d68-9ef1-08ffc01fd41b&index=1&size=large']","[{'name': 'Suomen Pankki', 'role': 'valmistuttaja'}, {'name': 'Suomen Pankin setelipaino', 'role': 'valmistaja'}, {'name': 'Saarinen, Eliel', 'role': 'suunnittelija'}]",[['setelirahat']],20 markkaa; Raha; seteli,1918.0,Eliel Saarinen,27
1488,tmk.160992590760000,['/Cover/Show?source=Solr&id=tmk.160992590760000&index=0&size=large'],"[{'name': 'Eliel Saarinen', 'role': 'suunnittelija'}]","[['maksuvälineet'], ['rahat'], ['setelirahat']]",kymmenen markan seteli; raha; seteli,1918.0,Eliel Saarinen,27
1489,tmk.160992591460500,['/Cover/Show?source=Solr&id=tmk.160992591460500&index=0&size=large'],"[{'name': 'Eliel Saarinen', 'role': 'suunnittelija'}]","[['maksuvälineet'], ['Suomen markka'], ['rahat'], ['setelirahat']]",kahdenkymmenen markan seteli; raha; seteli,1918.0,Eliel Saarinen,27
1490,tmk.161650599891100,"['/Cover/Show?source=Solr&id=tmk.161650599891100&index=0&size=large', '/Cover/Show?source=Solr&id=tmk.161650599891100&index=1&size=large']","[{'name': 'Suomen pankin setelipaino', 'role': 'painaja'}, {'name': 'Eliel Saarinen', 'role': 'suunnittelija'}]","[['rahat'], ['setelirahat'], ['Suomen markka']]",kymmenen markkaa; raha; seteli,1918.0,Eliel Saarinen,27
1491,tmk.162151127843500,"['/Cover/Show?source=Solr&id=tmk.162151127843500&index=0&size=large', '/Cover/Show?source=Solr&id=tmk.162151127843500&index=1&size=large']","[{'name': 'Suomen pankin setelipaino', 'role': 'painaja'}, {'name': 'Eliel Saarinen', 'role': 'suunnittelija'}]","[['rahat'], ['setelirahat'], ['Suomen markka']]",kymmenen markkaa; raha; seteli,1918.0,Eliel Saarinen,27
1492,srm.166903300613800,['/Cover/Show?source=Solr&id=srm.166903300613800&index=0&size=large'],"[{'name': 'Eliel Saarinen', 'role': 'suunnittelija'}]","[['asemarakennukset'], ['asemaravintolat'], ['rautatieasemat'], ['ravintolat'], ['seinävalaisimet'], ['valaisimet'], ['käyttöaika\n\t\t\t\t\t\t\n\t\t\t\t\t\t1922\n\t\t\t\t\t\t -  1959']]",seinävalaisin; valaisin,1920.0,Eliel Saarinen,27
1493,hkm.67B26100-02F8-4381-81D5-5AE973C1BA32,['/Cover/Show?source=Solr&id=hkm.67B26100-02F8-4381-81D5-5AE973C1BA32&index=0&size=large'],"[{'name': 'Tervakoski Oy', 'role': 'valmistaja'}, {'name': 'Suomen Pankin Setelipaino', 'role': 'paino'}, {'name': 'Saarinen, Eliel', 'role': 'suunnittelija', 'id': 'https://isni.org/isni/0000000108899346'}]","[['paperirahat'], ['setelit'], ['käyttöaika 1922 -']]",seteli; tuhat markkaa,1922.0,Eliel Saarinen,27
1494,hkm.D74EB44F-8C04-4F04-AB1E-7CC2B0D65EBE,['/Cover/Show?source=Solr&id=hkm.D74EB44F-8C04-4F04-AB1E-7CC2B0D65EBE&index=0&size=large'],"[{'name': 'Tervakoski Oy', 'role': 'valmistaja'}, {'name': 'Suomen Pankin Setelipaino', 'role': 'paino'}, {'name': 'Saarinen, Eliel', 'role': 'suunnittelija', 'id': 'https://isni.org/isni/0000000108899346'}]","[['paperirahat'], ['setelit']]",seteli; sata markkaa,1922.0,Eliel Saarinen,27
1495,hkm.DBC668AD-EFEE-449F-98F5-0ADA135F7D80,['/Cover/Show?source=Solr&id=hkm.DBC668AD-EFEE-449F-98F5-0ADA135F7D80&index=0&size=large'],"[{'name': 'Tervakoski Oy', 'role': 'valmistaja'}, {'name': 'Suomen Pankin Setelipaino', 'role': 'paino'}, {'name': 'Saarinen, Eliel', 'role': 'suunnittelija', 'id': 'https://isni.org/isni/0000000108899346'}]","[['paperirahat'], ['setelit']]",seteli; viisi markkaa,1922.0,Eliel Saarinen,27
1496,museovirasto.00dc4721-c01d-4f7c-b3ff-c5ed5ca42ea4,"['/Cover/Show?source=Solr&id=museovirasto.00dc4721-c01d-4f7c-b3ff-c5ed5ca42ea4&index=0&size=large', '/Cover/Show?source=Solr&id=museovirasto.00dc4721-c01d-4f7c-b3ff-c5ed5ca42ea4&index=1&size=large']","[{'name': 'Suomen Pankki', 'role': 'valmistuttaja'}, {'name': 'Suomen Pankin setelipaino', 'role': 'valmistaja'}, {'name': 'Saarinen, Eliel', 'role': 'suunnittelija'}]",[['setelirahat']],20 markkaa; Raha; seteli,1922.0,Eliel Saarinen,27
1497,museovirasto.13d48268-f7a3-4ebf-aa56-e2bc9773e3c1,"['/Cover/Show?source=Solr&id=museovirasto.13d48268-f7a3-4ebf-aa56-e2bc9773e3c1&index=0&size=large', '/Cover/Show?source=Solr&id=museovirasto.13d48268-f7a3-4ebf-aa56-e2bc9773e3c1&index=1&size=large']","[{'name': 'Suomen Pankki', 'role': 'valmistuttaja'}, {'name': 'Suomen Pankin setelipaino', 'role': 'valmistaja'}, {'name': 'Saarinen, Eliel', 'role': 'suunnittelija'}]",[['setelirahat']],5 markkaa; Raha; seteli,1922.0,Eliel Saarinen,27
1498,museovirasto.206d36af-9f81-45e6-b98e-356f6f7bd75a,"['/Cover/Show?source=Solr&id=museovirasto.206d36af-9f81-45e6-b98e-356f6f7bd75a&index=0&size=large', '/Cover/Show?source=Solr&id=museovirasto.206d36af-9f81-45e6-b98e-356f6f7bd75a&index=1&size=large']","[{'name': 'Suomen Pankki', 'role': 'valmistuttaja'}, {'name': 'Suomen Pankin setelipaino', 'role': 'valmistaja'}, {'name': 'Saarinen, Eliel', 'role': 'suunnittelija'}]",[['setelirahat']],1000 markkaa; Raha; seteli,1922.0,Eliel Saarinen,27
1499,museovirasto.23d710ba-a991-412b-b7a9-c3562f0a69a4,"['/Cover/Show?source=Solr&id=museovirasto.23d710ba-a991-412b-b7a9-c3562f0a69a4&index=0&size=large', '/Cover/Show?source=Solr&id=museovirasto.23d710ba-a991-412b-b7a9-c3562f0a69a4&index=1&size=large']","[{'name': 'Suomen Pankki', 'role': 'valmistuttaja'}, {'name': 'Suomen Pankin setelipaino', 'role': 'valmistaja'}, {'name': 'Saarinen, Eliel', 'role': 'suunnittelija'}]",[['setelirahat']],1000 markkaa; Raha; seteli,1922.0,Eliel Saarinen,27
1500,museovirasto.404e276e-fc92-4e79-9a36-de9f4ba3016c,"['/Cover/Show?source=Solr&id=museovirasto.404e276e-fc92-4e79-9a36-de9f4ba3016c&index=0&size=large', '/Cover/Show?source=Solr&id=museovirasto.404e276e-fc92-4e79-9a36-de9f4ba3016c&index=1&size=large']","[{'name': 'Suomen Pankki', 'role': 'valmistuttaja'}, {'name': 'Suomen Pankin setelipaino', 'role': 'valmistaja'}, {'name': 'Saarinen, Eliel', 'role': 'suunnittelija'}]",[['setelirahat']],10 markkaa; Raha; seteli,1922.0,Eliel Saarinen,27
1501,museovirasto.4176621c-a1f0-43d0-b18c-2205b755a767,"['/Cover/Show?source=Solr&id=museovirasto.4176621c-a1f0-43d0-b18c-2205b755a767&index=0&size=large', '/Cover/Show?source=Solr&id=museovirasto.4176621c-a1f0-43d0-b18c-2205b755a767&index=1&size=large']","[{'name': 'Suomen Pankki', 'role': 'valmistuttaja'}, {'name': 'Suomen Pankin setelipaino', 'role': 'valmistaja'}, {'name': 'Saarinen, Eliel', 'role': 'suunnittelija'}]",[['setelirahat']],5 markkaa; Raha; seteli,1922.0,Eliel Saarinen,27
1502,museovirasto.4b39b978-5b91-49ef-adb7-33c65c581e61,"['/Cover/Show?source=Solr&id=museovirasto.4b39b978-5b91-49ef-adb7-33c65c581e61&index=0&size=large', '/Cover/Show?source=Solr&id=museovirasto.4b39b978-5b91-49ef-adb7-33c65c581e61&index=1&size=large']","[{'name': 'Suomen Pankki', 'role': 'valmistuttaja'}, {'name': 'Suomen Pankin setelipaino', 'role': 'valmistaja'}, {'name': 'Saarinen, Eliel', 'role': 'suunnittelija'}]",[['setelirahat']],10 markkaa; Raha; seteli,1922.0,Eliel Saarinen,27
1503,museovirasto.516643A38A85F91D16C2343D4278F13B,"['/Cover/Show?source=Solr&id=museovirasto.516643A38A85F91D16C2343D4278F13B&index=0&size=large', '/Cover/Show?source=Solr&id=museovirasto.516643A38A85F91D16C2343D4278F13B&index=1&size=large']","[{'name': 'Suomen Pankki', 'role': 'valmistaja'}, {'name': 'Saarinen, Eliel', 'role': 'suunnittelija'}]","[['rahat'], ['setelirahat']]",raha; seteli; 100 markkaa,1922.0,Eliel Saarinen,27
1504,museovirasto.5970b9c0-4080-4626-81ca-ceb74f0a31b3,"['/Cover/Show?source=Solr&id=museovirasto.5970b9c0-4080-4626-81ca-ceb74f0a31b3&index=0&size=large', '/Cover/Show?source=Solr&id=museovirasto.5970b9c0-4080-4626-81ca-ceb74f0a31b3&index=1&size=large']","[{'name': 'Suomen Pankki', 'role': 'valmistuttaja'}, {'name': 'Suomen Pankin setelipaino', 'role': 'valmistaja'}, {'name': 'Saarinen, Eliel', 'role': 'suunnittelija'}]",[['setelirahat']],20 markkaa; Raha; seteli,1922.0,Eliel Saarinen,27
1505,museovirasto.6449f780-4a32-4c44-ab68-82fb7fe3bad4,"['/Cover/Show?source=Solr&id=museovirasto.6449f780-4a32-4c44-ab68-82fb7fe3bad4&index=0&size=large', '/Cover/Show?source=Solr&id=museovirasto.6449f780-4a32-4c44-ab68-82fb7fe3bad4&index=1&size=large']","[{'name': 'Suomen Pankki', 'role': 'valmistuttaja'}, {'name': 'Suomen Pankin setelipaino', 'role': 'valmistaja'}, {'name': 'Saarinen, Eliel', 'role': 'suunnittelija'}]",[['setelirahat']],20 markkaa; Raha; seteli,1922.0,Eliel Saarinen,27
1506,museovirasto.6fb325e6-9829-4a52-b6bc-84a2b4d96188,"['/Cover/Show?source=Solr&id=museovirasto.6fb325e6-9829-4a52-b6bc-84a2b4d96188&index=0&size=large', '/Cover/Show?source=Solr&id=museovirasto.6fb325e6-9829-4a52-b6bc-84a2b4d96188&index=1&size=large']","[{'name': 'Suomen Pankki', 'role': 'valmistuttaja'}, {'name': 'Suomen Pankin setelipaino', 'role': 'valmistaja'}, {'name': 'Saarinen, Eliel', 'role': 'suunnittelija'}]",[['setelirahat']],50 markkaa; Raha; seteli,1922.0,Eliel Saarinen,27
1507,museovirasto.703257dd-e6ae-49a7-8ee0-eb3874f18719,"['/Cover/Show?source=Solr&id=museovirasto.703257dd-e6ae-49a7-8ee0-eb3874f18719&index=0&size=large', '/Cover/Show?source=Solr&id=museovirasto.703257dd-e6ae-49a7-8ee0-eb3874f18719&index=1&size=large']","[{'name': 'Suomen Pankki', 'role': 'valmistuttaja'}, {'name': 'Suomen Pankin setelipaino', 'role': 'valmistaja'}, {'name': 'Saarinen, Eliel', 'role': 'suunnittelija'}]",[['setelirahat']],100 markkaa; Raha; seteli,1922.0,Eliel Saarinen,27
1508,museovirasto.725fd374-549a-477e-a43e-f0555bf52c0f,"['/Cover/Show?source=Solr&id=museovirasto.725fd374-549a-477e-a43e-f0555bf52c0f&index=0&size=large', '/Cover/Show?source=Solr&id=museovirasto.725fd374-549a-477e-a43e-f0555bf52c0f&index=1&size=large']","[{'name': 'Suomen Pankki', 'role': 'valmistuttaja'}, {'name': 'Suomen Pankin setelipaino', 'role': 'valmistaja'}, {'name': 'Saarinen, Eliel', 'role': 'suunnittelija'}]",[['setelirahat']],500 markkaa; Raha; seteli,1922.0,Eliel Saarinen,27
1509,museovirasto.8b7ff88f-1d8b-48a8-b825-9c7bac1bfde4,"['/Cover/Show?source=Solr&id=museovirasto.8b7ff88f-1d8b-48a8-b825-9c7bac1bfde4&index=0&size=large', '/Cover/Show?source=Solr&id=museovirasto.8b7ff88f-1d8b-48a8-b825-9c7bac1bfde4&index=1&size=large']","[{'name': 'Suomen Pankki', 'role': 'valmistuttaja'}, {'name': 'Suomen Pankin setelipaino', 'role': 'valmistaja'}, {'name': 'Saarinen, Eliel', 'role': 'suunnittelija'}]",[['setelirahat']],100 markkaa; Raha; seteli,1922.0,Eliel Saarinen,27
1510,museovirasto.8da7df2e-d6f3-4bc7-b862-cd5e5eb70ab2,"['/Cover/Show?source=Solr&id=museovirasto.8da7df2e-d6f3-4bc7-b862-cd5e5eb70ab2&index=0&size=large', '/Cover/Show?source=Solr&id=museovirasto.8da7df2e-d6f3-4bc7-b862-cd5e5eb70ab2&index=1&size=large']","[{'name': 'Suomen Pankki', 'role': 'valmistuttaja'}, {'name': 'Suomen Pankin setelipaino', 'role': 'valmistaja'}, {'name': 'Saarinen, Eliel', 'role': 'suunnittelija'}]",[['setelirahat']],500 markkaa; Raha; seteli,1922.0,Eliel Saarinen,27
1511,museovirasto.9b29ff41-1b51-4689-83ea-c8fe03555a78,"['/Cover/Show?source=Solr&id=museovirasto.9b29ff41-1b51-4689-83ea-c8fe03555a78&index=0&size=large', '/Cover/Show?source=Solr&id=museovirasto.9b29ff41-1b51-4689-83ea-c8fe03555a78&index=1&size=large']","[{'name': 'Suomen Pankki', 'role': 'valmistuttaja'}, {'name': 'Suomen Pankin setelipaino', 'role': 'valmistaja'}, {'name': 'Saarinen, Eliel', 'role': 'suunnittelija'}]",[['setelirahat']],20 markkaa; Raha; seteli,1922.0,Eliel Saarinen,27
1512,museovirasto.9cae62b3-9fd4-48c2-bf44-4e3f5ffe0d45,"['/Cover/Show?source=Solr&id=museovirasto.9cae62b3-9fd4-48c2-bf44-4e3f5ffe0d45&index=0&size=large', '/Cover/Show?source=Solr&id=museovirasto.9cae62b3-9fd4-48c2-bf44-4e3f5ffe0d45&index=1&size=large']","[{'name': 'Suomen Pankki', 'role': 'valmistuttaja'}, {'name': 'Suomen Pankin setelipaino', 'role': 'valmistaja'}, {'name': 'Saarinen, Eliel', 'role': 'suunnittelija'}]",[['setelirahat']],5 markkaa; Raha; seteli,1922.0,Eliel Saarinen,27
1513,museovirasto.9dbde3cf-1dad-40c6-b5be-a52115ec25fe,"['/Cover/Show?source=Solr&id=museovirasto.9dbde3cf-1dad-40c6-b5be-a52115ec25fe&index=0&size=large', '/Cover/Show?source=Solr&id=museovirasto.9dbde3cf-1dad-40c6-b5be-a52115ec25fe&index=1&size=large']","[{'name': 'Suomen Pankki', 'role': 'valmistuttaja'}, {'name': 'Suomen Pankin setelipaino', 'role': 'valmistaja'}, {'name': 'Saarinen, Eliel', 'role': 'suunnittelija'}]",[['setelirahat']],5 markkaa; Raha; seteli,1922.0,Eliel Saarinen,27
1514,museovirasto.a1d7029c-de8a-4464-b372-dd2124f097dd,"['/Cover/Show?source=Solr&id=museovirasto.a1d7029c-de8a-4464-b372-dd2124f097dd&index=0&size=large', '/Cover/Show?source=Solr&id=museovirasto.a1d7029c-de8a-4464-b372-dd2124f097dd&index=1&size=large']","[{'name': 'Suomen Pankki', 'role': 'valmistuttaja'}, {'name': 'Suomen Pankin setelipaino', 'role': 'valmistaja'}, {'name': 'Saarinen, Eliel', 'role': 'suunnittelija'}]",[['setelirahat']],20 markkaa; Raha; seteli,1922.0,Eliel Saarinen,27
1515,museovirasto.a6b31396-16d7-49b4-86ab-3dcb4aa0beb2,"['/Cover/Show?source=Solr&id=museovirasto.a6b31396-16d7-49b4-86ab-3dcb4aa0beb2&index=0&size=large', '/Cover/Show?source=Solr&id=museovirasto.a6b31396-16d7-49b4-86ab-3dcb4aa0beb2&index=1&size=large']","[{'name': 'Suomen Pankki', 'role': 'valmistuttaja'}, {'name': 'Suomen Pankin setelipaino', 'role': 'valmistaja'}, {'name': 'Saarinen, Eliel', 'role': 'suunnittelija'}]",[['setelirahat']],10 markkaa; Raha; seteli,1922.0,Eliel Saarinen,27
1516,museovirasto.ab84e01f-48b6-4e45-8df1-53a1d4778fb2,"['/Cover/Show?source=Solr&id=museovirasto.ab84e01f-48b6-4e45-8df1-53a1d4778fb2&index=0&size=large', '/Cover/Show?source=Solr&id=museovirasto.ab84e01f-48b6-4e45-8df1-53a1d4778fb2&index=1&size=large']","[{'name': 'Suomen Pankki', 'role': 'valmistuttaja'}, {'name': 'Suomen Pankin setelipaino', 'role': 'valmistaja'}, {'name': 'Saarinen, Eliel', 'role': 'suunnittelija'}]",[['setelirahat']],1000 markkaa; Raha; seteli,1922.0,Eliel Saarinen,27
1517,museovirasto.c0d6375e-9b95-444f-8ab9-3c6a13f8ea29,"['/Cover/Show?source=Solr&id=museovirasto.c0d6375e-9b95-444f-8ab9-3c6a13f8ea29&index=0&size=large', '/Cover/Show?source=Solr&id=museovirasto.c0d6375e-9b95-444f-8ab9-3c6a13f8ea29&index=1&size=large']","[{'name': 'Suomen Pankki', 'role': 'valmistuttaja'}, {'name': 'Suomen Pankin setelipaino', 'role': 'valmistaja'}, {'name': 'Saarinen, Eliel', 'role': 'suunnittelija'}]",[['setelirahat']],10 markkaa; Raha; seteli,1922.0,Eliel Saarinen,27
1518,museovirasto.c0f9f43b-2424-45d0-bb42-5d60b0bf0637,"['/Cover/Show?source=Solr&id=museovirasto.c0f9f43b-2424-45d0-bb42-5d60b0bf0637&index=0&size=large', '/Cover/Show?source=Solr&id=museovirasto.c0f9f43b-2424-45d0-bb42-5d60b0bf0637&index=1&size=large']","[{'name': 'Suomen Pankki', 'role': 'valmistuttaja'}, {'name': 'Suomen Pankin setelipaino', 'role': 'valmistaja'}, {'name': 'Saarinen, Eliel', 'role': 'suunnittelija'}]",[['setelirahat']],100 markkaa; Raha; seteli,1922.0,Eliel Saarinen,27
1519,museovirasto.c17d12ba-66b2-480b-9e7d-ed5e73be6a05,"['/Cover/Show?source=Solr&id=museovirasto.c17d12ba-66b2-480b-9e7d-ed5e73be6a05&index=0&size=large', '/Cover/Show?source=Solr&id=museovirasto.c17d12ba-66b2-480b-9e7d-ed5e73be6a05&index=1&size=large']","[{'name': 'Suomen Pankki', 'role': 'valmistuttaja'}, {'name': 'Suomen Pankin setelipaino', 'role': 'valmistaja'}, {'name': 'Saarinen, Eliel', 'role': 'suunnittelija'}]",[['setelirahat']],1000 markkaa; Raha; seteli,1922.0,Eliel Saarinen,27
1520,museovirasto.cb0fbaad-ef46-40fc-a384-512cb8f26b9b,"['/Cover/Show?source=Solr&id=museovirasto.cb0fbaad-ef46-40fc-a384-512cb8f26b9b&index=0&size=large', '/Cover/Show?source=Solr&id=museovirasto.cb0fbaad-ef46-40fc-a384-512cb8f26b9b&index=1&size=large']","[{'name': 'Suomen Pankki', 'role': 'valmistuttaja'}, {'name': 'Suomen Pankin setelipaino', 'role': 'valmistaja'}, {'name': 'Saarinen, Eliel', 'role': 'suunnittelija'}]",[['setelirahat']],1000 markkaa; Raha; seteli,1922.0,Eliel Saarinen,27
1521,museovirasto.cb473cde-cfc8-4397-bc38-b3b1c7124b44,"['/Cover/Show?source=Solr&id=museovirasto.cb473cde-cfc8-4397-bc38-b3b1c7124b44&index=0&size=large', '/Cover/Show?source=Solr&id=museovirasto.cb473cde-cfc8-4397-bc38-b3b1c7124b44&index=1&size=large']","[{'name': 'Suomen Pankki', 'role': 'valmistuttaja'}, {'name': 'Suomen Pankin setelipaino', 'role': 'valmistaja'}, {'name': 'Saarinen, Eliel', 'role': 'suunnittelija'}]",[['setelirahat']],5 markkaa; Raha; seteli,1922.0,Eliel Saarinen,27
1522,museovirasto.d1c0d184-0675-4469-bc40-6ba87e71fb56,"['/Cover/Show?source=Solr&id=museovirasto.d1c0d184-0675-4469-bc40-6ba87e71fb56&index=0&size=large', '/Cover/Show?source=Solr&id=museovirasto.d1c0d184-0675-4469-bc40-6ba87e71fb56&index=1&size=large']","[{'name': 'Suomen Pankki', 'role': 'valmistuttaja'}, {'name': 'Suomen Pankin setelipaino', 'role': 'valmistaja'}, {'name': 'Saarinen, Eliel', 'role': 'suunnittelija'}]",[['setelirahat']],5 markkaa; Raha; seteli,1922.0,Eliel Saarinen,27
1523,museovirasto.d5cd7f9d-4b77-4afd-9457-573bcaf7afdb,"['/Cover/Show?source=Solr&id=museovirasto.d5cd7f9d-4b77-4afd-9457-573bcaf7afdb&index=0&size=large', '/Cover/Show?source=Solr&id=museovirasto.d5cd7f9d-4b77-4afd-9457-573bcaf7afdb&index=1&size=large']","[{'name': 'Suomen Pankki', 'role': 'valmistuttaja'}, {'name': 'Suomen Pankin setelipaino', 'role': 'valmistaja'}, {'name': 'Saarinen, Eliel', 'role': 'suunnittelija'}]",[['setelirahat']],100 markkaa; Raha; seteli,1922.0,Eliel Saarinen,27
1524,museovirasto.e3694089-15d9-4cea-a33d-5bdc4806f6a5,"['/Cover/Show?source=Solr&id=museovirasto.e3694089-15d9-4cea-a33d-5bdc4806f6a5&index=0&size=large', '/Cover/Show?source=Solr&id=museovirasto.e3694089-15d9-4cea-a33d-5bdc4806f6a5&index=1&size=large']","[{'name': 'Suomen Pankki', 'role': 'valmistuttaja'}, {'name': 'Suomen Pankin setelipaino', 'role': 'valmistaja'}, {'name': 'Saarinen, Eliel', 'role': 'suunnittelija'}]",[['setelirahat']],50 markkaa; Raha; seteli,1922.0,Eliel Saarinen,27
1525,museovirasto.e70ed3df-8010-4f3d-9ce2-d3573bc62a0c,"['/Cover/Show?source=Solr&id=museovirasto.e70ed3df-8010-4f3d-9ce2-d3573bc62a0c&index=0&size=large', '/Cover/Show?source=Solr&id=museovirasto.e70ed3df-8010-4f3d-9ce2-d3573bc62a0c&index=1&size=large']","[{'name': 'Suomen Pankki', 'role': 'valmistuttaja'}, {'name': 'Suomen Pankin setelipaino', 'role': 'valmistaja'}, {'name': 'Saarinen, Eliel', 'role': 'suunnittelija'}]",[['setelirahat']],100 markkaa; Raha; seteli,1922.0,Eliel Saarinen,27
1526,museovirasto.e78b4792-a801-4999-a5ed-aef3b041691c,"['/Cover/Show?source=Solr&id=museovirasto.e78b4792-a801-4999-a5ed-aef3b041691c&index=0&size=large', '/Cover/Show?source=Solr&id=museovirasto.e78b4792-a801-4999-a5ed-aef3b041691c&index=1&size=large']","[{'name': 'Suomen Pankki', 'role': 'valmistuttaja'}, {'name': 'Suomen Pankin setelipaino', 'role': 'valmistaja'}, {'name': 'Saarinen, Eliel', 'role': 'suunnittelija'}]",[['setelirahat']],20 markkaa; Raha; seteli,1922.0,Eliel Saarinen,27
1527,museovirasto.e84b1491-e240-49d5-b513-902ae2396e6a,"['/Cover/Show?source=Solr&id=museovirasto.e84b1491-e240-49d5-b513-902ae2396e6a&index=0&size=large', '/Cover/Show?source=Solr&id=museovirasto.e84b1491-e240-49d5-b513-902ae2396e6a&index=1&size=large']","[{'name': 'Suomen Pankki', 'role': 'valmistuttaja'}, {'name': 'Suomen Pankin setelipaino', 'role': 'valmistaja'}, {'name': 'Saarinen, Eliel', 'role': 'suunnittelija'}]",[['setelirahat']],5 markkaa; Raha; seteli,1922.0,Eliel Saarinen,27
1528,museovirasto.eaf7ecbd-b1e8-4fbd-97db-4a8f3606da0e,"['/Cover/Show?source=Solr&id=museovirasto.eaf7ecbd-b1e8-4fbd-97db-4a8f3606da0e&index=0&size=large', '/Cover/Show?source=Solr&id=museovirasto.eaf7ecbd-b1e8-4fbd-97db-4a8f3606da0e&index=1&size=large']","[{'name': 'Suomen Pankki', 'role': 'valmistuttaja'}, {'name': 'Suomen Pankin setelipaino', 'role': 'valmistaja'}, {'name': 'Saarinen, Eliel', 'role': 'suunnittelija'}]",[['setelirahat']],20 markkaa; Raha; seteli,1922.0,Eliel Saarinen,27
1529,museovirasto.eba1a2bf-a96d-43aa-998a-6f6a805db002,"['/Cover/Show?source=Solr&id=museovirasto.eba1a2bf-a96d-43aa-998a-6f6a805db002&index=0&size=large', '/Cover/Show?source=Solr&id=museovirasto.eba1a2bf-a96d-43aa-998a-6f6a805db002&index=1&size=large']","[{'name': 'Suomen Pankki', 'role': 'valmistuttaja'}, {'name': 'Suomen Pankin setelipaino', 'role': 'valmistaja'}, {'name': 'Saarinen, Eliel', 'role': 'suunnittelija'}]",[['setelirahat']],50 markkaa; Raha; seteli,1922.0,Eliel Saarinen,27
1530,museovirasto.ec132e44-05c1-4939-a03a-d2f0aff3fb6f,"['/Cover/Show?source=Solr&id=museovirasto.ec132e44-05c1-4939-a03a-d2f0aff3fb6f&index=0&size=large', '/Cover/Show?source=Solr&id=museovirasto.ec132e44-05c1-4939-a03a-d2f0aff3fb6f&index=1&size=large']","[{'name': 'Suomen Pankki', 'role': 'valmistuttaja'}, {'name': 'Suomen Pankin setelipaino', 'role': 'valmistaja'}, {'name': 'Saarinen, Eliel', 'role': 'suunnittelija'}]",[['setelirahat']],10 markkaa; Raha; seteli,1922.0,Eliel Saarinen,27
1531,tmk.160992590405700,['/Cover/Show?source=Solr&id=tmk.160992590405700&index=0&size=large'],"[{'name': 'Eliel Saarinen', 'role': 'suunnittelija'}]","[['maksuvälineet'], ['Suomen markka'], ['rahat'], ['setelirahat']]",raha; seteli; viiden markan seteli,1922.0,Eliel Saarinen,27
1532,tmk.160992593090100,['/Cover/Show?source=Solr&id=tmk.160992593090100&index=0&size=large'],"[{'name': 'Eliel Saarinen', 'role': 'suunnittelija'}]","[['maksuvälineet'], ['Suomen markka'], ['rahat'], ['setelirahat']]",raha; seteli; viidenkymmenen markan seteli,1922.0,Eliel Saarinen,27
1533,tmk.162158529356100,"['/Cover/Show?source=Solr&id=tmk.162158529356100&index=0&size=large', '/Cover/Show?source=Solr&id=tmk.162158529356100&index=1&size=large']","[{'name': 'Suomen pankin setelipaino', 'role': 'painaja'}, {'name': 'Eliel Saarinen', 'role': 'suunnittelija'}]","[['rahat'], ['setelirahat'], ['Suomen markka']]",raha; sata markkaa; seteli,1922.0,Eliel Saarinen,27
1534,tmk.162969831733100,"['/Cover/Show?source=Solr&id=tmk.162969831733100&index=0&size=large', '/Cover/Show?source=Solr&id=tmk.162969831733100&index=1&size=large']","[{'name': 'Eliel Saarinen', 'role': 'suunnittelija'}]","[['rahat'], ['setelirahat'], ['Suomen markka']]",kymmenen markkaa; raha; seteli,1922.0,Eliel Saarinen,27
1535,kerava_mui.mui-103442,"['/Cover/Show?source=Solr&id=kerava_mui.mui-103442&index=0&size=large', '/Cover/Show?source=Solr&id=kerava_mui.mui-103442&index=1&size=large', '/Cover/Show?source=Solr&id=kerava_mui.mui-103442&index=2&size=large', '/Cover/Show?source=Solr&id=kerava_mui.mui-103442&index=3&size=large']","[{'name': 'Eliel Saarinen', 'role': 'Suunnittelija'}, {'name': 'Keravan Puusepäntehdas', 'role': 'Valmistaja'}]","[['rautatieasemat'], ['ravintolat'], ['ruokapöydän tuolit'], ['huonekalut'], ['huonekalutehtaat'], ['huonekaluteollisuus'], ['tuolit'], ['1928']]",Tuoli; Rautatieaseman ravintolan tuoli,1928.0,Eliel Saarinen,27
1536,kerava_mui.mui-103443,"['/Cover/Show?source=Solr&id=kerava_mui.mui-103443&index=0&size=large', '/Cover/Show?source=Solr&id=kerava_mui.mui-103443&index=1&size=large', '/Cover/Show?source=Solr&id=kerava_mui.mui-103443&index=2&size=large', '/Cover/Show?source=Solr&id=kerava_mui.mui-103443&index=3&size=large']","[{'name': 'Eliel Saarinen', 'role': 'Suunnittelija'}, {'name': 'Keravan Puusepäntehdas', 'role': 'Valmistaja'}]","[['rautatieasemat'], ['ravintolat'], ['ruokapöydän tuolit'], ['huonekalut'], ['huonekalutehtaat'], ['huonekaluteollisuus'], ['tuolit'], ['1928']]",Tuoli; Rautatieaseman ravintolan tuoli,1928.0,Eliel Saarinen,27
1537,kerava_mui.mui-103444,"['/Cover/Show?source=Solr&id=kerava_mui.mui-103444&index=0&size=large', '/Cover/Show?source=Solr&id=kerava_mui.mui-103444&index=1&size=large', '/Cover/Show?source=Solr&id=kerava_mui.mui-103444&index=2&size=large', '/Cover/Show?source=Solr&id=kerava_mui.mui-103444&index=3&size=large']","[{'name': 'Eliel Saarinen', 'role': 'Suunnittelija'}, {'name': 'Keravan Puusepäntehdas', 'role': 'Valmistaja'}]","[['rautatieasemat'], ['ravintolat'], ['ruokapöydän tuolit'], ['huonekalut'], ['huonekalutehtaat'], ['huonekaluteollisuus'], ['tuolit'], ['1928']]",Tuoli; Rautatieaseman ravintolan tuoli,1928.0,Eliel Saarinen,27
1538,kerava_mui.mui-103462,"['/Cover/Show?source=Solr&id=kerava_mui.mui-103462&index=0&size=large', '/Cover/Show?source=Solr&id=kerava_mui.mui-103462&index=1&size=large', '/Cover/Show?source=Solr&id=kerava_mui.mui-103462&index=2&size=large', '/Cover/Show?source=Solr&id=kerava_mui.mui-103462&index=3&size=large']","[{'name': 'Eliel Saarinen', 'role': 'Suunnittelija'}, {'name': 'Keravan Puusepäntehdas', 'role': 'Valmistaja'}]","[['ruokapöydät'], ['pöydät'], ['huonekalut'], ['huonekalutehtaat'], ['huonekaluteollisuus'], ['rautatieasemat'], ['ravintolat'], ['1928']]",Pöytä; Rautatieaseman ravintolan pöytä,1928.0,Eliel Saarinen,27
1539,hkm.7288940B-729A-4C0B-9FB3-6BE930559C27,['/Cover/Show?source=Solr&id=hkm.7288940B-729A-4C0B-9FB3-6BE930559C27&index=0&size=large'],"[{'name': 'Tervakoski Oy', 'role': 'valmistaja'}, {'name': 'Suomen Pankin Setelipaino', 'role': 'paino'}, {'name': 'Saarinen, Eliel', 'role': 'suunnittelija', 'id': 'https://isni.org/isni/0000000108899346'}]","[['rahat'], ['paperirahat'], ['setelit']]",seteli; kymmenen markkaa,1939.0,Eliel Saarinen,27
1540,museovirasto.243900fa-4612-413b-b0b6-7994c8947f88,"['/Cover/Show?source=Solr&id=museovirasto.243900fa-4612-413b-b0b6-7994c8947f88&index=0&size=large', '/Cover/Show?source=Solr&id=museovirasto.243900fa-4612-413b-b0b6-7994c8947f88&index=1&size=large']","[{'name': 'Suomen Pankki', 'role': 'valmistuttaja'}, {'name': 'Suomen Pankin setelipaino', 'role': 'valmistaja'}, {'name': 'Saarinen, Eliel', 'role': 'suunnittelija'}]",[['setelirahat']],20 markkaa; Raha; seteli,1939.0,Eliel Saarinen,27
1541,museovirasto.2e093754-810a-4de8-95fd-7872244cea58,"['/Cover/Show?source=Solr&id=museovirasto.2e093754-810a-4de8-95fd-7872244cea58&index=0&size=large', '/Cover/Show?source=Solr&id=museovirasto.2e093754-810a-4de8-95fd-7872244cea58&index=1&size=large']","[{'name': 'Suomen Pankki', 'role': 'valmistuttaja'}, {'name': 'Suomen Pankin setelipaino', 'role': 'valmistaja'}, {'name': 'Saarinen, Eliel', 'role': 'suunnittelija'}]",[['setelirahat']],5 markkaa; Raha; seteli,1939.0,Eliel Saarinen,27
1542,museovirasto.2ee2a42a-1e83-4b4f-a0e4-5c297c87ea49,"['/Cover/Show?source=Solr&id=museovirasto.2ee2a42a-1e83-4b4f-a0e4-5c297c87ea49&index=0&size=large', '/Cover/Show?source=Solr&id=museovirasto.2ee2a42a-1e83-4b4f-a0e4-5c297c87ea49&index=1&size=large']","[{'name': 'Suomen Pankki', 'role': 'valmistuttaja'}, {'name': 'Suomen Pankin setelipaino', 'role': 'valmistaja'}, {'name': 'Saarinen, Eliel', 'role': 'suunnittelija'}]",[['setelirahat']],100 markkaa; Raha; seteli,1939.0,Eliel Saarinen,27
1543,museovirasto.57ebdb1a-80a1-4340-90ee-b9c681884ee2,"['/Cover/Show?source=Solr&id=museovirasto.57ebdb1a-80a1-4340-90ee-b9c681884ee2&index=0&size=large', '/Cover/Show?source=Solr&id=museovirasto.57ebdb1a-80a1-4340-90ee-b9c681884ee2&index=1&size=large']","[{'name': 'Suomen Pankki', 'role': 'valmistuttaja'}, {'name': 'Suomen Pankin setelipaino', 'role': 'valmistaja'}, {'name': 'Saarinen, Eliel', 'role': 'suunnittelija'}]",[['setelirahat']],10 markkaa; Raha; seteli,1939.0,Eliel Saarinen,27
1544,museovirasto.743dfb28-c2a2-4a3d-a031-aeb28bed704d,"['/Cover/Show?source=Solr&id=museovirasto.743dfb28-c2a2-4a3d-a031-aeb28bed704d&index=0&size=large', '/Cover/Show?source=Solr&id=museovirasto.743dfb28-c2a2-4a3d-a031-aeb28bed704d&index=1&size=large']","[{'name': 'Suomen Pankki', 'role': 'valmistuttaja'}, {'name': 'Suomen Pankin setelipaino', 'role': 'valmistaja'}, {'name': 'Saarinen, Eliel', 'role': 'suunnittelija'}]",[['setelirahat']],10 markkaa; Raha; seteli,1939.0,Eliel Saarinen,27
1545,museovirasto.9b4a630f-e94d-44d4-a590-a7d7efacc342,"['/Cover/Show?source=Solr&id=museovirasto.9b4a630f-e94d-44d4-a590-a7d7efacc342&index=0&size=large', '/Cover/Show?source=Solr&id=museovirasto.9b4a630f-e94d-44d4-a590-a7d7efacc342&index=1&size=large']","[{'name': 'Suomen Pankki', 'role': 'valmistuttaja'}, {'name': 'Suomen Pankin setelipaino', 'role': 'valmistaja'}, {'name': 'Saarinen, Eliel', 'role': 'suunnittelija'}]",[['setelirahat']],20 markkaa; Raha; seteli,1939.0,Eliel Saarinen,27
1546,museovirasto.aa9d3b99-9ae2-4170-8858-4b7083486aa5,"['/Cover/Show?source=Solr&id=museovirasto.aa9d3b99-9ae2-4170-8858-4b7083486aa5&index=0&size=large', '/Cover/Show?source=Solr&id=museovirasto.aa9d3b99-9ae2-4170-8858-4b7083486aa5&index=1&size=large']","[{'name': 'Suomen Pankki', 'role': 'valmistuttaja'}, {'name': 'Suomen Pankin setelipaino', 'role': 'valmistaja'}, {'name': 'Saarinen, Eliel', 'role': 'suunnittelija'}]",[['setelirahat']],10 markkaa; Raha; seteli,1939.0,Eliel Saarinen,27
1547,museovirasto.f3c6b89e-c4fa-406c-82ab-eb78ffc0313a,"['/Cover/Show?source=Solr&id=museovirasto.f3c6b89e-c4fa-406c-82ab-eb78ffc0313a&index=0&size=large', '/Cover/Show?source=Solr&id=museovirasto.f3c6b89e-c4fa-406c-82ab-eb78ffc0313a&index=1&size=large']","[{'name': 'Suomen Pankki', 'role': 'valmistuttaja'}, {'name': 'Suomen Pankin setelipaino', 'role': 'valmistaja'}, {'name': 'Saarinen, Eliel', 'role': 'suunnittelija'}]",[['setelirahat']],5000 markkaa; Raha; seteli,1939.0,Eliel Saarinen,27
1548,museovirasto.f732763f-1f28-4615-bff0-58d6800fed6e,"['/Cover/Show?source=Solr&id=museovirasto.f732763f-1f28-4615-bff0-58d6800fed6e&index=0&size=large', '/Cover/Show?source=Solr&id=museovirasto.f732763f-1f28-4615-bff0-58d6800fed6e&index=1&size=large']","[{'name': 'Suomen Pankki', 'role': 'valmistuttaja'}, {'name': 'Suomen Pankin setelipaino', 'role': 'valmistaja'}, {'name': 'Saarinen, Eliel', 'role': 'suunnittelija'}]",[['setelirahat']],5 markkaa; Raha; seteli,1939.0,Eliel Saarinen,27
1549,museovirasto.fcb68409-3e1d-46d4-8660-1ce329cd2596,"['/Cover/Show?source=Solr&id=museovirasto.fcb68409-3e1d-46d4-8660-1ce329cd2596&index=0&size=large', '/Cover/Show?source=Solr&id=museovirasto.fcb68409-3e1d-46d4-8660-1ce329cd2596&index=1&size=large']","[{'name': 'Suomen Pankki', 'role': 'valmistuttaja'}, {'name': 'Suomen Pankin setelipaino', 'role': 'valmistaja'}, {'name': 'Saarinen, Eliel', 'role': 'suunnittelija'}]",[['setelirahat']],5 markkaa; raha; seteli,1939.0,Eliel Saarinen,27
1550,museovirasto.3d7361cd-f704-4d70-bbdb-d164531db45c,"['/Cover/Show?source=Solr&id=museovirasto.3d7361cd-f704-4d70-bbdb-d164531db45c&index=0&size=large', '/Cover/Show?source=Solr&id=museovirasto.3d7361cd-f704-4d70-bbdb-d164531db45c&index=1&size=large']","[{'name': 'Suomen Pankki', 'role': 'valmistuttaja'}, {'name': 'Suomen Pankin setelipaino', 'role': 'valmistaja'}, {'name': 'Saarinen, Eliel', 'role': 'suunnittelija'}]",[['setelirahat']],1000 markkaa; Raha; seteli,1941.0,Eliel Saarinen,27
1551,hkm.8782EAB3-8B80-42A2-8FBF-FC910CF4D437,['/Cover/Show?source=Solr&id=hkm.8782EAB3-8B80-42A2-8FBF-FC910CF4D437&index=0&size=large'],"[{'name': 'Tervakoski Oy', 'role': 'valmistaja'}, {'name': 'Suomen Pankin Setelipaino', 'role': 'paino'}, {'name': 'Saarinen, Eliel', 'role': 'suunnittelija', 'id': 'https://isni.org/isni/0000000108899346'}]","[['rahat'], ['paperirahat'], ['setelit']]",seteli; viisi markkaa,1945.0,Eliel Saarinen,27
1552,hkm.C7480F7E-5DEF-4150-9CEC-13FD5E3D95BE,['/Cover/Show?source=Solr&id=hkm.C7480F7E-5DEF-4150-9CEC-13FD5E3D95BE&index=0&size=large'],"[{'name': 'Tervakoski Oy', 'role': 'valmistaja'}, {'name': 'Suomen Pankin Setelipaino', 'role': 'paino'}, {'name': 'Saarinen, Eliel', 'role': 'suunnittelija', 'id': 'https://isni.org/isni/0000000108899346'}]","[['rahat'], ['paperirahat'], ['setelit']]",seteli; kymmenen markkaa,1945.0,Eliel Saarinen,27
1553,museovirasto.0898c293-d46e-45fc-b1ff-d21cf1b34763,"['/Cover/Show?source=Solr&id=museovirasto.0898c293-d46e-45fc-b1ff-d21cf1b34763&index=0&size=large', '/Cover/Show?source=Solr&id=museovirasto.0898c293-d46e-45fc-b1ff-d21cf1b34763&index=1&size=large']","[{'name': 'Suomen Pankki', 'role': 'valmistuttaja'}, {'name': 'Suomen Pankin setelipaino', 'role': 'valmistaja'}, {'name': 'Saarinen, Eliel', 'role': 'suunnittelija'}]",[['setelirahat']],10 markkaa; Raha; seteli,1945.0,Eliel Saarinen,27
1554,museovirasto.0b57220b-f377-4c1a-895a-c112c35a53be,"['/Cover/Show?source=Solr&id=museovirasto.0b57220b-f377-4c1a-895a-c112c35a53be&index=0&size=large', '/Cover/Show?source=Solr&id=museovirasto.0b57220b-f377-4c1a-895a-c112c35a53be&index=1&size=large']","[{'name': 'Suomen Pankki', 'role': 'valmistuttaja'}, {'name': 'Suomen Pankin setelipaino', 'role': 'valmistaja'}, {'name': 'Saarinen, Eliel', 'role': 'suunnittelija'}]",[['setelirahat']],20 markkaa; Raha; seteli,1945.0,Eliel Saarinen,27
1555,museovirasto.1e3666df-cb24-4465-8ed5-cf0e07817017,"['/Cover/Show?source=Solr&id=museovirasto.1e3666df-cb24-4465-8ed5-cf0e07817017&index=0&size=large', '/Cover/Show?source=Solr&id=museovirasto.1e3666df-cb24-4465-8ed5-cf0e07817017&index=1&size=large']","[{'name': 'Suomen Pankki', 'role': 'valmistuttaja'}, {'name': 'Suomen Pankin setelipaino', 'role': 'valmistaja'}, {'name': 'Saarinen, Eliel', 'role': 'suunnittelija'}]",[['setelirahat']],5 markkaa; Raha; seteli,1945.0,Eliel Saarinen,27
1556,museovirasto.3f31ba0f-0c25-43c2-a252-eeb77fd2bbca,"['/Cover/Show?source=Solr&id=museovirasto.3f31ba0f-0c25-43c2-a252-eeb77fd2bbca&index=0&size=large', '/Cover/Show?source=Solr&id=museovirasto.3f31ba0f-0c25-43c2-a252-eeb77fd2bbca&index=1&size=large']","[{'name': 'Suomen Pankki', 'role': 'valmistuttaja'}, {'name': 'Suomen Pankin setelipaino', 'role': 'valmistaja'}, {'name': 'Saarinen, Eliel', 'role': 'suunnittelija'}]",[['setelirahat']],1000 markkaa; Raha; seteli,1945.0,Eliel Saarinen,27
1557,museovirasto.598fbf8e-4ab0-4b9c-9618-3f2e40a8074d,"['/Cover/Show?source=Solr&id=museovirasto.598fbf8e-4ab0-4b9c-9618-3f2e40a8074d&index=0&size=large', '/Cover/Show?source=Solr&id=museovirasto.598fbf8e-4ab0-4b9c-9618-3f2e40a8074d&index=1&size=large']","[{'name': 'Suomen Pankki', 'role': 'valmistuttaja'}, {'name': 'Suomen Pankin setelipaino', 'role': 'valmistaja'}, {'name': 'Saarinen, Eliel', 'role': 'suunnittelija'}]",[['setelirahat']],20 markkaa; Raha; seteli,1945.0,Eliel Saarinen,27
1558,museovirasto.7683b84e-a2a7-4a59-9f6c-fb0120823e92,"['/Cover/Show?source=Solr&id=museovirasto.7683b84e-a2a7-4a59-9f6c-fb0120823e92&index=0&size=large', '/Cover/Show?source=Solr&id=museovirasto.7683b84e-a2a7-4a59-9f6c-fb0120823e92&index=1&size=large']","[{'name': 'Suomen Pankki', 'role': 'valmistuttaja'}, {'name': 'Suomen Pankin setelipaino', 'role': 'valmistaja'}, {'name': 'Saarinen, Eliel', 'role': 'suunnittelija'}]",[['setelirahat']],10 markkaa; Raha; seteli,1945.0,Eliel Saarinen,27
1559,museovirasto.8e0067dc-5aa0-40b0-b1d0-2bb9ebbfb38c,"['/Cover/Show?source=Solr&id=museovirasto.8e0067dc-5aa0-40b0-b1d0-2bb9ebbfb38c&index=0&size=large', '/Cover/Show?source=Solr&id=museovirasto.8e0067dc-5aa0-40b0-b1d0-2bb9ebbfb38c&index=1&size=large']","[{'name': 'Suomen Pankki', 'role': 'valmistuttaja'}, {'name': 'Suomen Pankin setelipaino', 'role': 'valmistaja'}, {'name': 'Saarinen, Eliel', 'role': 'suunnittelija'}]",[['setelirahat']],5 markkaa; Raha; seteli,1945.0,Eliel Saarinen,27
1560,museovirasto.8e2283e0-a4ac-49cd-b426-a8aa204917ee,"['/Cover/Show?source=Solr&id=museovirasto.8e2283e0-a4ac-49cd-b426-a8aa204917ee&index=0&size=large', '/Cover/Show?source=Solr&id=museovirasto.8e2283e0-a4ac-49cd-b426-a8aa204917ee&index=1&size=large']","[{'name': 'Suomen Pankki', 'role': 'valmistuttaja'}, {'name': 'Suomen Pankin setelipaino', 'role': 'valmistaja'}, {'name': 'Saarinen, Eliel', 'role': 'suunnittelija'}]",[['setelirahat']],1000 markkaa; Raha; seteli,1945.0,Eliel Saarinen,27
1561,museovirasto.906a6904-add4-4a3b-b957-c5334e041e0a,"['/Cover/Show?source=Solr&id=museovirasto.906a6904-add4-4a3b-b957-c5334e041e0a&index=0&size=large', '/Cover/Show?source=Solr&id=museovirasto.906a6904-add4-4a3b-b957-c5334e041e0a&index=1&size=large']","[{'name': 'Suomen Pankki', 'role': 'valmistuttaja'}, {'name': 'Suomen Pankin setelipaino', 'role': 'valmistaja'}, {'name': 'Saarinen, Eliel', 'role': 'suunnittelija'}]",[['setelirahat']],20 markkaa; Raha; seteli,1945.0,Eliel Saarinen,27
1562,museovirasto.97556078-4ab5-4859-a8b6-1b08aa67e70d,"['/Cover/Show?source=Solr&id=museovirasto.97556078-4ab5-4859-a8b6-1b08aa67e70d&index=0&size=large', '/Cover/Show?source=Solr&id=museovirasto.97556078-4ab5-4859-a8b6-1b08aa67e70d&index=1&size=large']","[{'name': 'Suomen Pankki', 'role': 'valmistuttaja'}, {'name': 'Suomen Pankin setelipaino', 'role': 'valmistaja'}, {'name': 'Saarinen, Eliel', 'role': 'suunnittelija'}]",[['setelirahat']],10 markkaa; Raha; seteli,1945.0,Eliel Saarinen,27
1563,museovirasto.a14843ae-76fe-43eb-b670-73651824dcfc,"['/Cover/Show?source=Solr&id=museovirasto.a14843ae-76fe-43eb-b670-73651824dcfc&index=0&size=large', '/Cover/Show?source=Solr&id=museovirasto.a14843ae-76fe-43eb-b670-73651824dcfc&index=1&size=large']","[{'name': 'Suomen Pankki', 'role': 'valmistuttaja'}, {'name': 'Suomen Pankin setelipaino', 'role': 'valmistaja'}, {'name': 'Saarinen, Eliel', 'role': 'suunnittelija'}]",[['setelirahat']],1000 markkaa; Raha; seteli,1945.0,Eliel Saarinen,27
1564,museovirasto.a1e2eb97-9073-486d-9b4c-fcf2599827a6,"['/Cover/Show?source=Solr&id=museovirasto.a1e2eb97-9073-486d-9b4c-fcf2599827a6&index=0&size=large', '/Cover/Show?source=Solr&id=museovirasto.a1e2eb97-9073-486d-9b4c-fcf2599827a6&index=1&size=large']","[{'name': 'Suomen Pankki', 'role': 'valmistuttaja'}, {'name': 'Suomen Pankin setelipaino', 'role': 'valmistaja'}, {'name': 'Saarinen, Eliel', 'role': 'suunnittelija'}]",[['setelirahat']],5 markkaa; Raha; seteli,1945.0,Eliel Saarinen,27
1565,museovirasto.ef78f4c6-1de0-4256-a7d0-19ae5942328f,"['/Cover/Show?source=Solr&id=museovirasto.ef78f4c6-1de0-4256-a7d0-19ae5942328f&index=0&size=large', '/Cover/Show?source=Solr&id=museovirasto.ef78f4c6-1de0-4256-a7d0-19ae5942328f&index=1&size=large']","[{'name': 'Suomen Pankki', 'role': 'valmistuttaja'}, {'name': 'Suomen Pankin setelipaino', 'role': 'valmistaja'}, {'name': 'Saarinen, Eliel', 'role': 'suunnittelija'}]",[['setelirahat']],20 markkaa; Raha; seteli,1945.0,Eliel Saarinen,27
1566,museovirasto.f6c8c0f0-dd20-419b-80dc-9b6edbff773b,"['/Cover/Show?source=Solr&id=museovirasto.f6c8c0f0-dd20-419b-80dc-9b6edbff773b&index=0&size=large', '/Cover/Show?source=Solr&id=museovirasto.f6c8c0f0-dd20-419b-80dc-9b6edbff773b&index=1&size=large']","[{'name': 'Suomen Pankki', 'role': 'valmistuttaja'}, {'name': 'Suomen Pankin setelipaino', 'role': 'valmistaja'}, {'name': 'Saarinen, Eliel', 'role': 'suunnittelija'}]",[['setelirahat']],500 markkaa; Raha; seteli,1945.0,Eliel Saarinen,27
1567,museovirasto.f9bfe178-f6d0-417b-9381-c6a8d2fe97da,"['/Cover/Show?source=Solr&id=museovirasto.f9bfe178-f6d0-417b-9381-c6a8d2fe97da&index=0&size=large', '/Cover/Show?source=Solr&id=museovirasto.f9bfe178-f6d0-417b-9381-c6a8d2fe97da&index=1&size=large']","[{'name': 'Suomen Pankki', 'role': 'valmistuttaja'}, {'name': 'Suomen Pankin setelipaino', 'role': 'valmistaja'}, {'name': 'Saarinen, Eliel', 'role': 'suunnittelija'}]",[['setelirahat']],500 markkaa; Raha; seteli,1945.0,Eliel Saarinen,27
1568,pkm.PKMPKE6487:4,"['/Cover/Show?source=Solr&id=pkm.PKMPKE6487%3A4&index=0&size=large', '/Cover/Show?source=Solr&id=pkm.PKMPKE6487%3A4&index=1&size=large']","[{'name': 'Eliel Saarinen', 'role': 'suunnittelija'}]","[['tuolit'], ['istuimet'], ['sisustus'], ['kaupunginvaltuustot'], ['kaupungintalot']]",tuoli,1967.0,Eliel Saarinen,27
1569,museovirasto.48F54DB7D7B236ECFAEB807481B26B58,"['/Cover/Show?source=Solr&id=museovirasto.48F54DB7D7B236ECFAEB807481B26B58&index=0&size=large', '/Cover/Show?source=Solr&id=museovirasto.48F54DB7D7B236ECFAEB807481B26B58&index=1&size=large']","[{'name': 'Niskala-Luostarinen, Marke', 'role': 'suunnittelija'}, {'name': 'Saarinen, Eliel', 'role': 'suunnittelija'}]","[['huonekalut'], ['pöydät'], ['lastenhuoneet'], ['art nouveau'], ['sisustus']]",pöytä (kopio); lastenpöytä,1970.0,Eliel Saarinen,27
1570,museovirasto.59B34A0FD8D5CC408B0896B6F635E17B,"['/Cover/Show?source=Solr&id=museovirasto.59B34A0FD8D5CC408B0896B6F635E17B&index=0&size=large', '/Cover/Show?source=Solr&id=museovirasto.59B34A0FD8D5CC408B0896B6F635E17B&index=1&size=large']","[{'name': 'N. Bomanin höyrypuusepäntehdas', 'role': 'valmistaja'}, {'name': 'Niskala-Luostarinen, Marke', 'role': 'suunnittelija'}, {'name': 'Saarinen, Eliel', 'role': 'suunnittelija'}]","[['istuimet'], ['sohvat'], ['huonekalut'], ['rekonstruktiot'], ['jugend'], ['art nouveau']]",kulmasohva,1970.0,Eliel Saarinen,27
1571,museovirasto.814157AC2E96BC87BEAE334A8D7A0802,"['/Cover/Show?source=Solr&id=museovirasto.814157AC2E96BC87BEAE334A8D7A0802&index=0&size=large', '/Cover/Show?source=Solr&id=museovirasto.814157AC2E96BC87BEAE334A8D7A0802&index=1&size=large', '/Cover/Show?source=Solr&id=museovirasto.814157AC2E96BC87BEAE334A8D7A0802&index=2&size=large']","[{'name': 'Saarinen, Eliel', 'role': 'suunnittelija'}, {'name': 'Lahden ammattikoulu, kultaseppälinja', 'role': 'valmistaja'}]","[['valaisimet'], ['lampetit']]",lampetti (pari) (kopio),1986.0,Eliel Saarinen,27
1572,museovirasto.22CF3D2758025548504299B4694C1F97,"['/Cover/Show?source=Solr&id=museovirasto.22CF3D2758025548504299B4694C1F97&index=0&size=large', '/Cover/Show?source=Solr&id=museovirasto.22CF3D2758025548504299B4694C1F97&index=1&size=large', '/Cover/Show?source=Solr&id=museovirasto.22CF3D2758025548504299B4694C1F97&index=2&size=large', '/Cover/Show?source=Solr&id=museovirasto.22CF3D2758025548504299B4694C1F97&index=3&size=large', '/Cover/Show?source=Solr&id=museovirasto.22CF3D2758025548504299B4694C1F97&index=4&size=large', '/Cover/Show?source=Solr&id=museovirasto.22CF3D2758025548504299B4694C1F97&index=5&size=large', '/Cover/Show?source=Solr&id=museovirasto.22CF3D2758025548504299B4694C1F97&index=6&size=large', '/Cover/Show?source=Solr&id=museovirasto.22CF3D2758025548504299B4694C1F97&index=7&size=large', '/Cover/Show?source=Solr&id=museovirasto.22CF3D2758025548504299B4694C1F97&index=8&size=large', '/Cover/Show?source=Solr&id=museovirasto.22CF3D2758025548504299B4694C1F97&index=9&size=large', '/Cover/Show?source=Solr&id=museovirasto.22CF3D2758025548504299B4694C1F97&index=10&size=large', '/Cover/Show?source=Solr&id=museovirasto.22CF3D2758025548504299B4694C1F97&index=11&size=large']","[{'name': 'Saarinen, Eliel', 'role': 'suunnittelija'}, {'name': 'Tiihonen, Toho', 'role': 'tekijä'}, {'name': 'Suomen Käsityön Ystävät', 'role': 'valmistaja'}, {'name': 'Arvilommi, Katariina', 'role': 'tekijä'}]","[['ryijyt'], ['tekstiilit'], ['taidetekstiilit']]",penkkiryijy; Satu-ryijy (kopio); ryijy,1990.0,Eliel Saarinen,27
1573,museovirasto.019F7FEFAA6173179B31D178DDF61267,"['/Cover/Show?source=Solr&id=museovirasto.019F7FEFAA6173179B31D178DDF61267&index=0&size=large', '/Cover/Show?source=Solr&id=museovirasto.019F7FEFAA6173179B31D178DDF61267&index=1&size=large']","[{'name': 'Posti Group Oyj', 'role': 'valmistaja'}, {'name': 'Saarinen, Eliel', 'role': 'henkilöyhteys'}]","[['ensipäivän leimat'], ['erikoiserät'], ['juhlavuodet'], ['kirjekuoret'], ['leimat'], ['logot'], ['postimerkit'], ['Suomi 100 vuotta -juhlavuosi']]",ensipäiväkuori; kirjekuori; postimerkki,2017.0,Eliel Saarinen,27
1574,museovirasto.0419636182FDC313F5B521767E738708,"['/Cover/Show?source=Solr&id=museovirasto.0419636182FDC313F5B521767E738708&index=0&size=large', '/Cover/Show?source=Solr&id=museovirasto.0419636182FDC313F5B521767E738708&index=1&size=large']","[{'name': 'Posti Group Oyj', 'role': 'valmistaja'}, {'name': 'Saarinen, Eliel', 'role': 'henkilöyhteys'}]","[['juhlavuodet'], ['postimerkit'], ['Suomi 100 vuotta -juhlavuosi']]",postimerkki; ikimerkki,2017.0,Eliel Saarinen,27
1575,postimuseo.04E2351F-F4A8-46DE-90FD-8D720072DF98,['/Cover/Show?source=Solr&id=postimuseo.04E2351F-F4A8-46DE-90FD-8D720072DF98&index=0&size=large'],"[{'name': 'Suomen Pankin setelipaino', 'role': 'paino'}, {'name': 'Saarinen, Eliel', 'role': 'suunnittelija', 'id': 'https://isni.org/isni/0000000108899346'}]","[['postimerkit'], ['Suomen vaakuna'], ['kansallissymbolit'], ['vaakuna leijona\xa0 saarinen 1917 saarismalli'], ['käyttöaika 13.09.1927-31.12.1930']]",postimerkki; postimerkkiarkki; Malli 1917 Saarinen,,Eliel Saarinen,27
1576,postimuseo.055A91D9-DED1-4108-A5BD-1EF2775FCC64,['/Cover/Show?source=Solr&id=postimuseo.055A91D9-DED1-4108-A5BD-1EF2775FCC64&index=0&size=large'],"[{'name': 'Suomen Pankin setelipaino', 'role': 'paino'}, {'name': 'Saarinen, Eliel', 'role': 'suunnittelija', 'id': 'https://isni.org/isni/0000000108899346'}]","[['postimerkit'], ['kansallissymbolit'], ['Suomen vaakuna'], ['vaakuna leijona\xa0 saarinen 1917 saarismalli'], ['käyttöaika 28.06.1924-31.12.1930']]",postimerkki; postimerkkiarkki; Malli 1917 Saarinen,,Eliel Saarinen,27
1577,postimuseo.084B03ED-29F1-48DF-9AF5-CE745ECA5011,['/Cover/Show?source=Solr&id=postimuseo.084B03ED-29F1-48DF-9AF5-CE745ECA5011&index=0&size=large'],"[{'name': 'Saarinen, Eliel', 'role': 'tekijä', 'id': 'https://isni.org/isni/0000000108899346'}]","[['luonnokset'], ['postimerkkien suunnittelu'], ['vaakuna leijona saarinen 1917 saarismalli'], ['kansallissymbolit']]","luonnos; postimerkin vaihtoehtoinen luonnos, kilpailutyö; Malli 1917 Saarinen",,Eliel Saarinen,27
1578,postimuseo.092FCDBD-51E2-43EC-BDB9-F35AA7D1597D,['/Cover/Show?source=Solr&id=postimuseo.092FCDBD-51E2-43EC-BDB9-F35AA7D1597D&index=0&size=large'],"[{'name': 'Saarinen, Eliel', 'role': 'suunnittelija', 'id': 'https://isni.org/isni/0000000108899346'}, {'name': 'Leimapaperikonttori', 'role': 'paino'}]","[['postimerkit'], ['kiertotalous'], ['vaakuna leijona saarinen 1917 saarismalli'], ['käyttöaika 10.02.1921-31.12.1930']]",postimerkki; postimerkkiarkki; Malli 1917 Saarinen,,Eliel Saarinen,27
1579,postimuseo.0CF0F0FF-9407-4A31-A0C3-26AF93F875CB,['/Cover/Show?source=Solr&id=postimuseo.0CF0F0FF-9407-4A31-A0C3-26AF93F875CB&index=0&size=large'],"[{'name': 'Suomen Pankin setelipaino', 'role': 'paino'}, {'name': 'Saarinen, Eliel', 'role': 'suunnittelija', 'id': 'https://isni.org/isni/0000000108899346'}]","[['postimerkit'], ['Suomen vaakuna'], ['kansallissymbolit'], ['vaakuna leijona\xa0 saarinen 1917 saarismalli'], ['käyttöaika 23.02.1929-31.12.1930']]",postimerkki; postimerkkiarkki; Malli 1917 Saarinen,,Eliel Saarinen,27
1580,postimuseo.0D6F10F6-A538-4127-900E-7E388535D59C,['/Cover/Show?source=Solr&id=postimuseo.0D6F10F6-A538-4127-900E-7E388535D59C&index=0&size=large'],"[{'name': 'Suomen Pankin setelipaino', 'role': 'paino'}, {'name': 'Saarinen, Eliel', 'role': 'suunnittelija', 'id': 'https://isni.org/isni/0000000108899346'}]","[['postimerkit'], ['kansallissymbolit'], ['Suomen vaakuna'], ['vaakuna leijona saarinen 1917 saarismalli'], ['käyttöaika 20.01.1926-31.12.1930']]",postimerkki; postimerkkiarkki; Malli 1917 Saarinen,,Eliel Saarinen,27
1581,postimuseo.0DD870CE-07E0-40D0-A728-5B7AAD3E88E4,['/Cover/Show?source=Solr&id=postimuseo.0DD870CE-07E0-40D0-A728-5B7AAD3E88E4&index=0&size=large'],"[{'name': 'Suomen Pankin setelipaino', 'role': 'paino'}, {'name': 'Saarinen, Eliel', 'role': 'suunnittelija', 'id': 'https://isni.org/isni/0000000108899346'}]","[['postimerkit'], ['Suomen vaakuna'], ['kansallissymbolit'], ['vaakuna leijona\xa0 saarinen 1917 saarismalli'], ['käyttöaika 01.05.1928-31.12.1930']]",postimerkki; postimerkkiarkki; Malli 1917 Saarinen,,Eliel Saarinen,27
1582,postimuseo.149C92E6-DE16-4879-8BB0-F18234190B61,['/Cover/Show?source=Solr&id=postimuseo.149C92E6-DE16-4879-8BB0-F18234190B61&index=0&size=large'],"[{'name': 'Saarinen, Eliel', 'role': 'suunnittelija', 'id': 'https://isni.org/isni/0000000108899346'}, {'name': 'Leimapaperikonttori', 'role': 'paino'}]","[['postimerkit'], ['Suomen vaakuna'], ['kansallissymbolit'], ['vaakuna leijona saarinen 1917 saarismalli'], ['käyttöaika 16.01.1920-31.07.1925']]",postimerkki; postimerkkiarkki; Malli 1917 Saarinen,,Eliel Saarinen,27
1583,postimuseo.161B5EDE-D6D4-4F4A-A6A9-22E73E562FA0,['/Cover/Show?source=Solr&id=postimuseo.161B5EDE-D6D4-4F4A-A6A9-22E73E562FA0&index=0&size=large'],"[{'name': 'Suomen Pankin setelipaino', 'role': 'paino'}, {'name': 'Saarinen, Eliel', 'role': 'suunnittelija', 'id': 'https://isni.org/isni/0000000108899346'}]","[['postimerkit'], ['kansallissymbolit'], ['Suomen vaakuna'], ['vaakuna leijona\xa0 saarinen 1917 saarismalli'], ['käyttöaika 05.11.1929-31.12.1930']]",postimerkki; postimerkkiarkki; Malli 1917 Saarinen,,Eliel Saarinen,27
1584,postimuseo.18E692CE-16B5-4192-BB5D-49443986523F,['/Cover/Show?source=Solr&id=postimuseo.18E692CE-16B5-4192-BB5D-49443986523F&index=0&size=large'],"[{'name': 'Saarinen, Eliel', 'role': 'tekijä', 'id': 'https://isni.org/isni/0000000108899346'}]","[['luonnokset'], ['postimerkkien valmistus'], ['vaakuna leijona saarinen 1917 saarismalli'], ['kansallissymbolit'], ['käyttöaika 01.10.1917-31.05.1920']]","vedos; postimerkin mallivedos, ns. Bernin arkki; Malli 1917 Saarinen",,Eliel Saarinen,27
1585,postimuseo.19EAA877-A5AB-4023-AAF5-8748AC39CDB6,['/Cover/Show?source=Solr&id=postimuseo.19EAA877-A5AB-4023-AAF5-8748AC39CDB6&index=0&size=large'],"[{'name': 'Saarinen, Eliel', 'role': 'suunnittelija', 'id': 'https://isni.org/isni/0000000108899346'}, {'name': 'Leimapaperikonttori', 'role': 'paino'}]","[['postimerkit'], ['Suomen vaakuna'], ['kansallissymbolit'], ['vaakuna leijona saarinen 1917 saarismalli'], ['käyttöaika 10.12.1919-31.07.1925']]",postimerkki; postimerkkiarkki; Malli 1917 Saarinen,,Eliel Saarinen,27
1586,postimuseo.1DB0AC73-02AA-4B94-896A-DE373765B404,['/Cover/Show?source=Solr&id=postimuseo.1DB0AC73-02AA-4B94-896A-DE373765B404&index=0&size=large'],"[{'name': 'Suomen Pankin setelipaino', 'role': 'paino'}, {'name': 'Saarinen, Eliel', 'role': 'suunnittelija', 'id': 'https://isni.org/isni/0000000108899346'}]","[['postimerkit'], ['Suomen vaakuna'], ['kansallissymbolit'], ['vaakuna leijona\xa0 saarinen 1917 saarismalli'], ['käyttöaika 21.12.1927-31.12.1930']]",postimerkki; postimerkkiarkki; Malli 1917 Saarinen,,Eliel Saarinen,27
1587,postimuseo.2FEFBC88-D0DC-47FD-B64A-904E37F0753B,['/Cover/Show?source=Solr&id=postimuseo.2FEFBC88-D0DC-47FD-B64A-904E37F0753B&index=0&size=large'],"[{'name': 'Saarinen, Eliel', 'role': 'suunnittelija', 'id': 'https://isni.org/isni/0000000108899346'}, {'name': 'Leimapaperikonttori', 'role': 'paino'}]","[['postimerkit'], ['Suomen vaakuna'], ['kansallissymbolit'], ['vaakuna leijona saarinen 1917 saarismalli'], ['käyttöaika 07.02.1921-31.12.1930']]",postimerkki; postimerkkiarkki; Malli 1917 Saarinen,,Eliel Saarinen,27
1588,postimuseo.35781E79-5502-4146-A42B-2C892D665B20,['/Cover/Show?source=Solr&id=postimuseo.35781E79-5502-4146-A42B-2C892D665B20&index=0&size=large'],"[{'name': 'Saarinen, Eliel', 'role': 'suunnittelija', 'id': 'https://isni.org/isni/0000000108899346'}, {'name': 'Leimapaperikonttori', 'role': 'paino'}]","[['postimerkit'], ['vaakuna leijona saarinen 1917 saarismalli'], ['käyttöaika 16.04.1920-31.07.1925']]",postimerkki; postimerkkiarkki; Malli 1917 Saarinen,,Eliel Saarinen,27
1589,postimuseo.367DFB97-7E70-43E3-B0D7-28FF6BE10245,['/Cover/Show?source=Solr&id=postimuseo.367DFB97-7E70-43E3-B0D7-28FF6BE10245&index=0&size=large'],"[{'name': 'Saarinen, Eliel', 'role': 'suunnittelija', 'id': 'https://isni.org/isni/0000000108899346'}, {'name': 'Leimapaperikonttori', 'role': 'paino'}]","[['postimerkit'], ['Suomen vaakuna'], ['kansallissymbolit'], ['vaakuna leijona saarinen 1917 saarismalli'], ['käyttöaika 02.12.1921-31.12.1930']]",postimerkki; postimerkkiarkki; Malli 1917 Saarinen,,Eliel Saarinen,27
1590,postimuseo.36AC6260-2BD9-4A0F-9C89-18EFD6DE3DD8,['/Cover/Show?source=Solr&id=postimuseo.36AC6260-2BD9-4A0F-9C89-18EFD6DE3DD8&index=0&size=large'],"[{'name': 'Saarinen, Eliel', 'role': 'suunnittelija', 'id': 'https://isni.org/isni/0000000108899346'}, {'name': 'Leimapaperikonttori', 'role': 'paino'}]","[['postimerkit'], ['Suomen vaakuna'], ['kansallissymbolit'], ['vaakuna leijona saarinen 1917 saarismalli'], ['käyttöaika 25.10.1917-31.05.1920']]",postimerkki; postimerkkiarkki; Malli 1917 Saarinen,,Eliel Saarinen,27
1591,postimuseo.3B03615B-8C00-4072-A03D-ED1085CE684D,['/Cover/Show?source=Solr&id=postimuseo.3B03615B-8C00-4072-A03D-ED1085CE684D&index=0&size=large'],"[{'name': 'Saarinen, Eliel', 'role': 'tekijä', 'id': 'https://isni.org/isni/0000000108899346'}]","[['luonnokset'], ['postimerkkien valmistus'], ['vaakuna leijona saarinen 1917 saarismalli'], ['kansallissymbolit'], ['käyttöaika 01.10.1917-31.05.1920']]",vedos; postimerkin koepainama; Malli 1917 Saarinen,,Eliel Saarinen,27
1592,postimuseo.3E5A3F59-8332-4636-A7A8-D4B31BC04EB8,['/Cover/Show?source=Solr&id=postimuseo.3E5A3F59-8332-4636-A7A8-D4B31BC04EB8&index=0&size=large'],"[{'name': 'Saarinen, Eliel', 'role': 'tekijä', 'id': 'https://isni.org/isni/0000000108899346'}]","[['luonnokset'], ['postimerkkien valmistus'], ['vaakuna leijona saarinen 1917 saarismalli'], ['kansallissymbolit']]",vedos; postimerkin koepainama; Malli 1917 Saarinen,,Eliel Saarinen,27
1593,postimuseo.410A2B40-6E5C-450E-A152-769D0FDCDA5D,['/Cover/Show?source=Solr&id=postimuseo.410A2B40-6E5C-450E-A152-769D0FDCDA5D&index=0&size=large'],"[{'name': 'Suomen Pankin setelipaino', 'role': 'paino'}, {'name': 'Saarinen, Eliel', 'role': 'suunnittelija', 'id': 'https://isni.org/isni/0000000108899346'}]","[['postimerkit'], ['vaakuna leijona saarinen 1917 saarismalli'], ['käyttöaika 26.06.1921-31.12.1930']]",postimerkki; postimerkkiarkki; Malli 1917 Saarinen,,Eliel Saarinen,27
1594,postimuseo.43AD85E2-B112-4AAE-B9D6-5C6C5FCF5333,['/Cover/Show?source=Solr&id=postimuseo.43AD85E2-B112-4AAE-B9D6-5C6C5FCF5333&index=0&size=large'],"[{'name': 'Suomen Pankin setelipaino', 'role': 'paino'}, {'name': 'Saarinen, Eliel', 'role': 'suunnittelija', 'id': 'https://isni.org/isni/0000000108899346'}]","[['postimerkit'], ['Suomen vaakuna'], ['kansallissymbolit'], ['vaakuna leijona saarinen 1917 saarismalli'], ['käyttöaika 07.03.1921-31.12.1930']]",postimerkki; postimerkkiarkki; Malli 1917 Saarinen,,Eliel Saarinen,27
1595,postimuseo.4508318F-668E-4161-B25B-D30B73F2E120,['/Cover/Show?source=Solr&id=postimuseo.4508318F-668E-4161-B25B-D30B73F2E120&index=0&size=large'],"[{'name': 'Saarinen, Eliel', 'role': 'tekijä', 'id': 'https://isni.org/isni/0000000108899346'}]","[['luonnokset'], ['postimerkkien valmistus'], ['vaakuna leijona saarinen 1917 saarismalli'], ['kansallissymbolit'], ['käyttöaika 01.10.1917-31.05.1920']]",vedos; postimerkin koepainama; Malli 1917 Saarinen,,Eliel Saarinen,27
1596,postimuseo.474CB5B8-A7A1-432E-85C8-D6D60B2CECA7,['/Cover/Show?source=Solr&id=postimuseo.474CB5B8-A7A1-432E-85C8-D6D60B2CECA7&index=0&size=large'],"[{'name': 'Saarinen, Eliel', 'role': 'suunnittelija', 'id': 'https://isni.org/isni/0000000108899346'}, {'name': 'Leimapaperikonttori', 'role': 'paino'}]","[['postimerkit'], ['vaakuna leijona saarinen 1917 saarismalli'], ['käyttöaika 18.12.1917-31.07.1925']]",postimerkki; postimerkkiarkki; Malli 1917 Saarinen,,Eliel Saarinen,27
1597,postimuseo.484130A5-0FFF-4381-8CCC-3FA99A9FC23F,['/Cover/Show?source=Solr&id=postimuseo.484130A5-0FFF-4381-8CCC-3FA99A9FC23F&index=0&size=large'],"[{'name': 'Suomen Pankin setelipaino', 'role': 'paino'}, {'name': 'Saarinen, Eliel', 'role': 'suunnittelija', 'id': 'https://isni.org/isni/0000000108899346'}]","[['postimerkit'], ['Suomen vaakuna'], ['kansallissymbolit'], ['vaakuna leijona saarinen 1917 saarismalli'], ['käyttöaika 07.04.1926-31.12.1930']]",postimerkki; postimerkkiarkki; Malli 1917 Saarinen,,Eliel Saarinen,27
1598,postimuseo.488E5B8F-65B2-4EC6-9C5C-EB4D68CB5F1D,['/Cover/Show?source=Solr&id=postimuseo.488E5B8F-65B2-4EC6-9C5C-EB4D68CB5F1D&index=0&size=large'],"[{'name': 'Suomen Pankin setelipaino', 'role': 'paino'}, {'name': 'Saarinen, Eliel', 'role': 'suunnittelija', 'id': 'https://isni.org/isni/0000000108899346'}]","[['postimerkit'], ['Suomen vaakuna'], ['kansallissymbolit'], ['vaakuna leijona saarinen 1917 saarismalli'], ['käyttöaika 07.10.1925-31.12.1930']]",postimerkki; postimerkkiarkki; Malli 1917 Saarinen,,Eliel Saarinen,27
1599,postimuseo.496AAFA0-CF7E-45C8-AF9C-3291ED83C679,['/Cover/Show?source=Solr&id=postimuseo.496AAFA0-CF7E-45C8-AF9C-3291ED83C679&index=0&size=large'],"[{'name': 'Suomen Pankin setelipaino', 'role': 'paino'}, {'name': 'Saarinen, Eliel', 'role': 'suunnittelija', 'id': 'https://isni.org/isni/0000000108899346'}]","[['postimerkit'], ['Suomen vaakuna'], ['kansallissymbolit'], ['vaakuna leijona\xa0 saarinen 1917 saarismalli'], ['käyttöaika 13.09.1927-31.12.1930']]",postimerkki; postimerkkiarkki; Malli 1917 Saarinen,,Eliel Saarinen,27
1600,postimuseo.49AE4BD1-F4FF-46EC-9CBE-8898D9AFD864,['/Cover/Show?source=Solr&id=postimuseo.49AE4BD1-F4FF-46EC-9CBE-8898D9AFD864&index=0&size=large'],"[{'name': 'Suomen Pankin setelipaino', 'role': 'paino'}, {'name': 'Saarinen, Eliel', 'role': 'suunnittelija', 'id': 'https://isni.org/isni/0000000108899346'}]","[['postimerkit'], ['Suomen vaakuna'], ['kansallissymbolit'], ['vaakuna leijona saarinen 1917 saarismalli'], ['käyttöaika 06.10.1926-31.12.1930']]",postimerkki; postimerkkiarkki; Malli 1917 Saarinen,,Eliel Saarinen,27
1601,postimuseo.4A7798FE-4D69-4EBA-9B41-EB5857A02945,"['/Cover/Show?source=Solr&id=postimuseo.4A7798FE-4D69-4EBA-9B41-EB5857A02945&index=0&size=large', '/Cover/Show?source=Solr&id=postimuseo.4A7798FE-4D69-4EBA-9B41-EB5857A02945&index=1&size=large']","[{'name': 'Bruun, Erik', 'role': 'suunnittelija', 'id': 'https://isni.org/isni/0000000373925058'}, {'name': 'Suomen Pankin setelipaino', 'role': 'paino'}, {'name': 'Hammarsten Jansson, Signe', 'role': 'alkuperäisen kuvan tekijä', 'id': 'https://isni.org/isni/0000000052886369'}, {'name': 'Karjalainen, Aarne', 'role': 'alkuperäisen kuvan tekijä'}, {'name': 'Saarinen, Eliel', 'role': 'alkuperäisen kuvan tekijä', 'id': 'https://isni.org/isni/0000000108899346'}, {'name': 'Ekström, Torsten', 'role': 'suunnittelija'}]","[['postimerkit'], ['painotekniikka'], ['merkkipäivät'], ['seteli raha suunnittelu Friedrich Wanderer rahatalous painotekniikka setelipaino Suomen Pankki Eliel Saarinen Signe Hammarsten Jansson Aarne Karjalainen'], ['käyttöaika 18.05.1985-31.12.2011'], ['Suomi']]",postimerkki; postimerkkiarkki; 100 vuotta suomalaista setelipainatusta,,Eliel Saarinen,27
1602,postimuseo.4BCEB548-C9E5-47EE-B73E-DF150FD1CA4D,['/Cover/Show?source=Solr&id=postimuseo.4BCEB548-C9E5-47EE-B73E-DF150FD1CA4D&index=0&size=large'],"[{'name': 'Suomen Pankin setelipaino', 'role': 'paino'}, {'name': 'Saarinen, Eliel', 'role': 'suunnittelija', 'id': 'https://isni.org/isni/0000000108899346'}]","[['postimerkit'], ['Suomen vaakuna'], ['kansallissymbolit'], ['vaakuna leijona\xa0 saarinen 1917 saarismalli'], ['käyttöaika 20.11.1929-31.12.1930']]",postimerkki; postimerkkiarkki; Malli 1917 Saarinen,,Eliel Saarinen,27
1603,postimuseo.4EDF4986-4B82-442F-9A55-BDD8E6680076,['/Cover/Show?source=Solr&id=postimuseo.4EDF4986-4B82-442F-9A55-BDD8E6680076&index=0&size=large'],"[{'name': 'Saarinen, Eliel', 'role': 'tekijä', 'id': 'https://isni.org/isni/0000000108899346'}]","[['luonnokset'], ['postimerkkien valmistus'], ['vaakuna leijona saarinen 1917 saarismalli'], ['kansallissymbolit']]",vedos; postimerkin koepainama; Malli 1917 Saarinen,,Eliel Saarinen,27
1604,postimuseo.51AA9BEE-1978-41E2-A79A-B6E64AB224B2,['/Cover/Show?source=Solr&id=postimuseo.51AA9BEE-1978-41E2-A79A-B6E64AB224B2&index=0&size=large'],"[{'name': 'Suomen Pankin setelipaino', 'role': 'paino'}, {'name': 'Saarinen, Eliel', 'role': 'suunnittelija', 'id': 'https://isni.org/isni/0000000108899346'}]","[['postimerkit'], ['kansallissymbolit'], ['Suomen vaakuna'], ['vaakuna leijona\xa0 saarinen 1917 saarismalli'], ['käyttöaika 12.06.1925-31.12.1930']]",postimerkki; postimerkkiarkki; Malli 1917 Saarinen,,Eliel Saarinen,27
1605,postimuseo.521C08D2-0F4A-4A1F-9270-48D45D42EC12,['/Cover/Show?source=Solr&id=postimuseo.521C08D2-0F4A-4A1F-9270-48D45D42EC12&index=0&size=large'],"[{'name': 'Suomen Pankin setelipaino', 'role': 'paino'}, {'name': 'Saarinen, Eliel', 'role': 'suunnittelija', 'id': 'https://isni.org/isni/0000000108899346'}]","[['postimerkit'], ['vaakuna leijona saarinen 1917 saarismalli'], ['käyttöaika 06.07.1921-31.12.1930']]",postimerkki; postimerkkiarkki; Malli 1917 Saarinen,,Eliel Saarinen,27
1606,postimuseo.5C9588B3-C7B6-44E5-B5F9-C2FFEE21C88F,['/Cover/Show?source=Solr&id=postimuseo.5C9588B3-C7B6-44E5-B5F9-C2FFEE21C88F&index=0&size=large'],"[{'name': 'Saarinen, Eliel', 'role': 'suunnittelija', 'id': 'https://isni.org/isni/0000000108899346'}, {'name': 'Leimapaperikonttori', 'role': 'paino'}]","[['postimerkit'], ['Suomen vaakuna'], ['kansallissymbolit'], ['vaakuna leijona saarinen 1917 saarismalli'], ['käyttöaika 24.11.1917-31.05.1920']]",postimerkki; postimerkkiarkki; Malli 1917 Saarinen,,Eliel Saarinen,27
1607,postimuseo.5DC8597E-0739-414D-97B5-E5D6330B7AFD,['/Cover/Show?source=Solr&id=postimuseo.5DC8597E-0739-414D-97B5-E5D6330B7AFD&index=0&size=large'],"[{'name': 'Suomen Pankin setelipaino', 'role': 'paino'}, {'name': 'Saarinen, Eliel', 'role': 'suunnittelija', 'id': 'https://isni.org/isni/0000000108899346'}]","[['postimerkit'], ['Suomen vaakuna'], ['kansallissymbolit'], ['vaakuna leijona\xa0 saarinen 1917 saarismalli'], ['käyttöaika 22.06.1928-31.12.1930']]",postimerkki; postimerkkiarkki; Malli 1917 Saarinen,,Eliel Saarinen,27
1608,postimuseo.604933A2-E35F-4F02-989C-9168BAB227C4,['/Cover/Show?source=Solr&id=postimuseo.604933A2-E35F-4F02-989C-9168BAB227C4&index=0&size=large'],"[{'name': 'Saarinen, Eliel', 'role': 'suunnittelija', 'id': 'https://isni.org/isni/0000000108899346'}, {'name': 'Leimapaperikonttori', 'role': 'paino'}]","[['postimerkit'], ['Suomen vaakuna'], ['kansallissymbolit'], ['vaakuna leijona saarinen 1917 saarismalli'], ['käyttöaika 07.11.1922-31.12.1930']]",postimerkki; postimerkkiarkki; Malli 1917 Saarinen,,Eliel Saarinen,27
1609,postimuseo.60DA5359-CCC1-4279-9CDC-D075B147718E,['/Cover/Show?source=Solr&id=postimuseo.60DA5359-CCC1-4279-9CDC-D075B147718E&index=0&size=large'],"[{'name': 'Suomen Pankin setelipaino', 'role': 'paino'}, {'name': 'Saarinen, Eliel', 'role': 'suunnittelija', 'id': 'https://isni.org/isni/0000000108899346'}]","[['postimerkit'], ['Suomen vaakuna'], ['kansallissymbolit'], ['vaakuna leijona saarinen 1917 saarismalli'], ['käyttöaika 01.02.1929-31.12.1930']]",postimerkki; postimerkkiarkki; Malli 1917 Saarinen,,Eliel Saarinen,27
1610,postimuseo.61F03F2D-2832-490A-9B35-82C0C1B38063,['/Cover/Show?source=Solr&id=postimuseo.61F03F2D-2832-490A-9B35-82C0C1B38063&index=0&size=large'],"[{'name': 'Saarinen, Eliel', 'role': 'suunnittelija', 'id': 'https://isni.org/isni/0000000108899346'}, {'name': 'Leimapaperikonttori', 'role': 'paino'}]","[['postimerkit'], ['Suomen vaakuna'], ['kansallissymbolit'], ['vaakuna leijona saarinen 1917 saarismalli'], ['käyttöaika 23.12.1919-31.12.1930']]",postimerkki; postimerkkiarkki; Malli 1917 Saarinen,,Eliel Saarinen,27
1611,postimuseo.646710B0-6E37-492F-BE96-FC8E4A3CC09E,['/Cover/Show?source=Solr&id=postimuseo.646710B0-6E37-492F-BE96-FC8E4A3CC09E&index=0&size=large'],"[{'name': 'Saarinen, Eliel', 'role': 'suunnittelija', 'id': 'https://isni.org/isni/0000000108899346'}, {'name': 'Leimapaperikonttori', 'role': 'paino'}]","[['postimerkit'], ['Suomen vaakuna'], ['kansallissymbolit'], ['vaakuna leijona saarinen 1917 saarismalli'], ['käyttöaika 06.03.1921-31.07.1925']]",postimerkki; postimerkkiarkki; Malli 1917 Saarinen,,Eliel Saarinen,27
1612,postimuseo.663B31A4-9471-4139-A302-B2D900011681,['/Cover/Show?source=Solr&id=postimuseo.663B31A4-9471-4139-A302-B2D900011681&index=0&size=large'],"[{'name': 'Saarinen, Eliel', 'role': 'suunnittelija', 'id': 'https://isni.org/isni/0000000108899346'}, {'name': 'Leimapaperikonttori', 'role': 'paino'}]","[['postimerkit'], ['Suomen vaakuna'], ['kansallissymbolit'], ['vaakuna leijona saarinen 1917 saarismalli'], ['käyttöaika 22.04.1918-31.05.1920']]",postimerkki; postimerkkiarkki; Malli 1917 Saarinen,,Eliel Saarinen,27
1613,postimuseo.6657474A-4DC4-42E9-8C9B-EA2CEE257B40,['/Cover/Show?source=Solr&id=postimuseo.6657474A-4DC4-42E9-8C9B-EA2CEE257B40&index=0&size=large'],"[{'name': 'Suomen Pankin setelipaino', 'role': 'paino'}, {'name': 'Saarinen, Eliel', 'role': 'suunnittelija', 'id': 'https://isni.org/isni/0000000108899346'}]","[['postimerkit'], ['kansallissymbolit'], ['Suomen vaakuna'], ['vaakuna leijona\xa0 saarinen 1917 saarismalli'], ['käyttöaika 02.02.1928-31.12.1930']]",postimerkki; postimerkkiarkki; Malli 1917 Saarinen,,Eliel Saarinen,27
1614,postimuseo.6678BE41-BD52-4637-BFA5-2399620E7277,['/Cover/Show?source=Solr&id=postimuseo.6678BE41-BD52-4637-BFA5-2399620E7277&index=0&size=large'],"[{'name': 'Saarinen, Eliel', 'role': 'tekijä', 'id': 'https://isni.org/isni/0000000108899346'}]","[['luonnokset'], ['postimerkkien valmistus'], ['vaakuna leijona saarinen 1917 saarismalli'], ['kansallissymbolit'], ['käyttöaika 01.10.1917-31.05.1920']]",vedos; postimerkin koepainama; Malli 1917 Saarinen,,Eliel Saarinen,27
1615,postimuseo.66D11602-EC53-4885-8844-D466382571E7,['/Cover/Show?source=Solr&id=postimuseo.66D11602-EC53-4885-8844-D466382571E7&index=0&size=large'],"[{'name': 'Saarinen, Eliel', 'role': 'suunnittelija', 'id': 'https://isni.org/isni/0000000108899346'}, {'name': 'Leimapaperikonttori', 'role': 'paino'}]","[['postimerkit'], ['Suomen vaakuna'], ['kansallissymbolit'], ['vaakuna leijona saarinen 1917 saarismalli'], ['käyttöaika 07.03.1921-31.12.1930']]",postimerkki; postimerkkiarkki; Malli 1917 Saarinen,,Eliel Saarinen,27
1616,postimuseo.6B34B118-0AED-48D4-916D-2466BF06AF32,['/Cover/Show?source=Solr&id=postimuseo.6B34B118-0AED-48D4-916D-2466BF06AF32&index=0&size=large'],"[{'name': 'Saarinen, Eliel', 'role': 'suunnittelija', 'id': 'https://isni.org/isni/0000000108899346'}, {'name': 'Leimapaperikonttori', 'role': 'paino'}]","[['postimerkit'], ['Suomen vaakuna'], ['kansallissymbolit'], ['vaakuna leijona saarinen 1917 saarismalli'], ['käyttöaika 07.05.1920-31.07.1925']]",postimerkki; postimerkkiarkki; Malli 1917 Saarinen,,Eliel Saarinen,27
1617,postimuseo.6B696144-3B37-49BC-B9C1-D4BAF6F7F0A5,['/Cover/Show?source=Solr&id=postimuseo.6B696144-3B37-49BC-B9C1-D4BAF6F7F0A5&index=0&size=large'],"[{'name': 'Saarinen, Eliel', 'role': 'suunnittelija', 'id': 'https://isni.org/isni/0000000108899346'}, {'name': 'Leimapaperikonttori', 'role': 'paino'}]","[['postimerkit'], ['kansallissymbolit'], ['Suomen vaakuna'], ['vaakuna leijona saarinen 1917 saarismalli'], ['käyttöaika 18.12.1917-31.12.1930']]",postimerkki; postimerkkiarkki; Malli 1917 Saarinen,,Eliel Saarinen,27
1618,postimuseo.6ECF7C71-5766-42ED-80E0-EF816BCADCBB,['/Cover/Show?source=Solr&id=postimuseo.6ECF7C71-5766-42ED-80E0-EF816BCADCBB&index=0&size=large'],"[{'name': 'Saarinen, Eliel', 'role': 'suunnittelija', 'id': 'https://isni.org/isni/0000000108899346'}, {'name': 'Leimapaperikonttori', 'role': 'paino'}]","[['postimerkit'], ['kansallissymbolit'], ['Suomen vaakuna'], ['vaakuna leijona saarinen 1917 saarismalli'], ['käyttöaika 10.12.1919-31.07.1925']]",postimerkki; postimerkkiarkki; Malli 1917 Saarinen,,Eliel Saarinen,27
1619,postimuseo.7191FF62-A873-432D-8B58-72836BF9A2D3,['/Cover/Show?source=Solr&id=postimuseo.7191FF62-A873-432D-8B58-72836BF9A2D3&index=0&size=large'],"[{'name': 'Saarinen, Eliel', 'role': 'suunnittelija', 'id': 'https://isni.org/isni/0000000108899346'}, {'name': 'Leimapaperikonttori', 'role': 'paino'}]","[['postimerkit'], ['Suomen vaakuna'], ['kansallissymbolit'], ['vaakuna leijona saarinen 1917 saarismalli'], ['käyttöaika 09.12.1919-31.07.1925']]",postimerkki; postimerkkiarkki; Malli 1917 Saarinen,,Eliel Saarinen,27
1620,postimuseo.744C3B0A-6DCE-40E4-B373-B99576DAAF35,['/Cover/Show?source=Solr&id=postimuseo.744C3B0A-6DCE-40E4-B373-B99576DAAF35&index=0&size=large'],"[{'name': 'Suomen Pankin setelipaino', 'role': 'paino'}, {'name': 'Saarinen, Eliel', 'role': 'suunnittelija', 'id': 'https://isni.org/isni/0000000108899346'}]","[['postimerkit'], ['kansallissymbolit'], ['Suomen vaakuna'], ['käyttöaika 06.10.1925-31.12.1930']]",postimerkki; postimerkkiarkki; Malli 1917 Saarinen,,Eliel Saarinen,27
1621,postimuseo.795C91D5-4C0C-4E75-995C-168D7AC56862,['/Cover/Show?source=Solr&id=postimuseo.795C91D5-4C0C-4E75-995C-168D7AC56862&index=0&size=large'],"[{'name': 'Suomen Pankin setelipaino', 'role': 'paino'}, {'name': 'Saarinen, Eliel', 'role': 'suunnittelija', 'id': 'https://isni.org/isni/0000000108899346'}]","[['postimerkit'], ['käyttöaika 10.11.1928-18.11.1928']]",postimerkki; postimerkkiarkki; Postimerkkinäyttely 1928,,Eliel Saarinen,27
1622,postimuseo.7C93291F-4B07-4AC9-9556-145C9DD14297,['/Cover/Show?source=Solr&id=postimuseo.7C93291F-4B07-4AC9-9556-145C9DD14297&index=0&size=large'],"[{'name': 'Suomen Pankin setelipaino', 'role': 'paino'}, {'name': 'Saarinen, Eliel', 'role': 'suunnittelija', 'id': 'https://isni.org/isni/0000000108899346'}]","[['postimerkit'], ['Suomen vaakuna'], ['kansallissymbolit'], ['vaakuna leijona\xa0 saarinen 1917 saarismalli'], ['käyttöaika 01.05.1927-31.12.1930']]",postimerkki; postimerkkiarkki; Malli 1917 Saarinen,,Eliel Saarinen,27
1623,postimuseo.7DA54708-0084-4701-88CA-1775956F5B60,['/Cover/Show?source=Solr&id=postimuseo.7DA54708-0084-4701-88CA-1775956F5B60&index=0&size=large'],"[{'name': 'Saarinen, Eliel', 'role': 'suunnittelija', 'id': 'https://isni.org/isni/0000000108899346'}, {'name': 'Leimapaperikonttori', 'role': 'paino'}]","[['postimerkit'], ['vaakuna leijona saarinen 1917 saarismalli'], ['käyttöaika 26.06.1921-31.12.1930']]",postimerkki; postimerkkiarkki; Malli 1917 Saarinen,,Eliel Saarinen,27
1624,postimuseo.836FD749-03B9-4994-B075-2DFD0FF220A1,['/Cover/Show?source=Solr&id=postimuseo.836FD749-03B9-4994-B075-2DFD0FF220A1&index=0&size=large'],"[{'name': 'Saarinen, Eliel', 'role': 'suunnittelija', 'id': 'https://isni.org/isni/0000000108899346'}, {'name': 'Leimapaperikonttori', 'role': 'paino'}]","[['postimerkit'], ['Suomen vaakuna'], ['kansallissymbolit'], ['vaakuna leijona saarinen 1917 saarismalli'], ['käyttöaika 07.02.1921-31.12.1930']]",postimerkki; postimerkkiarkki; Malli 1917 Saarinen,,Eliel Saarinen,27
1625,postimuseo.8F2B3971-9DD7-4A89-931A-B491977D9647,['/Cover/Show?source=Solr&id=postimuseo.8F2B3971-9DD7-4A89-931A-B491977D9647&index=0&size=large'],"[{'name': 'Suomen Pankin setelipaino', 'role': 'paino'}, {'name': 'Saarinen, Eliel', 'role': 'suunnittelija', 'id': 'https://isni.org/isni/0000000108899346'}]","[['postimerkit'], ['Suomen vaakuna'], ['kansallissymbolit'], ['vaakuna leijona saarinen 1917 saarismalli'], ['käyttöaika 01.07.1924-31.12.1930']]",postimerkki; postimerkkiarkki; Malli 1917 Saarinen,,Eliel Saarinen,27
1626,postimuseo.933566A5-E791-4684-A2D6-BEE21AF7CA83,['/Cover/Show?source=Solr&id=postimuseo.933566A5-E791-4684-A2D6-BEE21AF7CA83&index=0&size=large'],"[{'name': 'Suomen Pankin setelipaino', 'role': 'paino'}, {'name': 'Saarinen, Eliel', 'role': 'suunnittelija', 'id': 'https://isni.org/isni/0000000108899346'}]","[['postimerkit'], ['Suomen vaakuna'], ['kansallissymbolit'], ['vaakuna leijona\xa0 saarinen 1917 saarismalli'], ['käyttöaika 21.12.1927-31.12.1930']]",postimerkki; postimerkkiarkki; Malli 1917 Saarinen,,Eliel Saarinen,27
1627,postimuseo.95CBC3EF-B55D-4DE6-88C8-B9D0D4B3DE9C,['/Cover/Show?source=Solr&id=postimuseo.95CBC3EF-B55D-4DE6-88C8-B9D0D4B3DE9C&index=0&size=large'],"[{'name': 'Suomen Pankin setelipaino', 'role': 'paino'}, {'name': 'Saarinen, Eliel', 'role': 'suunnittelija', 'id': 'https://isni.org/isni/0000000108899346'}]","[['postimerkit'], ['käyttöaika 10.11.1928-18.11.1928']]",postimerkki; postimerkkiarkki; Postimerkkinäyttely 1928,,Eliel Saarinen,27
1628,postimuseo.966B518B-06AF-4427-898F-CF88DE416343,['/Cover/Show?source=Solr&id=postimuseo.966B518B-06AF-4427-898F-CF88DE416343&index=0&size=large'],"[{'name': 'Saarinen, Eliel', 'role': 'suunnittelija', 'id': 'https://isni.org/isni/0000000108899346'}, {'name': 'Leimapaperikonttori', 'role': 'paino'}]","[['postimerkit'], ['vaakuna leijona saarinen 1917 saarismalli'], ['käyttöaika 09.02.1921-31.07.1925']]",postimerkki; postimerkkiarkki; Malli 1917 Saarinen,,Eliel Saarinen,27
1629,postimuseo.9770520A-103C-401D-A75B-048391EB7D2D,['/Cover/Show?source=Solr&id=postimuseo.9770520A-103C-401D-A75B-048391EB7D2D&index=0&size=large'],"[{'name': 'Suomen Pankin setelipaino', 'role': 'paino'}, {'name': 'Saarinen, Eliel', 'role': 'suunnittelija', 'id': 'https://isni.org/isni/0000000108899346'}]","[['postimerkit'], ['Suomen vaakuna'], ['kansallissymbolit'], ['vaakuna leijona\xa0 saarinen 1917 saarismalli'], ['käyttöaika 03.12.1929-31.12.1930']]",postimerkki; postimerkkiarkki; Malli 1917 Saarinen,,Eliel Saarinen,27
1630,postimuseo.9D1F31E4-D6C2-4CD4-B8E7-6B4232F44964,['/Cover/Show?source=Solr&id=postimuseo.9D1F31E4-D6C2-4CD4-B8E7-6B4232F44964&index=0&size=large'],"[{'name': 'Suomen Pankin setelipaino', 'role': 'paino'}, {'name': 'Saarinen, Eliel', 'role': 'suunnittelija', 'id': 'https://isni.org/isni/0000000108899346'}]","[['postimerkit'], ['kansallissymbolit'], ['Suomen vaakuna'], ['vaakuna leijona saarinen 1917 saarismalli'], ['käyttöaika 07.10.1925-31.12.1930']]",postimerkki; postimerkkiarkki; Malli 1917 Saarinen,,Eliel Saarinen,27
1631,postimuseo.9DD9C022-49E4-4C23-AD23-74CFCFB9E92B,['/Cover/Show?source=Solr&id=postimuseo.9DD9C022-49E4-4C23-AD23-74CFCFB9E92B&index=0&size=large'],"[{'name': 'Saarinen, Eliel', 'role': 'suunnittelija', 'id': 'https://isni.org/isni/0000000108899346'}, {'name': 'Leimapaperikonttori', 'role': 'paino'}]","[['postimerkit'], ['Suomen vaakuna'], ['kansallissymbolit'], ['vaakuna leijona saarinen 1917 saarismalli'], ['käyttöaika 10.02.1919-31.12.1930']]",postimerkki; postimerkkiarkki; Malli 1917 Saarinen,,Eliel Saarinen,27
1632,postimuseo.9F24A7E8-A900-4EA3-A640-83677920D8E6,['/Cover/Show?source=Solr&id=postimuseo.9F24A7E8-A900-4EA3-A640-83677920D8E6&index=0&size=large'],"[{'name': 'Saarinen, Eliel', 'role': 'tekijä', 'id': 'https://isni.org/isni/0000000108899346'}, {'name': 'Wahlroos, Uno', 'role': 'piirtäjä'}, {'name': 'Lindberg, Harald', 'role': 'tekijä'}]","[['luonnokset'], ['postimerkkien valmistus'], ['vaakuna leijona saarinen 1917 saarismalli'], ['kansallissymbolit'], ['käyttöaika 01.10.1917-31.05.1920']]",vedos; postimerkin koepainama; Malli 1917 Saarinen,,Eliel Saarinen,27
1633,postimuseo.A337A53C-7F86-447A-968B-5E1769D00FB2,['/Cover/Show?source=Solr&id=postimuseo.A337A53C-7F86-447A-968B-5E1769D00FB2&index=0&size=large'],"[{'name': 'Saarinen, Eliel', 'role': 'tekijä', 'id': 'https://isni.org/isni/0000000108899346'}]","[['luonnokset'], ['postimerkkien suunnittelu'], ['vaakuna leijona saarinen 1917 saarismalli'], ['kansallissymbolit']]","luonnos; postimerkin vaihtoehtoinen luonnos, kilpailutyö; Malli 1917 Saarinen",,Eliel Saarinen,27
1634,postimuseo.A90B9F32-80B3-485A-9BB3-4C28383BE10E,['/Cover/Show?source=Solr&id=postimuseo.A90B9F32-80B3-485A-9BB3-4C28383BE10E&index=0&size=large'],"[{'name': 'Saarinen, Eliel', 'role': 'suunnittelija', 'id': 'https://isni.org/isni/0000000108899346'}, {'name': 'Leimapaperikonttori', 'role': 'paino'}]","[['postimerkit'], ['kansallissymbolit'], ['Suomen vaakuna'], ['vaakuna leijona saarinen 1917 saarismalli'], ['käyttöaika 24.11.1917-31.12.1930']]",postimerkki; postimerkkiarkki; Malli 1917 Saarinen,,Eliel Saarinen,27
1635,postimuseo.AB01E0A3-6500-4F7C-823E-B54C2AC7661D,['/Cover/Show?source=Solr&id=postimuseo.AB01E0A3-6500-4F7C-823E-B54C2AC7661D&index=0&size=large'],"[{'name': 'Saarinen, Eliel', 'role': 'suunnittelija', 'id': 'https://isni.org/isni/0000000108899346'}, {'name': 'Leimapaperikonttori', 'role': 'paino'}]","[['postimerkit'], ['Suomen vaakuna'], ['kansallissymbolit'], ['vaakuna leijona saarinen 1917 saarismalli'], ['käyttöaika 01.10.1917-31.05.1920']]",postimerkki; postimerkkiarkki; Malli 1917 Saarinen,,Eliel Saarinen,27
1636,postimuseo.AF1939AF-4513-48A5-B8CD-3D4B0A7344B4,['/Cover/Show?source=Solr&id=postimuseo.AF1939AF-4513-48A5-B8CD-3D4B0A7344B4&index=0&size=large'],"[{'name': 'Saarinen, Eliel', 'role': 'tekijä', 'id': 'https://isni.org/isni/0000000108899346'}]","[['luonnokset'], ['postimerkkien suunnittelu'], ['vaakuna leijona saarinen 1917 saarismalli'], ['kansallissymbolit'], ['käyttöaika 01.10.1917-31.05.1920']]","luonnos; postimerkin luonnos, hyväksytty; Malli 1917 Saarinen",,Eliel Saarinen,27
1637,postimuseo.B1403E05-D6E8-4E50-8EFC-6E09EBD3F6FB,['/Cover/Show?source=Solr&id=postimuseo.B1403E05-D6E8-4E50-8EFC-6E09EBD3F6FB&index=0&size=large'],"[{'name': 'Suomen Pankin setelipaino', 'role': 'paino'}, {'name': 'Saarinen, Eliel', 'role': 'suunnittelija', 'id': 'https://isni.org/isni/0000000108899346'}]","[['postimerkit'], ['Suomen vaakuna'], ['kansallissymbolit'], ['vaakuna leijona\xa0 saarinen 1917 saarismalli'], ['käyttöaika 31.01.1926-31.12.1930']]",postimerkki; postimerkkiarkki; Malli 1917 Saarinen,,Eliel Saarinen,27
1638,postimuseo.B378244A-A140-44F5-BF06-B75D9DF7C0F9,['/Cover/Show?source=Solr&id=postimuseo.B378244A-A140-44F5-BF06-B75D9DF7C0F9&index=0&size=large'],"[{'name': 'Saarinen, Eliel', 'role': 'suunnittelija', 'id': 'https://isni.org/isni/0000000108899346'}, {'name': 'Leimapaperikonttori', 'role': 'paino'}]","[['postimerkit'], ['vaakuna leijona saarinen 1917 saarismalli'], ['käyttöaika 26.06.1921-31.12.1930']]",postimerkki; postimerkkiarkki; Malli 1917 Saarinen,,Eliel Saarinen,27
1639,postimuseo.B5328E03-91A1-4E8F-B04B-4A452A244726,['/Cover/Show?source=Solr&id=postimuseo.B5328E03-91A1-4E8F-B04B-4A452A244726&index=0&size=large'],"[{'name': 'Suomen Pankin setelipaino', 'role': 'paino'}, {'name': 'Saarinen, Eliel', 'role': 'suunnittelija', 'id': 'https://isni.org/isni/0000000108899346'}]","[['postimerkit'], ['kansallissymbolit'], ['Suomen vaakuna'], ['vaakuna leijona\xa0 saarinen 1917 saarismalli'], ['käyttöaika 01.05.1927-31.12.1930']]",postimerkki; postimerkkiarkki; Malli 1917 Saarinen,,Eliel Saarinen,27
1640,postimuseo.B99F2587-0CDA-4F92-8B8E-A5310346DF3B,['/Cover/Show?source=Solr&id=postimuseo.B99F2587-0CDA-4F92-8B8E-A5310346DF3B&index=0&size=large'],"[{'name': 'Suomen Pankin setelipaino', 'role': 'paino'}, {'name': 'Saarinen, Eliel', 'role': 'suunnittelija', 'id': 'https://isni.org/isni/0000000108899346'}]","[['postimerkit'], ['Suomen vaakuna'], ['kansallissymbolit'], ['vaakuna leijona\xa0 saarinen 1917 saarismalli'], ['käyttöaika 06.10.1925-31.12.1930']]",postimerkki; postimerkkiarkki; Malli 1917 Saarinen,,Eliel Saarinen,27
1641,postimuseo.C00D1A07-83DA-4F76-9187-7DD0D2337CF9,['/Cover/Show?source=Solr&id=postimuseo.C00D1A07-83DA-4F76-9187-7DD0D2337CF9&index=0&size=large'],"[{'name': 'Saarinen, Eliel', 'role': 'tekijä', 'id': 'https://isni.org/isni/0000000108899346'}]","[['luonnokset'], ['postimerkkien valmistus'], ['vaakuna leijona saarinen 1917 saarismalli'], ['kansallissymbolit'], ['käyttöaika 01.10.1917-31.05.1920']]",vedos; postimerkin mallivedos/värivedos; Malli 1917 Saarinen,,Eliel Saarinen,27
1642,postimuseo.C4329FF7-B2C5-4471-9575-0E529FECC7FF,['/Cover/Show?source=Solr&id=postimuseo.C4329FF7-B2C5-4471-9575-0E529FECC7FF&index=0&size=large'],"[{'name': 'Saarinen, Eliel', 'role': 'tekijä', 'id': 'https://isni.org/isni/0000000108899346'}]","[['luonnokset'], ['postimerkkien valmistus'], ['vaakuna leijona saarinen 1917 saarismalli'], ['kansallissymbolit'], ['käyttöaika 01.10.1917-31.05.1920']]",vedos; postimerkin koepainama; Malli 1917 Saarinen,,Eliel Saarinen,27
1643,postimuseo.C4521229-B958-41D8-A758-E2C0A0E92314,['/Cover/Show?source=Solr&id=postimuseo.C4521229-B958-41D8-A758-E2C0A0E92314&index=0&size=large'],"[{'name': 'Suomen Pankin setelipaino', 'role': 'paino'}, {'name': 'Saarinen, Eliel', 'role': 'suunnittelija', 'id': 'https://isni.org/isni/0000000108899346'}]","[['postimerkit'], ['Suomen vaakuna'], ['kansallissymbolit'], ['vaakuna leijona\xa0 saarinen 1917 saarismalli'], ['käyttöaika 06.11.1929-31.12.1930']]",postimerkki; postimerkkiarkki; Malli 1917 Saarinen,,Eliel Saarinen,27
1644,postimuseo.CE1A11C2-3560-440B-ACAE-9D75BBC45E0F,['/Cover/Show?source=Solr&id=postimuseo.CE1A11C2-3560-440B-ACAE-9D75BBC45E0F&index=0&size=large'],"[{'name': 'Suomen Pankin setelipaino', 'role': 'paino'}, {'name': 'Saarinen, Eliel', 'role': 'suunnittelija', 'id': 'https://isni.org/isni/0000000108899346'}]","[['postimerkit'], ['Suomen vaakuna'], ['kansallissymbolit'], ['vaakuna leijona\xa0 saarinen 1917 saarismalli'], ['käyttöaika 08.03.1928-31.12.1930']]",postimerkki; postimerkkiarkki; Malli 1917 Saarinen,,Eliel Saarinen,27
1645,postimuseo.D10DD2A1-1CCF-46D4-82DB-9CA8A1B0E3EE,['/Cover/Show?source=Solr&id=postimuseo.D10DD2A1-1CCF-46D4-82DB-9CA8A1B0E3EE&index=0&size=large'],"[{'name': 'Welp, Klaus', 'role': 'suunnittelija'}, {'name': 'Saarinen, Eliel', 'role': 'kuvan kohteen tekijä', 'id': 'https://isni.org/isni/0000000108899346'}, {'name': 'Wikström, Emil', 'role': 'kuvan kohteen tekijä'}, {'name': 'Joh. Enschedé', 'role': 'paino'}]","[['postimerkit'], ['arkkitehtuuri'], ['rautatieasemat'], ['kuvanveisto'], ['merkkipäivät'], ['rautatieasemat arkkitehtuuri rakennukset Eliel Saarinen Emil Wikström kuvanveisto'], ['käyttöaika 13.03.2019'], ['Suomi, Uusimaa, Helsinki, Kluuvi Helsinki, Helsingin rautatieasema']]",postimerkki; postimerkkiarkki; Helsingin rautatieasema 100 vuotta,,Eliel Saarinen,27
1646,postimuseo.D7E28667-6016-4A29-81E1-85A55A078639,['/Cover/Show?source=Solr&id=postimuseo.D7E28667-6016-4A29-81E1-85A55A078639&index=0&size=large'],"[{'name': 'Suomen Pankin setelipaino', 'role': 'paino'}, {'name': 'Saarinen, Eliel', 'role': 'suunnittelija', 'id': 'https://isni.org/isni/0000000108899346'}]","[['postimerkit'], ['kansallissymbolit'], ['Suomen vaakuna'], ['vaakuna leijona saarinen 1917 saarismalli'], ['käyttöaika 06.10.1925-31.12.1930']]",postimerkki; postimerkkiarkki; Malli 1917 Saarinen,,Eliel Saarinen,27
1647,postimuseo.D8195730-71FD-40CC-8581-E0F07C4996E9,['/Cover/Show?source=Solr&id=postimuseo.D8195730-71FD-40CC-8581-E0F07C4996E9&index=0&size=large'],"[{'name': 'Suomen Pankin setelipaino', 'role': 'paino'}, {'name': 'Saarinen, Eliel', 'role': 'suunnittelija', 'id': 'https://isni.org/isni/0000000108899346'}]","[['postimerkit'], ['Suomen vaakuna'], ['kansallissymbolit'], ['vaakuna leijona saarinen 1917 saarismalli'], ['käyttöaika 13.02.1925-31.12.1930']]",postimerkki; postimerkkiarkki; Malli 1917 Saarinen,,Eliel Saarinen,27
1648,postimuseo.D98B44F8-15D1-4A4D-AF4B-2531AF1D9467,['/Cover/Show?source=Solr&id=postimuseo.D98B44F8-15D1-4A4D-AF4B-2531AF1D9467&index=0&size=large'],"[{'name': 'Saarinen, Eliel', 'role': 'tekijä', 'id': 'https://isni.org/isni/0000000108899346'}]","[['luonnokset'], ['postimerkkien suunnittelu'], ['vaakuna leijona saarinen 1917 saarismalli'], ['kansallissymbolit'], ['käyttöaika 01.10.1917-31.05.1920']]",luonnos; hyväksytyt ensimmäiset koepainamat; postimerkin luonnos; Malli 1917 Saarinen,,Eliel Saarinen,27
1649,postimuseo.DA8F80CF-EA9C-4BD4-9383-513246654124,['/Cover/Show?source=Solr&id=postimuseo.DA8F80CF-EA9C-4BD4-9383-513246654124&index=0&size=large'],"[{'name': 'Suomen Pankin setelipaino', 'role': 'paino'}, {'name': 'Saarinen, Eliel', 'role': 'suunnittelija', 'id': 'https://isni.org/isni/0000000108899346'}]","[['postimerkit'], ['kansallissymbolit'], ['Suomen vaakuna'], ['vaakuna leijona\xa0 saarinen 1917 saarismalli'], ['käyttöaika 16.11.1929-31.12.1930']]",postimerkki; postimerkkiarkki; Malli 1917 Saarinen,,Eliel Saarinen,27
1650,postimuseo.DE03FCE0-3DAC-4BEF-8E96-55571A062E41,['/Cover/Show?source=Solr&id=postimuseo.DE03FCE0-3DAC-4BEF-8E96-55571A062E41&index=0&size=large'],"[{'name': 'Saarinen, Eliel', 'role': 'suunnittelija', 'id': 'https://isni.org/isni/0000000108899346'}, {'name': 'Leimapaperikonttori', 'role': 'paino'}]","[['postimerkit'], ['Suomen vaakuna'], ['kansallissymbolit'], ['vaakuna leijona saarinen 1917 saarismalli'], ['käyttöaika 07.03.1921-31.12.1930']]",postimerkki; postimerkkiarkki; Malli 1917 Saarinen,,Eliel Saarinen,27
1651,postimuseo.E0FDB3C3-64F2-437E-89CA-FB2073B6F3AD,['/Cover/Show?source=Solr&id=postimuseo.E0FDB3C3-64F2-437E-89CA-FB2073B6F3AD&index=0&size=large'],"[{'name': 'Suomen Pankin setelipaino', 'role': 'paino'}, {'name': 'Saarinen, Eliel', 'role': 'suunnittelija', 'id': 'https://isni.org/isni/0000000108899346'}]","[['postimerkit'], ['Suomen vaakuna'], ['kansallissymbolit'], ['vaakuna leijona saarinen 1917 saarismalli'], ['käyttöaika 01.06.1923-31.12.1930']]",postimerkki; postimerkkiarkki; Malli 1917 Saarinen,,Eliel Saarinen,27
1652,postimuseo.E3732251-D651-4E44-BC8C-83101EC2250E,['/Cover/Show?source=Solr&id=postimuseo.E3732251-D651-4E44-BC8C-83101EC2250E&index=0&size=large'],"[{'name': 'Saarinen, Eliel', 'role': 'suunnittelija', 'id': 'https://isni.org/isni/0000000108899346'}, {'name': 'Leimapaperikonttori', 'role': 'paino'}]","[['postimerkit'], ['Suomen vaakuna'], ['kansallissymbolit'], ['vaakuna leijona saarinen 1917 saarismalli'], ['käyttöaika 20.12.1917-31.12.1930']]",postimerkki; postimerkkiarkki; Malli 1917 Saarinen,,Eliel Saarinen,27
1653,postimuseo.E9F3551A-7C11-4969-9DF8-D71506B56666,['/Cover/Show?source=Solr&id=postimuseo.E9F3551A-7C11-4969-9DF8-D71506B56666&index=0&size=large'],"[{'name': 'Saarinen, Eliel', 'role': 'suunnittelija', 'id': 'https://isni.org/isni/0000000108899346'}, {'name': 'Leimapaperikonttori', 'role': 'paino'}]","[['postimerkit'], ['Suomen vaakuna'], ['kansallissymbolit'], ['vaakuna leijona saarinen 1917 saarismalli'], ['käyttöaika 15.10.1917-31.05.1920']]",postimerkki; postimerkkiarkki; Malli 1917 Saarinen,,Eliel Saarinen,27
1654,postimuseo.F18A72B8-4011-4CEB-8297-FEEDF3642977,['/Cover/Show?source=Solr&id=postimuseo.F18A72B8-4011-4CEB-8297-FEEDF3642977&index=0&size=large'],"[{'name': 'Suomen Pankin setelipaino', 'role': 'paino'}, {'name': 'Saarinen, Eliel', 'role': 'suunnittelija', 'id': 'https://isni.org/isni/0000000108899346'}]","[['postimerkit'], ['Suomen vaakuna'], ['kansallissymbolit'], ['vaakuna leijona\xa0 saarinen 1917 saarismalli'], ['käyttöaika 09.09.1929-31.12.1930']]",postimerkki; postimerkkiarkki; Malli 1917 Saarinen,,Eliel Saarinen,27
1655,postimuseo.F27712DA-EA22-4E32-BB9D-51C2DDF2EE97,['/Cover/Show?source=Solr&id=postimuseo.F27712DA-EA22-4E32-BB9D-51C2DDF2EE97&index=0&size=large'],"[{'name': 'Saarinen, Eliel', 'role': 'suunnittelija', 'id': 'https://isni.org/isni/0000000108899346'}, {'name': 'Leimapaperikonttori', 'role': 'paino'}]","[['postimerkit'], ['Suomen vaakuna'], ['kansallissymbolit'], ['vaakuna leijona saarinen 1917 saarismalli'], ['käyttöaika 31.03.1921-31.12.1930']]",postimerkki; postimerkkiarkki; Malli 1917 Saarinen,,Eliel Saarinen,27
1656,postimuseo.F3192E54-F537-450D-8197-06E2124D70AF,['/Cover/Show?source=Solr&id=postimuseo.F3192E54-F537-450D-8197-06E2124D70AF&index=0&size=large'],"[{'name': 'Saarinen, Eliel', 'role': 'tekijä', 'id': 'https://isni.org/isni/0000000108899346'}]","[['luonnokset'], ['postimerkkien valmistus'], ['vaakuna leijona saarinen 1917 saarismalli'], ['kansallissymbolit'], ['käyttöaika 01.10.1917-31.05.1920']]",vedos; postimerkin koepainama; Malli 1917 Saarinen,,Eliel Saarinen,27
1657,postimuseo.F5F02D77-7CBF-4AE2-8EC5-544733DB1AA3,['/Cover/Show?source=Solr&id=postimuseo.F5F02D77-7CBF-4AE2-8EC5-544733DB1AA3&index=0&size=large'],"[{'name': 'Suomen Pankin setelipaino', 'role': 'paino'}, {'name': 'Saarinen, Eliel', 'role': 'suunnittelija', 'id': 'https://isni.org/isni/0000000108899346'}]","[['postimerkit'], ['kansallissymbolit'], ['Suomen vaakuna'], ['vaakuna leijona\xa0 saarinen 1917 saarismalli'], ['käyttöaika 15.02.1928-31.12.1930']]",postimerkki; postimerkkiarkki; Malli 1917 Saarinen,,Eliel Saarinen,27
1658,postimuseo.F86F748D-983E-4F47-8908-A90D00B8DA2A,['/Cover/Show?source=Solr&id=postimuseo.F86F748D-983E-4F47-8908-A90D00B8DA2A&index=0&size=large'],"[{'name': 'Suomen Pankin setelipaino', 'role': 'paino'}, {'name': 'Saarinen, Eliel', 'role': 'suunnittelija', 'id': 'https://isni.org/isni/0000000108899346'}]","[['postimerkit'], ['Suomen vaakuna'], ['kansallissymbolit'], ['vaakuna leijona saarinen 1917 saarismalli'], ['käyttöaika 09.12.1926-31.12.1930']]",postimerkki; postimerkkiarkki; Malli 1917 Saarinen,,Eliel Saarinen,27
1659,postimuseo.FE49BC51-EB37-4BC7-B019-820136B04F71,['/Cover/Show?source=Solr&id=postimuseo.FE49BC51-EB37-4BC7-B019-820136B04F71&index=0&size=large'],"[{'name': 'Saarinen, Eliel', 'role': 'tekijä', 'id': 'https://isni.org/isni/0000000108899346'}]","[['luonnokset'], ['postimerkkien valmistus'], ['vaakuna leijona saarinen 1917 saarismalli'], ['kansallissymbolit'], ['käyttöaika 01.10.1917-31.05.1920']]","vedos; postimerkin mallivedos, ns. Bernin arkki; Malli 1917 Saarinen",,Eliel Saarinen,27
1660,srm.166901944222200,['/Cover/Show?source=Solr&id=srm.166901944222200&index=0&size=large'],"[{'name': 'Eliel Saarinen', 'role': 'suunnittelija'}]","[['huonekalut'], ['istuimet'], ['toimistokalusteet'], ['tuolit']]",istuin; tuoli,,Eliel Saarinen,27
1661,srm.166903323327000,"['/Cover/Show?source=Solr&id=srm.166903323327000&index=0&size=large', '/Cover/Show?source=Solr&id=srm.166903323327000&index=1&size=large', '/Cover/Show?source=Solr&id=srm.166903323327000&index=2&size=large']","[{'name': 'Eliel Saarinen', 'role': 'suunnittelija'}]","[['huonekalut'], ['istuimet'], ['tuolit']]",istuin; tuoli,,Eliel Saarinen,27
1662,srm.166903329663700,"['/Cover/Show?source=Solr&id=srm.166903329663700&index=0&size=large', '/Cover/Show?source=Solr&id=srm.166903329663700&index=1&size=large']","[{'name': 'Eliel Saarinen', 'role': 'suunnittelija'}]","[['asemaravintolat'], ['huonekalut'], ['istuimet'], ['rautatieasemat'], ['tuolit']]",asemaravintolan tuoli; istuin; tuoli,,Eliel Saarinen,27
1663,srm.166903331144400,"['/Cover/Show?source=Solr&id=srm.166903331144400&index=0&size=large', '/Cover/Show?source=Solr&id=srm.166903331144400&index=1&size=large']","[{'name': 'Eliel Saarinen', 'role': 'suunnittelija'}]","[['huonekalut'], ['istuimet'], ['tuolit']]",istuin; tuoli,,Eliel Saarinen,27
